node_id,atlas,parcel_id,parcel_name,hemisphere,major_structure,substructure,lobe,cortical_status,cortical_layer,cell_class,neuronal_class,excitatory_inhibitory,neurotransmitter,transcriptomic_class,marker_genes,functional_network,x,y,z,annotation_source,annotation_version,mapping_confidence,annotation_status,CIS,degree,weighted_degree,expected_CIS,residual,stouffer_z,p_one_sided,q_bh,subjects_with_nulls,CIS_rank,residual_rank,significant,in_degree,out_degree
0,atlas_4S456Parcels,0,LH_Vis_1,L,CORTEX,cortical parcel (visual network),NOT_AVAILABLE,CORTICAL,NOT_AVAILABLE,NOT_AVAILABLE,NOT_AVAILABLE,NOT_AVAILABLE,NOT_AVAILABLE,NOT_AVAILABLE,NOT_AVAILABLE,visual,NOT_AVAILABLE,NOT_AVAILABLE,NOT_AVAILABLE,atlas_4S456_system_labels.csv (+PROVENANCE); Yeo-7 prefixes on cortical labels,P2-v1.0.0,HIGH,MAPPED_HIGH_CONFIDENCE,-0.00031472656668295,47.0,18804.42682249844,-0.00026332707909433546,-5.688399542828058e-05,-inf,1.0,1.0,100,404.0,315.0,False,23.5,23.5
1,atlas_4S456Parcels,1,LH_Vis_2,L,CORTEX,cortical parcel (visual network),NOT_AVAILABLE,CORTICAL,NOT_AVAILABLE,NOT_AVAILABLE,NOT_AVAILABLE,NOT_AVAILABLE,NOT_AVAILABLE,NOT_AVAILABLE,NOT_AVAILABLE,visual,NOT_AVAILABLE,NOT_AVAILABLE,NOT_AVAILABLE,atlas_4S456_system_labels.csv (+PROVENANCE); Yeo-7 prefixes on cortical labels,P2-v1.0.0,HIGH,MAPPED_HIGH_CONFIDENCE,1.666605254668506e-05,64.5,19024.40493184328,-1.5169377821745403e-05,1.0583995643361394e-05,-inf,1.0,1.0,100,201.0,212.0,False,32.25,32.25
2,atlas_4S456Parcels,2,LH_Vis_3,L,CORTEX,cortical parcel (visual network),NOT_AVAILABLE,CORTICAL,NOT_AVAILABLE,NOT_AVAILABLE,NOT_AVAILABLE,NOT_AVAILABLE,NOT_AVAILABLE,NOT_AVAILABLE,NOT_AVAILABLE,visual,NOT_AVAILABLE,NOT_AVAILABLE,NOT_AVAILABLE,atlas_4S456_system_labels.csv (+PROVENANCE); Yeo-7 prefixes on cortical labels,P2-v1.0.0,HIGH,MAPPED_HIGH_CONFIDENCE,-0.0003832504795734,43.0,13285.719410337508,-0.00035021217215001974,-6.030937750780706e-05,-inf,1.0,1.0,100,419.0,319.0,False,21.5,21.5
3,atlas_4S456Parcels,3,LH_Vis_4,L,CORTEX,cortical parcel (visual network),NOT_AVAILABLE,CORTICAL,NOT_AVAILABLE,NOT_AVAILABLE,NOT_AVAILABLE,NOT_AVAILABLE,NOT_AVAILABLE,NOT_AVAILABLE,NOT_AVAILABLE,visual,NOT_AVAILABLE,NOT_AVAILABLE,NOT_AVAILABLE,atlas_4S456_system_labels.csv (+PROVENANCE); Yeo-7 prefixes on cortical labels,P2-v1.0.0,HIGH,MAPPED_HIGH_CONFIDENCE,-6.096363379039716e-06,66.0,17626.567936100066,-6.511494478875969e-06,-1.2498150233478152e-05,-inf,1.0,1.0,100,212.0,255.0,False,33.0,33.0
4,atlas_4S456Parcels,4,LH_Vis_5,L,CORTEX,cortical parcel (visual network),NOT_AVAILABLE,CORTICAL,NOT_AVAILABLE,NOT_AVAILABLE,NOT_AVAILABLE,NOT_AVAILABLE,NOT_AVAILABLE,NOT_AVAILABLE,NOT_AVAILABLE,visual,NOT_AVAILABLE,NOT_AVAILABLE,NOT_AVAILABLE,atlas_4S456_system_labels.csv (+PROVENANCE); Yeo-7 prefixes on cortical labels,P2-v1.0.0,HIGH,MAPPED_HIGH_CONFIDENCE,-9.758175954716603e-05,60.0,16817.721971746534,-0.00010196850215548139,-2.7858960165500036e-05,-inf,1.0,1.0,100,277.0,277.0,False,30.0,30.0
5,atlas_4S456Parcels,5,LH_Vis_6,L,CORTEX,cortical parcel (visual network),NOT_AVAILABLE,CORTICAL,NOT_AVAILABLE,NOT_AVAILABLE,NOT_AVAILABLE,NOT_AVAILABLE,NOT_AVAILABLE,NOT_AVAILABLE,NOT_AVAILABLE,visual,NOT_AVAILABLE,NOT_AVAILABLE,NOT_AVAILABLE,atlas_4S456_system_labels.csv (+PROVENANCE); Yeo-7 prefixes on cortical labels,P2-v1.0.0,HIGH,MAPPED_HIGH_CONFIDENCE,-0.00016141832065895,55.0,18949.27268230915,-0.0001653227087995588,-3.0380019123905053e-05,-inf,1.0,1.0,100,334.0,281.0,False,27.5,27.5
6,atlas_4S456Parcels,6,LH_Vis_7,L,CORTEX,cortical parcel (visual network),NOT_AVAILABLE,CORTICAL,NOT_AVAILABLE,NOT_AVAILABLE,NOT_AVAILABLE,NOT_AVAILABLE,NOT_AVAILABLE,NOT_AVAILABLE,NOT_AVAILABLE,visual,NOT_AVAILABLE,NOT_AVAILABLE,NOT_AVAILABLE,atlas_4S456_system_labels.csv (+PROVENANCE); Yeo-7 prefixes on cortical labels,P2-v1.0.0,HIGH,MAPPED_HIGH_CONFIDENCE,7.481439412511515e-05,66.0,10378.498891711237,8.530380097961624e-06,5.512767692481159e-05,-inf,1.0,1.0,100,165.0,132.0,False,33.0,33.0
7,atlas_4S456Parcels,7,LH_Vis_8,L,CORTEX,cortical parcel (visual network),NOT_AVAILABLE,CORTICAL,NOT_AVAILABLE,NOT_AVAILABLE,NOT_AVAILABLE,NOT_AVAILABLE,NOT_AVAILABLE,NOT_AVAILABLE,NOT_AVAILABLE,visual,NOT_AVAILABLE,NOT_AVAILABLE,NOT_AVAILABLE,atlas_4S456_system_labels.csv (+PROVENANCE); Yeo-7 prefixes on cortical labels,P2-v1.0.0,HIGH,MAPPED_HIGH_CONFIDENCE,-1.7511298203400506e-05,69.0,23263.174932725728,3.370126071765182e-05,-6.280292947941727e-05,-inf,1.0,1.0,100,226.0,323.0,False,34.5,34.5
8,atlas_4S456Parcels,8,LH_Vis_9,L,CORTEX,cortical parcel (visual network),NOT_AVAILABLE,CORTICAL,NOT_AVAILABLE,NOT_AVAILABLE,NOT_AVAILABLE,NOT_AVAILABLE,NOT_AVAILABLE,NOT_AVAILABLE,NOT_AVAILABLE,visual,NOT_AVAILABLE,NOT_AVAILABLE,NOT_AVAILABLE,atlas_4S456_system_labels.csv (+PROVENANCE); Yeo-7 prefixes on cortical labels,P2-v1.0.0,HIGH,MAPPED_HIGH_CONFIDENCE,-0.000107520181174,57.0,14210.362051732838,-0.00012258335679647117,9.657309288318438e-07,-inf,1.0,1.0,100,289.0,234.0,False,28.5,28.5
9,atlas_4S456Parcels,9,LH_Vis_10,L,CORTEX,cortical parcel (visual network),NOT_AVAILABLE,CORTICAL,NOT_AVAILABLE,NOT_AVAILABLE,NOT_AVAILABLE,NOT_AVAILABLE,NOT_AVAILABLE,NOT_AVAILABLE,NOT_AVAILABLE,visual,NOT_AVAILABLE,NOT_AVAILABLE,NOT_AVAILABLE,atlas_4S456_system_labels.csv (+PROVENANCE); Yeo-7 prefixes on cortical labels,P2-v1.0.0,HIGH,MAPPED_HIGH_CONFIDENCE,-0.00036379235018515,42.0,7415.079412855208,-0.00036589243172299377,-2.082045497305994e-05,-inf,1.0,1.0,100,412.0,271.0,False,21.0,21.0
10,atlas_4S456Parcels,10,LH_Vis_11,L,CORTEX,cortical parcel (visual network),NOT_AVAILABLE,CORTICAL,NOT_AVAILABLE,NOT_AVAILABLE,NOT_AVAILABLE,NOT_AVAILABLE,NOT_AVAILABLE,NOT_AVAILABLE,NOT_AVAILABLE,visual,NOT_AVAILABLE,NOT_AVAILABLE,NOT_AVAILABLE,atlas_4S456_system_labels.csv (+PROVENANCE); Yeo-7 prefixes on cortical labels,P2-v1.0.0,HIGH,MAPPED_HIGH_CONFIDENCE,-0.0001962420157351,49.0,8941.440070912242,-0.0002582119970646099,7.204537090151521e-06,-inf,1.0,1.0,100,353.0,221.0,False,24.5,24.5
11,atlas_4S456Parcels,11,LH_Vis_12,L,CORTEX,cortical parcel (visual network),NOT_AVAILABLE,CORTICAL,NOT_AVAILABLE,NOT_AVAILABLE,NOT_AVAILABLE,NOT_AVAILABLE,NOT_AVAILABLE,NOT_AVAILABLE,NOT_AVAILABLE,visual,NOT_AVAILABLE,NOT_AVAILABLE,NOT_AVAILABLE,atlas_4S456_system_labels.csv (+PROVENANCE); Yeo-7 prefixes on cortical labels,P2-v1.0.0,HIGH,MAPPED_HIGH_CONFIDENCE,-0.00011081082053124999,56.5,16244.953122325242,-0.0001358323849912586,-4.938608382356197e-06,-inf,1.0,1.0,100,295.0,244.0,False,28.25,28.25
12,atlas_4S456Parcels,12,LH_Vis_13,L,CORTEX,cortical parcel (visual network),NOT_AVAILABLE,CORTICAL,NOT_AVAILABLE,NOT_AVAILABLE,NOT_AVAILABLE,NOT_AVAILABLE,NOT_AVAILABLE,NOT_AVAILABLE,NOT_AVAILABLE,visual,NOT_AVAILABLE,NOT_AVAILABLE,NOT_AVAILABLE,atlas_4S456_system_labels.csv (+PROVENANCE); Yeo-7 prefixes on cortical labels,P2-v1.0.0,HIGH,MAPPED_HIGH_CONFIDENCE,-9.468139474044275e-05,56.0,7211.507292971015,-0.00012802408447408492,3.1746115285399585e-05,-inf,1.0,1.0,100,275.0,177.0,False,28.0,28.0
13,atlas_4S456Parcels,13,LH_Vis_14,L,CORTEX,cortical parcel (visual network),NOT_AVAILABLE,CORTICAL,NOT_AVAILABLE,NOT_AVAILABLE,NOT_AVAILABLE,NOT_AVAILABLE,NOT_AVAILABLE,NOT_AVAILABLE,NOT_AVAILABLE,visual,NOT_AVAILABLE,NOT_AVAILABLE,NOT_AVAILABLE,atlas_4S456_system_labels.csv (+PROVENANCE); Yeo-7 prefixes on cortical labels,P2-v1.0.0,HIGH,MAPPED_HIGH_CONFIDENCE,-0.00026504760614465,50.0,17921.561375007033,-0.00021568602521027986,-5.5023006003257365e-05,-inf,1.0,1.0,100,377.0,309.0,False,25.0,25.0
14,atlas_4S456Parcels,14,LH_Vis_15,L,CORTEX,cortical parcel (visual network),NOT_AVAILABLE,CORTICAL,NOT_AVAILABLE,NOT_AVAILABLE,NOT_AVAILABLE,NOT_AVAILABLE,NOT_AVAILABLE,NOT_AVAILABLE,NOT_AVAILABLE,visual,NOT_AVAILABLE,NOT_AVAILABLE,NOT_AVAILABLE,atlas_4S456_system_labels.csv (+PROVENANCE); Yeo-7 prefixes on cortical labels,P2-v1.0.0,HIGH,MAPPED_HIGH_CONFIDENCE,9.707635496504402e-05,71.0,14365.614257458597,4.709711126866934e-05,2.2335588865663434e-06,-inf,1.0,1.0,100,143.0,231.0,False,35.5,35.5
15,atlas_4S456Parcels,15,LH_Vis_16,L,CORTEX,cortical parcel (visual network),NOT_AVAILABLE,CORTICAL,NOT_AVAILABLE,NOT_AVAILABLE,NOT_AVAILABLE,NOT_AVAILABLE,NOT_AVAILABLE,NOT_AVAILABLE,NOT_AVAILABLE,visual,NOT_AVAILABLE,NOT_AVAILABLE,NOT_AVAILABLE,atlas_4S456_system_labels.csv (+PROVENANCE); Yeo-7 prefixes on cortical labels,P2-v1.0.0,HIGH,MAPPED_HIGH_CONFIDENCE,-0.00015697270453819998,53.0,6893.043721958995,-0.00017903820133645306,1.793073625709014e-05,-inf,1.0,1.0,100,331.0,197.0,False,26.5,26.5
16,atlas_4S456Parcels,16,LH_Vis_17,L,CORTEX,cortical parcel (visual network),NOT_AVAILABLE,CORTICAL,NOT_AVAILABLE,NOT_AVAILABLE,NOT_AVAILABLE,NOT_AVAILABLE,NOT_AVAILABLE,NOT_AVAILABLE,NOT_AVAILABLE,visual,NOT_AVAILABLE,NOT_AVAILABLE,NOT_AVAILABLE,atlas_4S456_system_labels.csv (+PROVENANCE); Yeo-7 prefixes on cortical labels,P2-v1.0.0,HIGH,MAPPED_HIGH_CONFIDENCE,-0.0001276297855175,62.0,18233.705882646147,-4.4349800498482556e-05,-9.165940231734438e-05,-inf,1.0,1.0,100,310.0,360.0,False,31.0,31.0
17,atlas_4S456Parcels,17,LH_Vis_18,L,CORTEX,cortical parcel (visual network),NOT_AVAILABLE,CORTICAL,NOT_AVAILABLE,NOT_AVAILABLE,NOT_AVAILABLE,NOT_AVAILABLE,NOT_AVAILABLE,NOT_AVAILABLE,NOT_AVAILABLE,visual,NOT_AVAILABLE,NOT_AVAILABLE,NOT_AVAILABLE,atlas_4S456_system_labels.csv (+PROVENANCE); Yeo-7 prefixes on cortical labels,P2-v1.0.0,HIGH,MAPPED_HIGH_CONFIDENCE,-3.5465285031380985e-05,60.0,12193.17648544535,-9.765161105611318e-05,-1.20288831574329e-06,-inf,1.0,1.0,100,233.0,240.0,False,30.0,30.0
18,atlas_4S456Parcels,18,LH_Vis_19,L,CORTEX,cortical parcel (visual network),NOT_AVAILABLE,CORTICAL,NOT_AVAILABLE,NOT_AVAILABLE,NOT_AVAILABLE,NOT_AVAILABLE,NOT_AVAILABLE,NOT_AVAILABLE,NOT_AVAILABLE,visual,NOT_AVAILABLE,NOT_AVAILABLE,NOT_AVAILABLE,atlas_4S456_system_labels.csv (+PROVENANCE); Yeo-7 prefixes on cortical labels,P2-v1.0.0,HIGH,MAPPED_HIGH_CONFIDENCE,7.583011017658044e-05,69.0,20495.110679246485,3.27435405622871e-05,-1.562772410465779e-05,-inf,1.0,1.0,100,163.0,259.0,False,34.5,34.5
19,atlas_4S456Parcels,19,LH_Vis_20,L,CORTEX,cortical parcel (visual network),NOT_AVAILABLE,CORTICAL,NOT_AVAILABLE,NOT_AVAILABLE,NOT_AVAILABLE,NOT_AVAILABLE,NOT_AVAILABLE,NOT_AVAILABLE,NOT_AVAILABLE,visual,NOT_AVAILABLE,NOT_AVAILABLE,NOT_AVAILABLE,atlas_4S456_system_labels.csv (+PROVENANCE); Yeo-7 prefixes on cortical labels,P2-v1.0.0,HIGH,MAPPED_HIGH_CONFIDENCE,-5.306636454297472e-06,63.0,7868.987698107958,-4.720621698900231e-05,3.0565344510878826e-05,-inf,1.0,1.0,100,210.0,184.0,False,31.5,31.5
20,atlas_4S456Parcels,20,LH_Vis_21,L,CORTEX,cortical parcel (visual network),NOT_AVAILABLE,CORTICAL,NOT_AVAILABLE,NOT_AVAILABLE,NOT_AVAILABLE,NOT_AVAILABLE,NOT_AVAILABLE,NOT_AVAILABLE,NOT_AVAILABLE,visual,NOT_AVAILABLE,NOT_AVAILABLE,NOT_AVAILABLE,atlas_4S456_system_labels.csv (+PROVENANCE); Yeo-7 prefixes on cortical labels,P2-v1.0.0,HIGH,MAPPED_HIGH_CONFIDENCE,-9.997680916727937e-05,57.0,12287.564198553562,-0.0001346492160463852,6.2179300870944575e-06,-inf,1.0,1.0,100,283.0,224.0,False,28.5,28.5
21,atlas_4S456Parcels,21,LH_Vis_22,L,CORTEX,cortical parcel (visual network),NOT_AVAILABLE,CORTICAL,NOT_AVAILABLE,NOT_AVAILABLE,NOT_AVAILABLE,NOT_AVAILABLE,NOT_AVAILABLE,NOT_AVAILABLE,NOT_AVAILABLE,visual,NOT_AVAILABLE,NOT_AVAILABLE,NOT_AVAILABLE,atlas_4S456_system_labels.csv (+PROVENANCE); Yeo-7 prefixes on cortical labels,P2-v1.0.0,HIGH,MAPPED_HIGH_CONFIDENCE,-0.0001364556341357,57.0,11116.374647218734,-0.00012635414309187002,-1.55522115850475e-05,-inf,1.0,1.0,100,316.0,258.0,False,28.5,28.5
22,atlas_4S456Parcels,22,LH_Vis_23,L,CORTEX,cortical parcel (visual network),NOT_AVAILABLE,CORTICAL,NOT_AVAILABLE,NOT_AVAILABLE,NOT_AVAILABLE,NOT_AVAILABLE,NOT_AVAILABLE,NOT_AVAILABLE,NOT_AVAILABLE,visual,NOT_AVAILABLE,NOT_AVAILABLE,NOT_AVAILABLE,atlas_4S456_system_labels.csv (+PROVENANCE); Yeo-7 prefixes on cortical labels,P2-v1.0.0,HIGH,MAPPED_HIGH_CONFIDENCE,-5.643529871032498e-05,66.0,20358.168372817338,3.8318898793299845e-06,-7.56439018504149e-05,-inf,1.0,1.0,100,251.0,338.0,False,33.0,33.0
23,atlas_4S456Parcels,23,LH_Vis_24,L,CORTEX,cortical parcel (visual network),NOT_AVAILABLE,CORTICAL,NOT_AVAILABLE,NOT_AVAILABLE,NOT_AVAILABLE,NOT_AVAILABLE,NOT_AVAILABLE,NOT_AVAILABLE,NOT_AVAILABLE,visual,NOT_AVAILABLE,NOT_AVAILABLE,NOT_AVAILABLE,atlas_4S456_system_labels.csv (+PROVENANCE); Yeo-7 prefixes on cortical labels,P2-v1.0.0,HIGH,MAPPED_HIGH_CONFIDENCE,0.0001766955897748,75.0,15992.420649699867,0.00011543593779648966,1.2291315971456026e-05,-inf,1.0,1.0,100,103.0,206.0,False,37.5,37.5
24,atlas_4S456Parcels,24,LH_Vis_25,L,CORTEX,cortical parcel (visual network),NOT_AVAILABLE,CORTICAL,NOT_AVAILABLE,NOT_AVAILABLE,NOT_AVAILABLE,NOT_AVAILABLE,NOT_AVAILABLE,NOT_AVAILABLE,NOT_AVAILABLE,visual,NOT_AVAILABLE,NOT_AVAILABLE,NOT_AVAILABLE,atlas_4S456_system_labels.csv (+PROVENANCE); Yeo-7 prefixes on cortical labels,P2-v1.0.0,HIGH,MAPPED_HIGH_CONFIDENCE,0.00011227489153775,69.0,19162.316017873585,3.49908369538556e-05,1.0663221361449518e-05,-inf,1.0,1.0,100,132.0,210.0,False,34.5,34.5
25,atlas_4S456Parcels,25,LH_Vis_26,L,CORTEX,cortical parcel (visual network),NOT_AVAILABLE,CORTICAL,NOT_AVAILABLE,NOT_AVAILABLE,NOT_AVAILABLE,NOT_AVAILABLE,NOT_AVAILABLE,NOT_AVAILABLE,NOT_AVAILABLE,visual,NOT_AVAILABLE,NOT_AVAILABLE,NOT_AVAILABLE,atlas_4S456_system_labels.csv (+PROVENANCE); Yeo-7 prefixes on cortical labels,P2-v1.0.0,HIGH,MAPPED_HIGH_CONFIDENCE,-2.066585056566226e-05,62.0,10388.158977232873,-6.439288302945543e-05,8.981431745189568e-06,-inf,1.0,1.0,100,228.0,217.0,False,31.0,31.0
26,atlas_4S456Parcels,26,LH_Vis_27,L,CORTEX,cortical parcel (visual network),NOT_AVAILABLE,CORTICAL,NOT_AVAILABLE,NOT_AVAILABLE,NOT_AVAILABLE,NOT_AVAILABLE,NOT_AVAILABLE,NOT_AVAILABLE,NOT_AVAILABLE,visual,NOT_AVAILABLE,NOT_AVAILABLE,NOT_AVAILABLE,atlas_4S456_system_labels.csv (+PROVENANCE); Yeo-7 prefixes on cortical labels,P2-v1.0.0,HIGH,MAPPED_HIGH_CONFIDENCE,9.964060692837899e-05,73.0,16605.30320480466,0.00010206756534374524,-8.642184878608966e-06,-inf,1.0,1.0,100,140.0,252.0,False,36.5,36.5
27,atlas_4S456Parcels,27,LH_Vis_28,L,CORTEX,cortical parcel (visual network),NOT_AVAILABLE,CORTICAL,NOT_AVAILABLE,NOT_AVAILABLE,NOT_AVAILABLE,NOT_AVAILABLE,NOT_AVAILABLE,NOT_AVAILABLE,NOT_AVAILABLE,visual,NOT_AVAILABLE,NOT_AVAILABLE,NOT_AVAILABLE,atlas_4S456_system_labels.csv (+PROVENANCE); Yeo-7 prefixes on cortical labels,P2-v1.0.0,HIGH,MAPPED_HIGH_CONFIDENCE,-0.0001146644084363,59.0,10593.080290652812,-9.093290236183578e-05,-3.3661596064193244e-05,-inf,1.0,1.0,100,300.0,290.0,False,29.5,29.5
28,atlas_4S456Parcels,28,LH_Vis_29,L,CORTEX,cortical parcel (visual network),NOT_AVAILABLE,CORTICAL,NOT_AVAILABLE,NOT_AVAILABLE,NOT_AVAILABLE,NOT_AVAILABLE,NOT_AVAILABLE,NOT_AVAILABLE,NOT_AVAILABLE,visual,NOT_AVAILABLE,NOT_AVAILABLE,NOT_AVAILABLE,atlas_4S456_system_labels.csv (+PROVENANCE); Yeo-7 prefixes on cortical labels,P2-v1.0.0,HIGH,MAPPED_HIGH_CONFIDENCE,0.00015066940938014998,73.0,13527.720317415893,0.0001000167669632073,1.4976663371126456e-05,-inf,1.0,1.0,100,117.0,201.0,False,36.5,36.5
29,atlas_4S456Parcels,29,LH_Vis_30,L,CORTEX,cortical parcel (visual network),NOT_AVAILABLE,CORTICAL,NOT_AVAILABLE,NOT_AVAILABLE,NOT_AVAILABLE,NOT_AVAILABLE,NOT_AVAILABLE,NOT_AVAILABLE,NOT_AVAILABLE,visual,NOT_AVAILABLE,NOT_AVAILABLE,NOT_AVAILABLE,atlas_4S456_system_labels.csv (+PROVENANCE); Yeo-7 prefixes on cortical labels,P2-v1.0.0,HIGH,MAPPED_HIGH_CONFIDENCE,0.0001985832682993,76.0,14178.587359718978,0.00013194170199366085,1.0639883926300648e-05,-inf,1.0,1.0,100,95.0,211.0,False,38.0,38.0
30,atlas_4S456Parcels,30,LH_Vis_31,L,CORTEX,cortical parcel (visual network),NOT_AVAILABLE,CORTICAL,NOT_AVAILABLE,NOT_AVAILABLE,NOT_AVAILABLE,NOT_AVAILABLE,NOT_AVAILABLE,NOT_AVAILABLE,NOT_AVAILABLE,visual,NOT_AVAILABLE,NOT_AVAILABLE,NOT_AVAILABLE,atlas_4S456_system_labels.csv (+PROVENANCE); Yeo-7 prefixes on cortical labels,P2-v1.0.0,HIGH,MAPPED_HIGH_CONFIDENCE,-1.1793740562112217e-05,62.0,10863.151627153158,-6.026778967647487e-05,4.162235436705464e-05,-inf,1.0,1.0,100,219.0,159.0,False,31.0,31.0
31,atlas_4S456Parcels,31,LH_SomMot_1,L,CORTEX,cortical parcel (somatomotor network),NOT_AVAILABLE,CORTICAL,NOT_AVAILABLE,NOT_AVAILABLE,NOT_AVAILABLE,NOT_AVAILABLE,NOT_AVAILABLE,NOT_AVAILABLE,NOT_AVAILABLE,somatomotor,NOT_AVAILABLE,NOT_AVAILABLE,NOT_AVAILABLE,atlas_4S456_system_labels.csv (+PROVENANCE); Yeo-7 prefixes on cortical labels,P2-v1.0.0,HIGH,MAPPED_HIGH_CONFIDENCE,0.0002901012242572,96.0,16913.79499516636,0.0004448680279995239,-0.00015932862901374385,-inf,1.0,1.0,100,64.0,441.0,False,48.0,48.0
32,atlas_4S456Parcels,32,LH_SomMot_2,L,CORTEX,cortical parcel (somatomotor network),NOT_AVAILABLE,CORTICAL,NOT_AVAILABLE,NOT_AVAILABLE,NOT_AVAILABLE,NOT_AVAILABLE,NOT_AVAILABLE,NOT_AVAILABLE,NOT_AVAILABLE,somatomotor,NOT_AVAILABLE,NOT_AVAILABLE,NOT_AVAILABLE,atlas_4S456_system_labels.csv (+PROVENANCE); Yeo-7 prefixes on cortical labels,P2-v1.0.0,HIGH,MAPPED_HIGH_CONFIDENCE,9.015146148553994e-05,79.0,19016.92319074273,0.00017856276177640742,-0.00010845346691238213,-inf,1.0,1.0,100,152.0,384.0,False,39.5,39.5
33,atlas_4S456Parcels,33,LH_SomMot_3,L,CORTEX,cortical parcel (somatomotor network),NOT_AVAILABLE,CORTICAL,NOT_AVAILABLE,NOT_AVAILABLE,NOT_AVAILABLE,NOT_AVAILABLE,NOT_AVAILABLE,NOT_AVAILABLE,NOT_AVAILABLE,somatomotor,NOT_AVAILABLE,NOT_AVAILABLE,NOT_AVAILABLE,atlas_4S456_system_labels.csv (+PROVENANCE); Yeo-7 prefixes on cortical labels,P2-v1.0.0,HIGH,MAPPED_HIGH_CONFIDENCE,-0.0001721545181671,59.0,8562.344942063093,-9.668670603147101e-05,-8.065357190093078e-05,-inf,1.0,1.0,100,341.0,343.0,False,29.5,29.5
34,atlas_4S456Parcels,34,LH_SomMot_4,L,CORTEX,cortical parcel (somatomotor network),NOT_AVAILABLE,CORTICAL,NOT_AVAILABLE,NOT_AVAILABLE,NOT_AVAILABLE,NOT_AVAILABLE,NOT_AVAILABLE,NOT_AVAILABLE,NOT_AVAILABLE,somatomotor,NOT_AVAILABLE,NOT_AVAILABLE,NOT_AVAILABLE,atlas_4S456_system_labels.csv (+PROVENANCE); Yeo-7 prefixes on cortical labels,P2-v1.0.0,HIGH,MAPPED_HIGH_CONFIDENCE,2.833609033105944e-05,79.0,15506.115802060813,0.00019574483301090418,-0.00012671650925301077,-inf,1.0,1.0,100,192.0,419.0,False,39.5,39.5
35,atlas_4S456Parcels,35,LH_SomMot_5,L,CORTEX,cortical parcel (somatomotor network),NOT_AVAILABLE,CORTICAL,NOT_AVAILABLE,NOT_AVAILABLE,NOT_AVAILABLE,NOT_AVAILABLE,NOT_AVAILABLE,NOT_AVAILABLE,NOT_AVAILABLE,somatomotor,NOT_AVAILABLE,NOT_AVAILABLE,NOT_AVAILABLE,atlas_4S456_system_labels.csv (+PROVENANCE); Yeo-7 prefixes on cortical labels,P2-v1.0.0,HIGH,MAPPED_HIGH_CONFIDENCE,-0.00026016665917455,53.0,11607.832937978208,-0.00017358067228961254,-9.972605434614267e-05,-inf,1.0,1.0,100,374.0,374.0,False,26.5,26.5
36,atlas_4S456Parcels,36,LH_SomMot_6,L,CORTEX,cortical parcel (somatomotor network),NOT_AVAILABLE,CORTICAL,NOT_AVAILABLE,NOT_AVAILABLE,NOT_AVAILABLE,NOT_AVAILABLE,NOT_AVAILABLE,NOT_AVAILABLE,NOT_AVAILABLE,somatomotor,NOT_AVAILABLE,NOT_AVAILABLE,NOT_AVAILABLE,atlas_4S456_system_labels.csv (+PROVENANCE); Yeo-7 prefixes on cortical labels,P2-v1.0.0,HIGH,MAPPED_HIGH_CONFIDENCE,-0.00016599860910769998,59.0,11601.295278817415,-9.464086798106978e-05,-7.332793766721724e-05,-inf,1.0,1.0,100,337.0,335.0,False,29.5,29.5
37,atlas_4S456Parcels,37,LH_SomMot_7,L,CORTEX,cortical parcel (somatomotor network),NOT_AVAILABLE,CORTICAL,NOT_AVAILABLE,NOT_AVAILABLE,NOT_AVAILABLE,NOT_AVAILABLE,NOT_AVAILABLE,NOT_AVAILABLE,NOT_AVAILABLE,somatomotor,NOT_AVAILABLE,NOT_AVAILABLE,NOT_AVAILABLE,atlas_4S456_system_labels.csv (+PROVENANCE); Yeo-7 prefixes on cortical labels,P2-v1.0.0,HIGH,MAPPED_HIGH_CONFIDENCE,-0.0002078921876711,56.0,11606.099070943892,-0.00014711212775427723,-8.200119889517347e-05,-inf,1.0,1.0,100,359.0,344.0,False,28.0,28.0
38,atlas_4S456Parcels,38,LH_SomMot_8,L,CORTEX,cortical parcel (somatomotor network),NOT_AVAILABLE,CORTICAL,NOT_AVAILABLE,NOT_AVAILABLE,NOT_AVAILABLE,NOT_AVAILABLE,NOT_AVAILABLE,NOT_AVAILABLE,NOT_AVAILABLE,somatomotor,NOT_AVAILABLE,NOT_AVAILABLE,NOT_AVAILABLE,atlas_4S456_system_labels.csv (+PROVENANCE); Yeo-7 prefixes on cortical labels,P2-v1.0.0,HIGH,MAPPED_HIGH_CONFIDENCE,-0.00033217820515005,51.5,9269.176671203226,-0.00020228741885257927,-0.00012438014093682685,-inf,1.0,1.0,100,406.0,414.0,False,25.75,25.75
39,atlas_4S456Parcels,39,LH_SomMot_9,L,CORTEX,cortical parcel (somatomotor network),NOT_AVAILABLE,CORTICAL,NOT_AVAILABLE,NOT_AVAILABLE,NOT_AVAILABLE,NOT_AVAILABLE,NOT_AVAILABLE,NOT_AVAILABLE,NOT_AVAILABLE,somatomotor,NOT_AVAILABLE,NOT_AVAILABLE,NOT_AVAILABLE,atlas_4S456_system_labels.csv (+PROVENANCE); Yeo-7 prefixes on cortical labels,P2-v1.0.0,HIGH,MAPPED_HIGH_CONFIDENCE,-0.00018227892281725,62.0,10907.37883463502,-6.391468105164291e-05,-0.00012431066820393726,-inf,1.0,1.0,100,350.0,413.0,False,31.0,31.0
40,atlas_4S456Parcels,40,LH_SomMot_10,L,CORTEX,cortical parcel (somatomotor network),NOT_AVAILABLE,CORTICAL,NOT_AVAILABLE,NOT_AVAILABLE,NOT_AVAILABLE,NOT_AVAILABLE,NOT_AVAILABLE,NOT_AVAILABLE,NOT_AVAILABLE,somatomotor,NOT_AVAILABLE,NOT_AVAILABLE,NOT_AVAILABLE,atlas_4S456_system_labels.csv (+PROVENANCE); Yeo-7 prefixes on cortical labels,P2-v1.0.0,HIGH,MAPPED_HIGH_CONFIDENCE,-0.00039583190955775,44.0,7756.616221413016,-0.0003209318262590812,-8.578667443357672e-05,-inf,1.0,1.0,100,424.0,351.0,False,22.0,22.0
41,atlas_4S456Parcels,41,LH_SomMot_11,L,CORTEX,cortical parcel (somatomotor network),NOT_AVAILABLE,CORTICAL,NOT_AVAILABLE,NOT_AVAILABLE,NOT_AVAILABLE,NOT_AVAILABLE,NOT_AVAILABLE,NOT_AVAILABLE,NOT_AVAILABLE,somatomotor,NOT_AVAILABLE,NOT_AVAILABLE,NOT_AVAILABLE,atlas_4S456_system_labels.csv (+PROVENANCE); Yeo-7 prefixes on cortical labels,P2-v1.0.0,HIGH,MAPPED_HIGH_CONFIDENCE,-0.0005251552852515,41.0,8170.217814676464,-0.0003671573976329981,-0.00014281592887074857,-inf,1.0,1.0,100,452.0,434.0,False,20.5,20.5
42,atlas_4S456Parcels,42,LH_SomMot_12,L,CORTEX,cortical parcel (somatomotor network),NOT_AVAILABLE,CORTICAL,NOT_AVAILABLE,NOT_AVAILABLE,NOT_AVAILABLE,NOT_AVAILABLE,NOT_AVAILABLE,NOT_AVAILABLE,NOT_AVAILABLE,somatomotor,NOT_AVAILABLE,NOT_AVAILABLE,NOT_AVAILABLE,atlas_4S456_system_labels.csv (+PROVENANCE); Yeo-7 prefixes on cortical labels,P2-v1.0.0,HIGH,MAPPED_HIGH_CONFIDENCE,-0.00014577330664125,61.5,10865.939723230898,-7.258585197476597e-05,-0.00010349936155472968,-inf,1.0,1.0,100,323.0,380.0,False,30.75,30.75
43,atlas_4S456Parcels,43,LH_SomMot_13,L,CORTEX,cortical parcel (somatomotor network),NOT_AVAILABLE,CORTICAL,NOT_AVAILABLE,NOT_AVAILABLE,NOT_AVAILABLE,NOT_AVAILABLE,NOT_AVAILABLE,NOT_AVAILABLE,NOT_AVAILABLE,somatomotor,NOT_AVAILABLE,NOT_AVAILABLE,NOT_AVAILABLE,atlas_4S456_system_labels.csv (+PROVENANCE); Yeo-7 prefixes on cortical labels,P2-v1.0.0,HIGH,MAPPED_HIGH_CONFIDENCE,-0.0004755416042647,41.0,7625.393573790789,-0.0003650463038623612,-0.00012302569009738692,-inf,1.0,1.0,100,444.0,409.0,False,20.5,20.5
44,atlas_4S456Parcels,44,LH_SomMot_14,L,CORTEX,cortical parcel (somatomotor network),NOT_AVAILABLE,CORTICAL,NOT_AVAILABLE,NOT_AVAILABLE,NOT_AVAILABLE,NOT_AVAILABLE,NOT_AVAILABLE,NOT_AVAILABLE,NOT_AVAILABLE,somatomotor,NOT_AVAILABLE,NOT_AVAILABLE,NOT_AVAILABLE,atlas_4S456_system_labels.csv (+PROVENANCE); Yeo-7 prefixes on cortical labels,P2-v1.0.0,HIGH,MAPPED_HIGH_CONFIDENCE,-0.00049212146512365,40.0,5672.238194189966,-0.00039079553936434967,-0.00011956498204188722,-inf,1.0,1.0,100,448.0,404.0,False,20.0,20.0
45,atlas_4S456Parcels,45,LH_SomMot_15,L,CORTEX,cortical parcel (somatomotor network),NOT_AVAILABLE,CORTICAL,NOT_AVAILABLE,NOT_AVAILABLE,NOT_AVAILABLE,NOT_AVAILABLE,NOT_AVAILABLE,NOT_AVAILABLE,NOT_AVAILABLE,somatomotor,NOT_AVAILABLE,NOT_AVAILABLE,NOT_AVAILABLE,atlas_4S456_system_labels.csv (+PROVENANCE); Yeo-7 prefixes on cortical labels,P2-v1.0.0,HIGH,MAPPED_HIGH_CONFIDENCE,-0.0004386125641399,45.0,8448.00316298008,-0.0003028210362391856,-0.00015299131342541995,-inf,1.0,1.0,100,441.0,438.0,False,22.5,22.5
46,atlas_4S456Parcels,46,LH_SomMot_16,L,CORTEX,cortical parcel (somatomotor network),NOT_AVAILABLE,CORTICAL,NOT_AVAILABLE,NOT_AVAILABLE,NOT_AVAILABLE,NOT_AVAILABLE,NOT_AVAILABLE,NOT_AVAILABLE,NOT_AVAILABLE,somatomotor,NOT_AVAILABLE,NOT_AVAILABLE,NOT_AVAILABLE,atlas_4S456_system_labels.csv (+PROVENANCE); Yeo-7 prefixes on cortical labels,P2-v1.0.0,HIGH,MAPPED_HIGH_CONFIDENCE,0.00016871056960805,74.0,16946.359823912382,9.069692490563438e-05,1.443398604731585e-06,-inf,1.0,1.0,100,109.0,233.0,False,37.0,37.0
47,atlas_4S456Parcels,47,LH_SomMot_17,L,CORTEX,cortical parcel (somatomotor network),NOT_AVAILABLE,CORTICAL,NOT_AVAILABLE,NOT_AVAILABLE,NOT_AVAILABLE,NOT_AVAILABLE,NOT_AVAILABLE,NOT_AVAILABLE,NOT_AVAILABLE,somatomotor,NOT_AVAILABLE,NOT_AVAILABLE,NOT_AVAILABLE,atlas_4S456_system_labels.csv (+PROVENANCE); Yeo-7 prefixes on cortical labels,P2-v1.0.0,HIGH,MAPPED_HIGH_CONFIDENCE,-0.0003997142613014,45.0,7636.034800939262,-0.0003002615867977583,-0.00010076501810889535,-inf,1.0,1.0,100,428.0,376.0,False,22.5,22.5
48,atlas_4S456Parcels,48,LH_SomMot_18,L,CORTEX,cortical parcel (somatomotor network),NOT_AVAILABLE,CORTICAL,NOT_AVAILABLE,NOT_AVAILABLE,NOT_AVAILABLE,NOT_AVAILABLE,NOT_AVAILABLE,NOT_AVAILABLE,NOT_AVAILABLE,somatomotor,NOT_AVAILABLE,NOT_AVAILABLE,NOT_AVAILABLE,atlas_4S456_system_labels.csv (+PROVENANCE); Yeo-7 prefixes on cortical labels,P2-v1.0.0,HIGH,MAPPED_HIGH_CONFIDENCE,0.00026120530503580004,79.0,17916.02617932856,0.0001976445737154405,7.552290507547045e-05,-inf,1.0,1.0,100,68.0,99.0,False,39.5,39.5
49,atlas_4S456Parcels,49,LH_SomMot_19,L,CORTEX,cortical parcel (somatomotor network),NOT_AVAILABLE,CORTICAL,NOT_AVAILABLE,NOT_AVAILABLE,NOT_AVAILABLE,NOT_AVAILABLE,NOT_AVAILABLE,NOT_AVAILABLE,NOT_AVAILABLE,somatomotor,NOT_AVAILABLE,NOT_AVAILABLE,NOT_AVAILABLE,atlas_4S456_system_labels.csv (+PROVENANCE); Yeo-7 prefixes on cortical labels,P2-v1.0.0,HIGH,MAPPED_HIGH_CONFIDENCE,-7.468701695523498e-05,57.0,10333.381473429501,-0.0001322409570579319,9.070288611721307e-06,-inf,1.0,1.0,100,260.0,216.0,False,28.5,28.5
50,atlas_4S456Parcels,50,LH_SomMot_20,L,CORTEX,cortical parcel (somatomotor network),NOT_AVAILABLE,CORTICAL,NOT_AVAILABLE,NOT_AVAILABLE,NOT_AVAILABLE,NOT_AVAILABLE,NOT_AVAILABLE,NOT_AVAILABLE,NOT_AVAILABLE,somatomotor,NOT_AVAILABLE,NOT_AVAILABLE,NOT_AVAILABLE,atlas_4S456_system_labels.csv (+PROVENANCE); Yeo-7 prefixes on cortical labels,P2-v1.0.0,HIGH,MAPPED_HIGH_CONFIDENCE,-0.0004313314409291,43.0,8397.415933333337,-0.00032377049537081796,-8.792201350831983e-05,-inf,1.0,1.0,100,434.0,355.0,False,21.5,21.5
51,atlas_4S456Parcels,51,LH_SomMot_21,L,CORTEX,cortical parcel (somatomotor network),NOT_AVAILABLE,CORTICAL,NOT_AVAILABLE,NOT_AVAILABLE,NOT_AVAILABLE,NOT_AVAILABLE,NOT_AVAILABLE,NOT_AVAILABLE,NOT_AVAILABLE,somatomotor,NOT_AVAILABLE,NOT_AVAILABLE,NOT_AVAILABLE,atlas_4S456_system_labels.csv (+PROVENANCE); Yeo-7 prefixes on cortical labels,P2-v1.0.0,HIGH,MAPPED_HIGH_CONFIDENCE,-0.0002669930531226,57.0,12742.576132848859,-0.00014695751441159245,-0.00013672541144068835,-inf,1.0,1.0,100,378.0,427.0,False,28.5,28.5
52,atlas_4S456Parcels,52,LH_SomMot_22,L,CORTEX,cortical parcel (somatomotor network),NOT_AVAILABLE,CORTICAL,NOT_AVAILABLE,NOT_AVAILABLE,NOT_AVAILABLE,NOT_AVAILABLE,NOT_AVAILABLE,NOT_AVAILABLE,NOT_AVAILABLE,somatomotor,NOT_AVAILABLE,NOT_AVAILABLE,NOT_AVAILABLE,atlas_4S456_system_labels.csv (+PROVENANCE); Yeo-7 prefixes on cortical labels,P2-v1.0.0,HIGH,MAPPED_HIGH_CONFIDENCE,-0.000477315414071,38.0,5190.2005373984575,-0.0004000006533921411,-5.5512585992324075e-05,-inf,1.0,1.0,100,446.0,313.0,False,19.0,19.0
53,atlas_4S456Parcels,53,LH_SomMot_23,L,CORTEX,cortical parcel (somatomotor network),NOT_AVAILABLE,CORTICAL,NOT_AVAILABLE,NOT_AVAILABLE,NOT_AVAILABLE,NOT_AVAILABLE,NOT_AVAILABLE,NOT_AVAILABLE,NOT_AVAILABLE,somatomotor,NOT_AVAILABLE,NOT_AVAILABLE,NOT_AVAILABLE,atlas_4S456_system_labels.csv (+PROVENANCE); Yeo-7 prefixes on cortical labels,P2-v1.0.0,HIGH,MAPPED_HIGH_CONFIDENCE,-0.0001642771114087,45.5,4670.453345507383,-0.0002735352151010546,0.00010817627046246257,-inf,1.0,1.0,100,336.0,56.0,False,22.75,22.75
54,atlas_4S456Parcels,54,LH_SomMot_24,L,CORTEX,cortical parcel (somatomotor network),NOT_AVAILABLE,CORTICAL,NOT_AVAILABLE,NOT_AVAILABLE,NOT_AVAILABLE,NOT_AVAILABLE,NOT_AVAILABLE,NOT_AVAILABLE,NOT_AVAILABLE,somatomotor,NOT_AVAILABLE,NOT_AVAILABLE,NOT_AVAILABLE,atlas_4S456_system_labels.csv (+PROVENANCE); Yeo-7 prefixes on cortical labels,P2-v1.0.0,HIGH,MAPPED_HIGH_CONFIDENCE,-6.746211786601069e-05,51.0,7301.29313531518,-0.00020794230009684074,0.00012772522806926,-inf,1.0,1.0,100,256.0,36.0,False,25.5,25.5
55,atlas_4S456Parcels,55,LH_SomMot_25,L,CORTEX,cortical parcel (somatomotor network),NOT_AVAILABLE,CORTICAL,NOT_AVAILABLE,NOT_AVAILABLE,NOT_AVAILABLE,NOT_AVAILABLE,NOT_AVAILABLE,NOT_AVAILABLE,NOT_AVAILABLE,somatomotor,NOT_AVAILABLE,NOT_AVAILABLE,NOT_AVAILABLE,atlas_4S456_system_labels.csv (+PROVENANCE); Yeo-7 prefixes on cortical labels,P2-v1.0.0,HIGH,MAPPED_HIGH_CONFIDENCE,0.00023819856676419998,74.0,11668.839962035418,0.00014866206694258286,0.00010838350072093703,-inf,1.0,1.0,100,78.0,54.0,False,37.0,37.0
56,atlas_4S456Parcels,56,LH_SomMot_26,L,CORTEX,cortical parcel (somatomotor network),NOT_AVAILABLE,CORTICAL,NOT_AVAILABLE,NOT_AVAILABLE,NOT_AVAILABLE,NOT_AVAILABLE,NOT_AVAILABLE,NOT_AVAILABLE,NOT_AVAILABLE,somatomotor,NOT_AVAILABLE,NOT_AVAILABLE,NOT_AVAILABLE,atlas_4S456_system_labels.csv (+PROVENANCE); Yeo-7 prefixes on cortical labels,P2-v1.0.0,HIGH,MAPPED_HIGH_CONFIDENCE,0.00029966302786925,87.0,26260.629185572267,0.0002832887661466916,-5.244482565337224e-06,-inf,1.0,1.0,100,63.0,245.0,False,43.5,43.5
57,atlas_4S456Parcels,57,LH_SomMot_27,L,CORTEX,cortical parcel (somatomotor network),NOT_AVAILABLE,CORTICAL,NOT_AVAILABLE,NOT_AVAILABLE,NOT_AVAILABLE,NOT_AVAILABLE,NOT_AVAILABLE,NOT_AVAILABLE,NOT_AVAILABLE,somatomotor,NOT_AVAILABLE,NOT_AVAILABLE,NOT_AVAILABLE,atlas_4S456_system_labels.csv (+PROVENANCE); Yeo-7 prefixes on cortical labels,P2-v1.0.0,HIGH,MAPPED_HIGH_CONFIDENCE,0.00024639509601620004,79.5,12450.005376838148,0.00019337085596677863,3.1403831162116804e-05,-inf,1.0,1.0,100,75.0,179.0,False,39.75,39.75
58,atlas_4S456Parcels,58,LH_SomMot_28,L,CORTEX,cortical parcel (somatomotor network),NOT_AVAILABLE,CORTICAL,NOT_AVAILABLE,NOT_AVAILABLE,NOT_AVAILABLE,NOT_AVAILABLE,NOT_AVAILABLE,NOT_AVAILABLE,NOT_AVAILABLE,somatomotor,NOT_AVAILABLE,NOT_AVAILABLE,NOT_AVAILABLE,atlas_4S456_system_labels.csv (+PROVENANCE); Yeo-7 prefixes on cortical labels,P2-v1.0.0,HIGH,MAPPED_HIGH_CONFIDENCE,-0.0001720764886206,57.0,10941.917332328856,-0.00011903457006428198,-3.3508532913222894e-05,-inf,1.0,1.0,100,340.0,289.0,False,28.5,28.5
59,atlas_4S456Parcels,59,LH_SomMot_29,L,CORTEX,cortical parcel (somatomotor network),NOT_AVAILABLE,CORTICAL,NOT_AVAILABLE,NOT_AVAILABLE,NOT_AVAILABLE,NOT_AVAILABLE,NOT_AVAILABLE,NOT_AVAILABLE,NOT_AVAILABLE,somatomotor,NOT_AVAILABLE,NOT_AVAILABLE,NOT_AVAILABLE,atlas_4S456_system_labels.csv (+PROVENANCE); Yeo-7 prefixes on cortical labels,P2-v1.0.0,HIGH,MAPPED_HIGH_CONFIDENCE,8.529039874143054e-05,72.0,11660.209466181695,4.5212892929194235e-05,-1.7346783373601345e-05,-inf,1.0,1.0,100,156.0,264.0,False,36.0,36.0
60,atlas_4S456Parcels,60,LH_SomMot_30,L,CORTEX,cortical parcel (somatomotor network),NOT_AVAILABLE,CORTICAL,NOT_AVAILABLE,NOT_AVAILABLE,NOT_AVAILABLE,NOT_AVAILABLE,NOT_AVAILABLE,NOT_AVAILABLE,NOT_AVAILABLE,somatomotor,NOT_AVAILABLE,NOT_AVAILABLE,NOT_AVAILABLE,atlas_4S456_system_labels.csv (+PROVENANCE); Yeo-7 prefixes on cortical labels,P2-v1.0.0,HIGH,MAPPED_HIGH_CONFIDENCE,0.0002486738615613,82.0,19947.42515438795,0.00023575202712555285,9.18946106544713e-06,-inf,1.0,1.0,100,73.0,214.0,False,41.0,41.0
61,atlas_4S456Parcels,61,LH_SomMot_31,L,CORTEX,cortical parcel (somatomotor network),NOT_AVAILABLE,CORTICAL,NOT_AVAILABLE,NOT_AVAILABLE,NOT_AVAILABLE,NOT_AVAILABLE,NOT_AVAILABLE,NOT_AVAILABLE,NOT_AVAILABLE,somatomotor,NOT_AVAILABLE,NOT_AVAILABLE,NOT_AVAILABLE,atlas_4S456_system_labels.csv (+PROVENANCE); Yeo-7 prefixes on cortical labels,P2-v1.0.0,HIGH,MAPPED_HIGH_CONFIDENCE,-0.0001103809806973,50.0,6726.640880800784,-0.0002435445585824159,8.282040301886178e-05,-inf,1.0,1.0,100,294.0,90.0,False,25.0,25.0
62,atlas_4S456Parcels,62,LH_SomMot_32,L,CORTEX,cortical parcel (somatomotor network),NOT_AVAILABLE,CORTICAL,NOT_AVAILABLE,NOT_AVAILABLE,NOT_AVAILABLE,NOT_AVAILABLE,NOT_AVAILABLE,NOT_AVAILABLE,NOT_AVAILABLE,somatomotor,NOT_AVAILABLE,NOT_AVAILABLE,NOT_AVAILABLE,atlas_4S456_system_labels.csv (+PROVENANCE); Yeo-7 prefixes on cortical labels,P2-v1.0.0,HIGH,MAPPED_HIGH_CONFIDENCE,0.0001418919012191,66.0,8277.405636757612,1.4237060390900295e-05,0.00011737076927069721,-inf,1.0,1.0,100,122.0,44.0,False,33.0,33.0
63,atlas_4S456Parcels,63,LH_SomMot_33,L,CORTEX,cortical parcel (somatomotor network),NOT_AVAILABLE,CORTICAL,NOT_AVAILABLE,NOT_AVAILABLE,NOT_AVAILABLE,NOT_AVAILABLE,NOT_AVAILABLE,NOT_AVAILABLE,NOT_AVAILABLE,somatomotor,NOT_AVAILABLE,NOT_AVAILABLE,NOT_AVAILABLE,atlas_4S456_system_labels.csv (+PROVENANCE); Yeo-7 prefixes on cortical labels,P2-v1.0.0,HIGH,MAPPED_HIGH_CONFIDENCE,0.0005133431849139,94.0,20013.47800052166,0.00043008488778925824,0.00013587263674424022,-inf,1.0,1.0,100,28.0,31.0,False,47.0,47.0
64,atlas_4S456Parcels,64,LH_SomMot_34,L,CORTEX,cortical parcel (somatomotor network),NOT_AVAILABLE,CORTICAL,NOT_AVAILABLE,NOT_AVAILABLE,NOT_AVAILABLE,NOT_AVAILABLE,NOT_AVAILABLE,NOT_AVAILABLE,NOT_AVAILABLE,somatomotor,NOT_AVAILABLE,NOT_AVAILABLE,NOT_AVAILABLE,atlas_4S456_system_labels.csv (+PROVENANCE); Yeo-7 prefixes on cortical labels,P2-v1.0.0,HIGH,MAPPED_HIGH_CONFIDENCE,0.0001908172067805,74.0,12595.669455744326,0.00011719048772826544,5.0357873650058716e-05,-inf,1.0,1.0,100,98.0,142.0,False,37.0,37.0
65,atlas_4S456Parcels,65,LH_SomMot_35,L,CORTEX,cortical parcel (somatomotor network),NOT_AVAILABLE,CORTICAL,NOT_AVAILABLE,NOT_AVAILABLE,NOT_AVAILABLE,NOT_AVAILABLE,NOT_AVAILABLE,NOT_AVAILABLE,NOT_AVAILABLE,somatomotor,NOT_AVAILABLE,NOT_AVAILABLE,NOT_AVAILABLE,atlas_4S456_system_labels.csv (+PROVENANCE); Yeo-7 prefixes on cortical labels,P2-v1.0.0,HIGH,MAPPED_HIGH_CONFIDENCE,0.0001680294564948,73.0,9878.863583050668,0.00011203919553051572,8.526529946282729e-05,-inf,1.0,1.0,100,110.0,82.0,False,36.5,36.5
66,atlas_4S456Parcels,66,LH_SomMot_36,L,CORTEX,cortical parcel (somatomotor network),NOT_AVAILABLE,CORTICAL,NOT_AVAILABLE,NOT_AVAILABLE,NOT_AVAILABLE,NOT_AVAILABLE,NOT_AVAILABLE,NOT_AVAILABLE,NOT_AVAILABLE,somatomotor,NOT_AVAILABLE,NOT_AVAILABLE,NOT_AVAILABLE,atlas_4S456_system_labels.csv (+PROVENANCE); Yeo-7 prefixes on cortical labels,P2-v1.0.0,HIGH,MAPPED_HIGH_CONFIDENCE,9.56997682020304e-05,64.0,6551.669717721641,-3.7425446266664086e-05,0.00010124820169056309,-inf,1.0,1.0,100,144.0,65.0,False,32.0,32.0
67,atlas_4S456Parcels,67,LH_SomMot_37,L,CORTEX,cortical parcel (somatomotor network),NOT_AVAILABLE,CORTICAL,NOT_AVAILABLE,NOT_AVAILABLE,NOT_AVAILABLE,NOT_AVAILABLE,NOT_AVAILABLE,NOT_AVAILABLE,NOT_AVAILABLE,somatomotor,NOT_AVAILABLE,NOT_AVAILABLE,NOT_AVAILABLE,atlas_4S456_system_labels.csv (+PROVENANCE); Yeo-7 prefixes on cortical labels,P2-v1.0.0,HIGH,MAPPED_HIGH_CONFIDENCE,-3.3773133521929214e-05,54.0,7342.940955244005,-0.00017089643099779325,0.00010616505381469432,-inf,1.0,1.0,100,232.0,57.0,False,27.0,27.0
68,atlas_4S456Parcels,68,LH_DorsAttn_Post_1,L,CORTEX,cortical parcel (dorsal attention network),NOT_AVAILABLE,CORTICAL,NOT_AVAILABLE,NOT_AVAILABLE,NOT_AVAILABLE,NOT_AVAILABLE,NOT_AVAILABLE,NOT_AVAILABLE,NOT_AVAILABLE,dorsal attention,NOT_AVAILABLE,NOT_AVAILABLE,NOT_AVAILABLE,atlas_4S456_system_labels.csv (+PROVENANCE); Yeo-7 prefixes on cortical labels,P2-v1.0.0,HIGH,MAPPED_HIGH_CONFIDENCE,-0.0001739453074512,56.0,19867.556013364345,-0.00013449632042410357,-5.525920792093247e-05,-inf,1.0,1.0,100,344.0,312.0,False,28.0,28.0
69,atlas_4S456Parcels,69,LH_DorsAttn_Post_2,L,CORTEX,cortical parcel (dorsal attention network),NOT_AVAILABLE,CORTICAL,NOT_AVAILABLE,NOT_AVAILABLE,NOT_AVAILABLE,NOT_AVAILABLE,NOT_AVAILABLE,NOT_AVAILABLE,NOT_AVAILABLE,dorsal attention,NOT_AVAILABLE,NOT_AVAILABLE,NOT_AVAILABLE,atlas_4S456_system_labels.csv (+PROVENANCE); Yeo-7 prefixes on cortical labels,P2-v1.0.0,HIGH,MAPPED_HIGH_CONFIDENCE,8.078007214291294e-05,75.0,24125.237424001098,0.00011367039329523065,-6.920676980059735e-05,-inf,1.0,1.0,100,160.0,330.0,False,37.5,37.5
70,atlas_4S456Parcels,70,LH_DorsAttn_Post_3,L,CORTEX,cortical parcel (dorsal attention network),NOT_AVAILABLE,CORTICAL,NOT_AVAILABLE,NOT_AVAILABLE,NOT_AVAILABLE,NOT_AVAILABLE,NOT_AVAILABLE,NOT_AVAILABLE,NOT_AVAILABLE,dorsal attention,NOT_AVAILABLE,NOT_AVAILABLE,NOT_AVAILABLE,atlas_4S456_system_labels.csv (+PROVENANCE); Yeo-7 prefixes on cortical labels,P2-v1.0.0,HIGH,MAPPED_HIGH_CONFIDENCE,-4.626354358638764e-05,71.0,20126.34581465274,7.798506383485418e-05,-0.00011834521785244475,-inf,1.0,1.0,100,245.0,400.0,False,35.5,35.5
71,atlas_4S456Parcels,71,LH_DorsAttn_Post_4,L,CORTEX,cortical parcel (dorsal attention network),NOT_AVAILABLE,CORTICAL,NOT_AVAILABLE,NOT_AVAILABLE,NOT_AVAILABLE,NOT_AVAILABLE,NOT_AVAILABLE,NOT_AVAILABLE,NOT_AVAILABLE,dorsal attention,NOT_AVAILABLE,NOT_AVAILABLE,NOT_AVAILABLE,atlas_4S456_system_labels.csv (+PROVENANCE); Yeo-7 prefixes on cortical labels,P2-v1.0.0,HIGH,MAPPED_HIGH_CONFIDENCE,-0.00018516312686145,62.0,15084.277029335499,-4.8650609686400395e-05,-0.00012870652584055867,-inf,1.0,1.0,100,351.0,420.0,False,31.0,31.0
72,atlas_4S456Parcels,72,LH_DorsAttn_Post_5,L,CORTEX,cortical parcel (dorsal attention network),NOT_AVAILABLE,CORTICAL,NOT_AVAILABLE,NOT_AVAILABLE,NOT_AVAILABLE,NOT_AVAILABLE,NOT_AVAILABLE,NOT_AVAILABLE,NOT_AVAILABLE,dorsal attention,NOT_AVAILABLE,NOT_AVAILABLE,NOT_AVAILABLE,atlas_4S456_system_labels.csv (+PROVENANCE); Yeo-7 prefixes on cortical labels,P2-v1.0.0,HIGH,MAPPED_HIGH_CONFIDENCE,-0.00045689306257720003,32.0,5751.475687123835,-0.0004907302581328136,1.4501397881200306e-05,-inf,1.0,1.0,100,442.0,202.0,False,16.0,16.0
73,atlas_4S456Parcels,73,LH_DorsAttn_Post_6,L,CORTEX,cortical parcel (dorsal attention network),NOT_AVAILABLE,CORTICAL,NOT_AVAILABLE,NOT_AVAILABLE,NOT_AVAILABLE,NOT_AVAILABLE,NOT_AVAILABLE,NOT_AVAILABLE,NOT_AVAILABLE,dorsal attention,NOT_AVAILABLE,NOT_AVAILABLE,NOT_AVAILABLE,atlas_4S456_system_labels.csv (+PROVENANCE); Yeo-7 prefixes on cortical labels,P2-v1.0.0,HIGH,MAPPED_HIGH_CONFIDENCE,-0.00026145410258705,55.0,9852.685536563396,-0.00014000061480771167,-0.00010900326750425409,-inf,1.0,1.0,100,376.0,386.0,False,27.5,27.5
74,atlas_4S456Parcels,74,LH_DorsAttn_Post_7,L,CORTEX,cortical parcel (dorsal attention network),NOT_AVAILABLE,CORTICAL,NOT_AVAILABLE,NOT_AVAILABLE,NOT_AVAILABLE,NOT_AVAILABLE,NOT_AVAILABLE,NOT_AVAILABLE,NOT_AVAILABLE,dorsal attention,NOT_AVAILABLE,NOT_AVAILABLE,NOT_AVAILABLE,atlas_4S456_system_labels.csv (+PROVENANCE); Yeo-7 prefixes on cortical labels,P2-v1.0.0,HIGH,MAPPED_HIGH_CONFIDENCE,-8.012721337062588e-05,55.0,10694.07580639422,-0.00015022897674654413,5.324229972484449e-05,-inf,1.0,1.0,100,262.0,135.0,False,27.5,27.5
75,atlas_4S456Parcels,75,LH_DorsAttn_Post_8,L,CORTEX,cortical parcel (dorsal attention network),NOT_AVAILABLE,CORTICAL,NOT_AVAILABLE,NOT_AVAILABLE,NOT_AVAILABLE,NOT_AVAILABLE,NOT_AVAILABLE,NOT_AVAILABLE,NOT_AVAILABLE,dorsal attention,NOT_AVAILABLE,NOT_AVAILABLE,NOT_AVAILABLE,atlas_4S456_system_labels.csv (+PROVENANCE); Yeo-7 prefixes on cortical labels,P2-v1.0.0,HIGH,MAPPED_HIGH_CONFIDENCE,-0.000475394518395,44.0,7026.089557863772,-0.00031184375740034813,-0.00017074615841985937,-inf,1.0,1.0,100,443.0,444.0,False,22.0,22.0
76,atlas_4S456Parcels,76,LH_DorsAttn_Post_9,L,CORTEX,cortical parcel (dorsal attention network),NOT_AVAILABLE,CORTICAL,NOT_AVAILABLE,NOT_AVAILABLE,NOT_AVAILABLE,NOT_AVAILABLE,NOT_AVAILABLE,NOT_AVAILABLE,NOT_AVAILABLE,dorsal attention,NOT_AVAILABLE,NOT_AVAILABLE,NOT_AVAILABLE,atlas_4S456_system_labels.csv (+PROVENANCE); Yeo-7 prefixes on cortical labels,P2-v1.0.0,HIGH,MAPPED_HIGH_CONFIDENCE,-0.00038679013896475,46.0,15525.379840888083,-0.00027546684515026236,-0.00011917929337096225,-inf,1.0,1.0,100,421.0,402.0,False,23.0,23.0
77,atlas_4S456Parcels,77,LH_DorsAttn_Post_10,L,CORTEX,cortical parcel (dorsal attention network),NOT_AVAILABLE,CORTICAL,NOT_AVAILABLE,NOT_AVAILABLE,NOT_AVAILABLE,NOT_AVAILABLE,NOT_AVAILABLE,NOT_AVAILABLE,NOT_AVAILABLE,dorsal attention,NOT_AVAILABLE,NOT_AVAILABLE,NOT_AVAILABLE,atlas_4S456_system_labels.csv (+PROVENANCE); Yeo-7 prefixes on cortical labels,P2-v1.0.0,HIGH,MAPPED_HIGH_CONFIDENCE,-0.00020339709054209999,48.0,8288.64161092788,-0.00025333264839695613,1.536682317051986e-05,-inf,1.0,1.0,100,356.0,200.0,False,24.0,24.0
78,atlas_4S456Parcels,78,LH_DorsAttn_Post_11,L,CORTEX,cortical parcel (dorsal attention network),NOT_AVAILABLE,CORTICAL,NOT_AVAILABLE,NOT_AVAILABLE,NOT_AVAILABLE,NOT_AVAILABLE,NOT_AVAILABLE,NOT_AVAILABLE,NOT_AVAILABLE,dorsal attention,NOT_AVAILABLE,NOT_AVAILABLE,NOT_AVAILABLE,atlas_4S456_system_labels.csv (+PROVENANCE); Yeo-7 prefixes on cortical labels,P2-v1.0.0,HIGH,MAPPED_HIGH_CONFIDENCE,-0.00029349039189785,55.0,11934.001883678138,-0.00016458409407318046,-0.0001427241509049808,-inf,1.0,1.0,100,391.0,433.0,False,27.5,27.5
79,atlas_4S456Parcels,79,LH_DorsAttn_Post_12,L,CORTEX,cortical parcel (dorsal attention network),NOT_AVAILABLE,CORTICAL,NOT_AVAILABLE,NOT_AVAILABLE,NOT_AVAILABLE,NOT_AVAILABLE,NOT_AVAILABLE,NOT_AVAILABLE,NOT_AVAILABLE,dorsal attention,NOT_AVAILABLE,NOT_AVAILABLE,NOT_AVAILABLE,atlas_4S456_system_labels.csv (+PROVENANCE); Yeo-7 prefixes on cortical labels,P2-v1.0.0,HIGH,MAPPED_HIGH_CONFIDENCE,-0.0002204630026239,51.0,10248.862795688212,-0.00021750236317326507,-4.349132774596594e-05,-inf,1.0,1.0,100,364.0,297.0,False,25.5,25.5
80,atlas_4S456Parcels,80,LH_DorsAttn_Post_13,L,CORTEX,cortical parcel (dorsal attention network),NOT_AVAILABLE,CORTICAL,NOT_AVAILABLE,NOT_AVAILABLE,NOT_AVAILABLE,NOT_AVAILABLE,NOT_AVAILABLE,NOT_AVAILABLE,NOT_AVAILABLE,dorsal attention,NOT_AVAILABLE,NOT_AVAILABLE,NOT_AVAILABLE,atlas_4S456_system_labels.csv (+PROVENANCE); Yeo-7 prefixes on cortical labels,P2-v1.0.0,HIGH,MAPPED_HIGH_CONFIDENCE,0.00045950503045594996,91.0,13749.381584875286,0.0003538276314310558,9.385874073448411e-05,-inf,1.0,1.0,100,37.0,69.0,False,45.5,45.5
81,atlas_4S456Parcels,81,LH_DorsAttn_Post_14,L,CORTEX,cortical parcel (dorsal attention network),NOT_AVAILABLE,CORTICAL,NOT_AVAILABLE,NOT_AVAILABLE,NOT_AVAILABLE,NOT_AVAILABLE,NOT_AVAILABLE,NOT_AVAILABLE,NOT_AVAILABLE,dorsal attention,NOT_AVAILABLE,NOT_AVAILABLE,NOT_AVAILABLE,atlas_4S456_system_labels.csv (+PROVENANCE); Yeo-7 prefixes on cortical labels,P2-v1.0.0,HIGH,MAPPED_HIGH_CONFIDENCE,-0.00010300625853039999,54.0,6948.012629941106,-0.0001731158428226244,4.828282492879552e-05,-inf,1.0,1.0,100,284.0,148.0,False,27.0,27.0
82,atlas_4S456Parcels,82,LH_DorsAttn_Post_15,L,CORTEX,cortical parcel (dorsal attention network),NOT_AVAILABLE,CORTICAL,NOT_AVAILABLE,NOT_AVAILABLE,NOT_AVAILABLE,NOT_AVAILABLE,NOT_AVAILABLE,NOT_AVAILABLE,NOT_AVAILABLE,dorsal attention,NOT_AVAILABLE,NOT_AVAILABLE,NOT_AVAILABLE,atlas_4S456_system_labels.csv (+PROVENANCE); Yeo-7 prefixes on cortical labels,P2-v1.0.0,HIGH,MAPPED_HIGH_CONFIDENCE,0.00033957393547605,83.0,8856.413537830114,0.0002554839480252489,9.4160787743588e-05,-inf,1.0,1.0,100,55.0,68.0,False,41.5,41.5
83,atlas_4S456Parcels,83,LH_DorsAttn_Post_16,L,CORTEX,cortical parcel (dorsal attention network),NOT_AVAILABLE,CORTICAL,NOT_AVAILABLE,NOT_AVAILABLE,NOT_AVAILABLE,NOT_AVAILABLE,NOT_AVAILABLE,NOT_AVAILABLE,NOT_AVAILABLE,dorsal attention,NOT_AVAILABLE,NOT_AVAILABLE,NOT_AVAILABLE,atlas_4S456_system_labels.csv (+PROVENANCE); Yeo-7 prefixes on cortical labels,P2-v1.0.0,HIGH,MAPPED_HIGH_CONFIDENCE,9.524805112221933e-05,65.0,7205.807936839759,-8.111109290143766e-06,8.444182190945091e-05,-inf,1.0,1.0,100,146.0,84.0,False,32.5,32.5
84,atlas_4S456Parcels,84,LH_DorsAttn_Post_17,L,CORTEX,cortical parcel (dorsal attention network),NOT_AVAILABLE,CORTICAL,NOT_AVAILABLE,NOT_AVAILABLE,NOT_AVAILABLE,NOT_AVAILABLE,NOT_AVAILABLE,NOT_AVAILABLE,NOT_AVAILABLE,dorsal attention,NOT_AVAILABLE,NOT_AVAILABLE,NOT_AVAILABLE,atlas_4S456_system_labels.csv (+PROVENANCE); Yeo-7 prefixes on cortical labels,P2-v1.0.0,HIGH,MAPPED_HIGH_CONFIDENCE,-0.00024584378375060005,38.0,3391.9606730639935,-0.00041631682732299463,0.00012847755862767845,-inf,1.0,1.0,100,372.0,35.0,False,19.0,19.0
85,atlas_4S456Parcels,85,LH_DorsAttn_FEF_1,L,CORTEX,cortical parcel (dorsal attention network),NOT_AVAILABLE,CORTICAL,NOT_AVAILABLE,NOT_AVAILABLE,NOT_AVAILABLE,NOT_AVAILABLE,NOT_AVAILABLE,NOT_AVAILABLE,NOT_AVAILABLE,dorsal attention,NOT_AVAILABLE,NOT_AVAILABLE,NOT_AVAILABLE,atlas_4S456_system_labels.csv (+PROVENANCE); Yeo-7 prefixes on cortical labels,P2-v1.0.0,HIGH,MAPPED_HIGH_CONFIDENCE,0.00010110574595850001,73.0,17499.984181270003,7.938500972367527e-05,-2.6317786557791595e-05,-inf,1.0,1.0,100,138.0,274.0,False,36.5,36.5
86,atlas_4S456Parcels,86,LH_DorsAttn_FEF_2,L,CORTEX,cortical parcel (dorsal attention network),NOT_AVAILABLE,CORTICAL,NOT_AVAILABLE,NOT_AVAILABLE,NOT_AVAILABLE,NOT_AVAILABLE,NOT_AVAILABLE,NOT_AVAILABLE,NOT_AVAILABLE,dorsal attention,NOT_AVAILABLE,NOT_AVAILABLE,NOT_AVAILABLE,atlas_4S456_system_labels.csv (+PROVENANCE); Yeo-7 prefixes on cortical labels,P2-v1.0.0,HIGH,MAPPED_HIGH_CONFIDENCE,-6.881373443371825e-05,62.0,19008.84932102263,-5.9141467969487266e-05,-3.812107544915156e-05,-inf,1.0,1.0,100,258.0,292.0,False,31.0,31.0
87,atlas_4S456Parcels,87,LH_DorsAttn_FEF_3,L,CORTEX,cortical parcel (dorsal attention network),NOT_AVAILABLE,CORTICAL,NOT_AVAILABLE,NOT_AVAILABLE,NOT_AVAILABLE,NOT_AVAILABLE,NOT_AVAILABLE,NOT_AVAILABLE,NOT_AVAILABLE,dorsal attention,NOT_AVAILABLE,NOT_AVAILABLE,NOT_AVAILABLE,atlas_4S456_system_labels.csv (+PROVENANCE); Yeo-7 prefixes on cortical labels,P2-v1.0.0,HIGH,MAPPED_HIGH_CONFIDENCE,-0.00032600403062645,42.0,9609.222962528467,-0.0003410639920301877,2.764971165743115e-05,-inf,1.0,1.0,100,405.0,189.0,False,21.0,21.0
88,atlas_4S456Parcels,88,LH_DorsAttn_FEF_4,L,CORTEX,cortical parcel (dorsal attention network),NOT_AVAILABLE,CORTICAL,NOT_AVAILABLE,NOT_AVAILABLE,NOT_AVAILABLE,NOT_AVAILABLE,NOT_AVAILABLE,NOT_AVAILABLE,NOT_AVAILABLE,dorsal attention,NOT_AVAILABLE,NOT_AVAILABLE,NOT_AVAILABLE,atlas_4S456_system_labels.csv (+PROVENANCE); Yeo-7 prefixes on cortical labels,P2-v1.0.0,HIGH,MAPPED_HIGH_CONFIDENCE,0.0002131111658921,79.0,22305.668140135705,0.00015911496303947956,1.7989661788595326e-06,-inf,1.0,1.0,100,89.0,232.0,False,39.5,39.5
89,atlas_4S456Parcels,89,LH_DorsAttn_PrCv_1,L,CORTEX,cortical parcel (dorsal attention network),NOT_AVAILABLE,CORTICAL,NOT_AVAILABLE,NOT_AVAILABLE,NOT_AVAILABLE,NOT_AVAILABLE,NOT_AVAILABLE,NOT_AVAILABLE,NOT_AVAILABLE,dorsal attention,NOT_AVAILABLE,NOT_AVAILABLE,NOT_AVAILABLE,atlas_4S456_system_labels.csv (+PROVENANCE); Yeo-7 prefixes on cortical labels,P2-v1.0.0,HIGH,MAPPED_HIGH_CONFIDENCE,-5.326784746305548e-06,69.0,17051.04917638749,3.6170963737819625e-05,-6.897353807169056e-05,-inf,1.0,1.0,100,211.0,329.0,False,34.5,34.5
90,atlas_4S456Parcels,90,LH_DorsAttn_PrCv_2,L,CORTEX,cortical parcel (dorsal attention network),NOT_AVAILABLE,CORTICAL,NOT_AVAILABLE,NOT_AVAILABLE,NOT_AVAILABLE,NOT_AVAILABLE,NOT_AVAILABLE,NOT_AVAILABLE,NOT_AVAILABLE,dorsal attention,NOT_AVAILABLE,NOT_AVAILABLE,NOT_AVAILABLE,atlas_4S456_system_labels.csv (+PROVENANCE); Yeo-7 prefixes on cortical labels,P2-v1.0.0,HIGH,MAPPED_HIGH_CONFIDENCE,-1.1910804665245415e-05,67.0,15528.259198524058,8.883353412483905e-07,-5.298053941191341e-05,-inf,1.0,1.0,100,220.0,306.0,False,33.5,33.5
91,atlas_4S456Parcels,91,LH_SalVentAttn_ParOper_1,L,CORTEX,cortical parcel (ventral attention/salience network),NOT_AVAILABLE,CORTICAL,NOT_AVAILABLE,NOT_AVAILABLE,NOT_AVAILABLE,NOT_AVAILABLE,NOT_AVAILABLE,NOT_AVAILABLE,NOT_AVAILABLE,ventral attention/salience,NOT_AVAILABLE,NOT_AVAILABLE,NOT_AVAILABLE,atlas_4S456_system_labels.csv (+PROVENANCE); Yeo-7 prefixes on cortical labels,P2-v1.0.0,HIGH,MAPPED_HIGH_CONFIDENCE,-6.115498605552875e-05,67.0,14647.557425372303,3.775846909325408e-06,-8.592670209910987e-05,-inf,1.0,1.0,100,254.0,352.0,False,33.5,33.5
92,atlas_4S456Parcels,92,LH_SalVentAttn_ParOper_2,L,CORTEX,cortical parcel (ventral attention/salience network),NOT_AVAILABLE,CORTICAL,NOT_AVAILABLE,NOT_AVAILABLE,NOT_AVAILABLE,NOT_AVAILABLE,NOT_AVAILABLE,NOT_AVAILABLE,NOT_AVAILABLE,ventral attention/salience,NOT_AVAILABLE,NOT_AVAILABLE,NOT_AVAILABLE,atlas_4S456_system_labels.csv (+PROVENANCE); Yeo-7 prefixes on cortical labels,P2-v1.0.0,HIGH,MAPPED_HIGH_CONFIDENCE,-0.00029013618230674997,52.0,7872.346767917275,-0.00019389071867448847,-9.777413502846705e-05,-inf,1.0,1.0,100,388.0,373.0,False,26.0,26.0
93,atlas_4S456Parcels,93,LH_SalVentAttn_ParOper_3,L,CORTEX,cortical parcel (ventral attention/salience network),NOT_AVAILABLE,CORTICAL,NOT_AVAILABLE,NOT_AVAILABLE,NOT_AVAILABLE,NOT_AVAILABLE,NOT_AVAILABLE,NOT_AVAILABLE,NOT_AVAILABLE,ventral attention/salience,NOT_AVAILABLE,NOT_AVAILABLE,NOT_AVAILABLE,atlas_4S456_system_labels.csv (+PROVENANCE); Yeo-7 prefixes on cortical labels,P2-v1.0.0,HIGH,MAPPED_HIGH_CONFIDENCE,-0.0002388207595741,56.0,12053.118729069829,-0.00013245162127739177,-0.00012037298866475477,-inf,1.0,1.0,100,371.0,405.0,False,28.0,28.0
94,atlas_4S456Parcels,94,LH_SalVentAttn_ParOper_4,L,CORTEX,cortical parcel (ventral attention/salience network),NOT_AVAILABLE,CORTICAL,NOT_AVAILABLE,NOT_AVAILABLE,NOT_AVAILABLE,NOT_AVAILABLE,NOT_AVAILABLE,NOT_AVAILABLE,NOT_AVAILABLE,ventral attention/salience,NOT_AVAILABLE,NOT_AVAILABLE,NOT_AVAILABLE,atlas_4S456_system_labels.csv (+PROVENANCE); Yeo-7 prefixes on cortical labels,P2-v1.0.0,HIGH,MAPPED_HIGH_CONFIDENCE,-0.0001630806972897,58.0,8357.156143054366,-0.00010728274179032783,-5.9198598514499705e-05,-inf,1.0,1.0,100,335.0,318.0,False,29.0,29.0
95,atlas_4S456Parcels,95,LH_SalVentAttn_TempOcc_1,L,CORTEX,cortical parcel (ventral attention/salience network),NOT_AVAILABLE,CORTICAL,NOT_AVAILABLE,NOT_AVAILABLE,NOT_AVAILABLE,NOT_AVAILABLE,NOT_AVAILABLE,NOT_AVAILABLE,NOT_AVAILABLE,ventral attention/salience,NOT_AVAILABLE,NOT_AVAILABLE,NOT_AVAILABLE,atlas_4S456_system_labels.csv (+PROVENANCE); Yeo-7 prefixes on cortical labels,P2-v1.0.0,HIGH,MAPPED_HIGH_CONFIDENCE,-0.00028713067652235,58.0,17379.081013448536,-0.00010332072504499261,-0.00018249865908706565,-inf,1.0,1.0,100,386.0,446.0,False,29.0,29.0
96,atlas_4S456Parcels,96,LH_SalVentAttn_FrOperIns_1,L,CORTEX,cortical parcel (ventral attention/salience network),NOT_AVAILABLE,CORTICAL,NOT_AVAILABLE,NOT_AVAILABLE,NOT_AVAILABLE,NOT_AVAILABLE,NOT_AVAILABLE,NOT_AVAILABLE,NOT_AVAILABLE,ventral attention/salience,NOT_AVAILABLE,NOT_AVAILABLE,NOT_AVAILABLE,atlas_4S456_system_labels.csv (+PROVENANCE); Yeo-7 prefixes on cortical labels,P2-v1.0.0,HIGH,MAPPED_HIGH_CONFIDENCE,0.00018091741087485,84.0,9300.728555709124,0.0002503818442774762,-8.335078881920385e-05,-inf,1.0,1.0,100,101.0,346.0,False,42.0,42.0
97,atlas_4S456Parcels,97,LH_SalVentAttn_FrOperIns_2,L,CORTEX,cortical parcel (ventral attention/salience network),NOT_AVAILABLE,CORTICAL,NOT_AVAILABLE,NOT_AVAILABLE,NOT_AVAILABLE,NOT_AVAILABLE,NOT_AVAILABLE,NOT_AVAILABLE,NOT_AVAILABLE,ventral attention/salience,NOT_AVAILABLE,NOT_AVAILABLE,NOT_AVAILABLE,atlas_4S456_system_labels.csv (+PROVENANCE); Yeo-7 prefixes on cortical labels,P2-v1.0.0,HIGH,MAPPED_HIGH_CONFIDENCE,0.0011153847551699,159.0,32806.86023902148,0.0014772612523108338,-0.0003323988480719536,-inf,1.0,1.0,100,8.0,455.0,False,79.5,79.5
98,atlas_4S456Parcels,98,LH_SalVentAttn_FrOperIns_3,L,CORTEX,cortical parcel (ventral attention/salience network),NOT_AVAILABLE,CORTICAL,NOT_AVAILABLE,NOT_AVAILABLE,NOT_AVAILABLE,NOT_AVAILABLE,NOT_AVAILABLE,NOT_AVAILABLE,NOT_AVAILABLE,ventral attention/salience,NOT_AVAILABLE,NOT_AVAILABLE,NOT_AVAILABLE,atlas_4S456_system_labels.csv (+PROVENANCE); Yeo-7 prefixes on cortical labels,P2-v1.0.0,HIGH,MAPPED_HIGH_CONFIDENCE,-0.0002605763833285,50.0,11351.879992589355,-0.00022858436073241336,-3.229945691047892e-05,-inf,1.0,1.0,100,375.0,287.0,False,25.0,25.0
99,atlas_4S456Parcels,99,LH_SalVentAttn_FrOperIns_4,L,CORTEX,cortical parcel (ventral attention/salience network),NOT_AVAILABLE,CORTICAL,NOT_AVAILABLE,NOT_AVAILABLE,NOT_AVAILABLE,NOT_AVAILABLE,NOT_AVAILABLE,NOT_AVAILABLE,NOT_AVAILABLE,ventral attention/salience,NOT_AVAILABLE,NOT_AVAILABLE,NOT_AVAILABLE,atlas_4S456_system_labels.csv (+PROVENANCE); Yeo-7 prefixes on cortical labels,P2-v1.0.0,HIGH,MAPPED_HIGH_CONFIDENCE,0.0004223505506027,105.0,17628.48558255285,0.000579669393662837,-0.0001639048270709488,-inf,1.0,1.0,100,42.0,443.0,False,52.5,52.5
100,atlas_4S456Parcels,100,LH_SalVentAttn_FrOperIns_5,L,CORTEX,cortical parcel (ventral attention/salience network),NOT_AVAILABLE,CORTICAL,NOT_AVAILABLE,NOT_AVAILABLE,NOT_AVAILABLE,NOT_AVAILABLE,NOT_AVAILABLE,NOT_AVAILABLE,NOT_AVAILABLE,ventral attention/salience,NOT_AVAILABLE,NOT_AVAILABLE,NOT_AVAILABLE,atlas_4S456_system_labels.csv (+PROVENANCE); Yeo-7 prefixes on cortical labels,P2-v1.0.0,HIGH,MAPPED_HIGH_CONFIDENCE,-1.2143163045154125e-05,69.0,13613.434642545879,3.9798818711174445e-05,-6.758501050873415e-05,-inf,1.0,1.0,100,221.0,328.0,False,34.5,34.5
101,atlas_4S456Parcels,101,LH_SalVentAttn_FrOperIns_6,L,CORTEX,cortical parcel (ventral attention/salience network),NOT_AVAILABLE,CORTICAL,NOT_AVAILABLE,NOT_AVAILABLE,NOT_AVAILABLE,NOT_AVAILABLE,NOT_AVAILABLE,NOT_AVAILABLE,NOT_AVAILABLE,ventral attention/salience,NOT_AVAILABLE,NOT_AVAILABLE,NOT_AVAILABLE,atlas_4S456_system_labels.csv (+PROVENANCE); Yeo-7 prefixes on cortical labels,P2-v1.0.0,HIGH,MAPPED_HIGH_CONFIDENCE,-0.00010583744882205,64.0,7709.902188271284,-2.647168760512087e-05,-7.995242944778652e-05,-inf,1.0,1.0,100,287.0,342.0,False,32.0,32.0
102,atlas_4S456Parcels,102,LH_SalVentAttn_FrOperIns_7,L,CORTEX,cortical parcel (ventral attention/salience network),NOT_AVAILABLE,CORTICAL,NOT_AVAILABLE,NOT_AVAILABLE,NOT_AVAILABLE,NOT_AVAILABLE,NOT_AVAILABLE,NOT_AVAILABLE,NOT_AVAILABLE,ventral attention/salience,NOT_AVAILABLE,NOT_AVAILABLE,NOT_AVAILABLE,atlas_4S456_system_labels.csv (+PROVENANCE); Yeo-7 prefixes on cortical labels,P2-v1.0.0,HIGH,MAPPED_HIGH_CONFIDENCE,4.27033664982311e-05,72.0,10111.248360797765,8.07107243527293e-05,-4.861791956262769e-05,-inf,1.0,1.0,100,189.0,301.0,False,36.0,36.0
103,atlas_4S456Parcels,103,LH_SalVentAttn_FrOperIns_8,L,CORTEX,cortical parcel (ventral attention/salience network),NOT_AVAILABLE,CORTICAL,NOT_AVAILABLE,NOT_AVAILABLE,NOT_AVAILABLE,NOT_AVAILABLE,NOT_AVAILABLE,NOT_AVAILABLE,NOT_AVAILABLE,ventral attention/salience,NOT_AVAILABLE,NOT_AVAILABLE,NOT_AVAILABLE,atlas_4S456_system_labels.csv (+PROVENANCE); Yeo-7 prefixes on cortical labels,P2-v1.0.0,HIGH,MAPPED_HIGH_CONFIDENCE,0.00021365917152185,90.0,15962.257399179041,0.00034369078476290755,-0.00012336572249127737,-inf,1.0,1.0,100,88.0,410.0,False,45.0,45.0
104,atlas_4S456Parcels,104,LH_SalVentAttn_FrOperIns_9,L,CORTEX,cortical parcel (ventral attention/salience network),NOT_AVAILABLE,CORTICAL,NOT_AVAILABLE,NOT_AVAILABLE,NOT_AVAILABLE,NOT_AVAILABLE,NOT_AVAILABLE,NOT_AVAILABLE,NOT_AVAILABLE,ventral attention/salience,NOT_AVAILABLE,NOT_AVAILABLE,NOT_AVAILABLE,atlas_4S456_system_labels.csv (+PROVENANCE); Yeo-7 prefixes on cortical labels,P2-v1.0.0,HIGH,MAPPED_HIGH_CONFIDENCE,0.00014424474274105,82.0,13922.798542365432,0.00023081015058558097,-8.829523718801503e-05,-inf,1.0,1.0,100,121.0,357.0,False,41.0,41.0
105,atlas_4S456Parcels,105,LH_SalVentAttn_PFCl_1,L,CORTEX,cortical parcel (ventral attention/salience network),NOT_AVAILABLE,CORTICAL,NOT_AVAILABLE,NOT_AVAILABLE,NOT_AVAILABLE,NOT_AVAILABLE,NOT_AVAILABLE,NOT_AVAILABLE,NOT_AVAILABLE,ventral attention/salience,NOT_AVAILABLE,NOT_AVAILABLE,NOT_AVAILABLE,atlas_4S456_system_labels.csv (+PROVENANCE); Yeo-7 prefixes on cortical labels,P2-v1.0.0,HIGH,MAPPED_HIGH_CONFIDENCE,-0.0001160971062019,53.0,17071.77199730277,-0.00019746831824886906,5.914736697535159e-05,-inf,1.0,1.0,100,301.0,120.0,False,26.5,26.5
106,atlas_4S456Parcels,106,LH_SalVentAttn_Med_1,L,CORTEX,cortical parcel (ventral attention/salience network),NOT_AVAILABLE,CORTICAL,NOT_AVAILABLE,NOT_AVAILABLE,NOT_AVAILABLE,NOT_AVAILABLE,NOT_AVAILABLE,NOT_AVAILABLE,NOT_AVAILABLE,ventral attention/salience,NOT_AVAILABLE,NOT_AVAILABLE,NOT_AVAILABLE,atlas_4S456_system_labels.csv (+PROVENANCE); Yeo-7 prefixes on cortical labels,P2-v1.0.0,HIGH,MAPPED_HIGH_CONFIDENCE,0.0002714547427545,81.0,17901.47333136946,0.00022088575108216755,4.044337836593004e-05,-inf,1.0,1.0,100,67.0,162.0,False,40.5,40.5
107,atlas_4S456Parcels,107,LH_SalVentAttn_Med_2,L,CORTEX,cortical parcel (ventral attention/salience network),NOT_AVAILABLE,CORTICAL,NOT_AVAILABLE,NOT_AVAILABLE,NOT_AVAILABLE,NOT_AVAILABLE,NOT_AVAILABLE,NOT_AVAILABLE,NOT_AVAILABLE,ventral attention/salience,NOT_AVAILABLE,NOT_AVAILABLE,NOT_AVAILABLE,atlas_4S456_system_labels.csv (+PROVENANCE); Yeo-7 prefixes on cortical labels,P2-v1.0.0,HIGH,MAPPED_HIGH_CONFIDENCE,0.00032345067709090003,83.0,17588.17153097689,0.00025861838336084563,6.233890178635723e-05,-inf,1.0,1.0,100,59.0,115.0,False,41.5,41.5
108,atlas_4S456Parcels,108,LH_SalVentAttn_Med_3,L,CORTEX,cortical parcel (ventral attention/salience network),NOT_AVAILABLE,CORTICAL,NOT_AVAILABLE,NOT_AVAILABLE,NOT_AVAILABLE,NOT_AVAILABLE,NOT_AVAILABLE,NOT_AVAILABLE,NOT_AVAILABLE,ventral attention/salience,NOT_AVAILABLE,NOT_AVAILABLE,NOT_AVAILABLE,atlas_4S456_system_labels.csv (+PROVENANCE); Yeo-7 prefixes on cortical labels,P2-v1.0.0,HIGH,MAPPED_HIGH_CONFIDENCE,2.8158753971158297e-05,63.0,14839.703140050173,-3.3556286702540833e-05,6.605016940978398e-05,-inf,1.0,1.0,100,193.0,112.0,False,31.5,31.5
109,atlas_4S456Parcels,109,LH_SalVentAttn_Med_4,L,CORTEX,cortical parcel (ventral attention/salience network),NOT_AVAILABLE,CORTICAL,NOT_AVAILABLE,NOT_AVAILABLE,NOT_AVAILABLE,NOT_AVAILABLE,NOT_AVAILABLE,NOT_AVAILABLE,NOT_AVAILABLE,ventral attention/salience,NOT_AVAILABLE,NOT_AVAILABLE,NOT_AVAILABLE,atlas_4S456_system_labels.csv (+PROVENANCE); Yeo-7 prefixes on cortical labels,P2-v1.0.0,HIGH,MAPPED_HIGH_CONFIDENCE,0.00038113663103735,87.0,17063.522886253893,0.0003450396454811146,8.708081481416879e-05,-inf,1.0,1.0,100,47.0,79.0,False,43.5,43.5
110,atlas_4S456Parcels,110,LH_SalVentAttn_Med_5,L,CORTEX,cortical parcel (ventral attention/salience network),NOT_AVAILABLE,CORTICAL,NOT_AVAILABLE,NOT_AVAILABLE,NOT_AVAILABLE,NOT_AVAILABLE,NOT_AVAILABLE,NOT_AVAILABLE,NOT_AVAILABLE,ventral attention/salience,NOT_AVAILABLE,NOT_AVAILABLE,NOT_AVAILABLE,atlas_4S456_system_labels.csv (+PROVENANCE); Yeo-7 prefixes on cortical labels,P2-v1.0.0,HIGH,MAPPED_HIGH_CONFIDENCE,-0.0001120527809676,49.0,5825.165925122798,-0.0002102874630980923,8.913596951681346e-05,-inf,1.0,1.0,100,297.0,74.0,False,24.5,24.5
111,atlas_4S456Parcels,111,LH_SalVentAttn_Med_6,L,CORTEX,cortical parcel (ventral attention/salience network),NOT_AVAILABLE,CORTICAL,NOT_AVAILABLE,NOT_AVAILABLE,NOT_AVAILABLE,NOT_AVAILABLE,NOT_AVAILABLE,NOT_AVAILABLE,NOT_AVAILABLE,ventral attention/salience,NOT_AVAILABLE,NOT_AVAILABLE,NOT_AVAILABLE,atlas_4S456_system_labels.csv (+PROVENANCE); Yeo-7 prefixes on cortical labels,P2-v1.0.0,HIGH,MAPPED_HIGH_CONFIDENCE,0.00020461924644044998,70.0,7386.939647972584,8.756549187700007e-05,0.00011843163930082555,-inf,1.0,1.0,100,93.0,43.0,False,35.0,35.0
112,atlas_4S456Parcels,112,LH_SalVentAttn_Med_7,L,CORTEX,cortical parcel (ventral attention/salience network),NOT_AVAILABLE,CORTICAL,NOT_AVAILABLE,NOT_AVAILABLE,NOT_AVAILABLE,NOT_AVAILABLE,NOT_AVAILABLE,NOT_AVAILABLE,NOT_AVAILABLE,ventral attention/salience,NOT_AVAILABLE,NOT_AVAILABLE,NOT_AVAILABLE,atlas_4S456_system_labels.csv (+PROVENANCE); Yeo-7 prefixes on cortical labels,P2-v1.0.0,HIGH,MAPPED_HIGH_CONFIDENCE,0.0002498226572208,78.0,12841.328872136772,0.00017076560906660536,6.0599837597922546e-05,-inf,1.0,1.0,100,72.0,119.0,False,39.0,39.0
113,atlas_4S456Parcels,113,LH_Limbic_OFC_1,L,CORTEX,cortical parcel (limbic network),NOT_AVAILABLE,CORTICAL,NOT_AVAILABLE,NOT_AVAILABLE,NOT_AVAILABLE,NOT_AVAILABLE,NOT_AVAILABLE,NOT_AVAILABLE,NOT_AVAILABLE,limbic,NOT_AVAILABLE,NOT_AVAILABLE,NOT_AVAILABLE,atlas_4S456_system_labels.csv (+PROVENANCE); Yeo-7 prefixes on cortical labels,P2-v1.0.0,HIGH,MAPPED_HIGH_CONFIDENCE,3.183938376984136e-05,53.0,8715.935318604112,-0.00016704630008660047,0.00019264843235192134,-inf,1.0,1.0,100,191.0,11.0,False,26.5,26.5
114,atlas_4S456Parcels,114,LH_Limbic_OFC_2,L,CORTEX,cortical parcel (limbic network),NOT_AVAILABLE,CORTICAL,NOT_AVAILABLE,NOT_AVAILABLE,NOT_AVAILABLE,NOT_AVAILABLE,NOT_AVAILABLE,NOT_AVAILABLE,NOT_AVAILABLE,limbic,NOT_AVAILABLE,NOT_AVAILABLE,NOT_AVAILABLE,atlas_4S456_system_labels.csv (+PROVENANCE); Yeo-7 prefixes on cortical labels,P2-v1.0.0,HIGH,MAPPED_HIGH_CONFIDENCE,6.969850321528205e-05,59.0,21220.32826834172,-9.623527100222591e-05,0.00014201767017093186,-inf,1.0,1.0,100,166.0,26.0,False,29.5,29.5
115,atlas_4S456Parcels,115,LH_Limbic_OFC_3,L,CORTEX,cortical parcel (limbic network),NOT_AVAILABLE,CORTICAL,NOT_AVAILABLE,NOT_AVAILABLE,NOT_AVAILABLE,NOT_AVAILABLE,NOT_AVAILABLE,NOT_AVAILABLE,NOT_AVAILABLE,limbic,NOT_AVAILABLE,NOT_AVAILABLE,NOT_AVAILABLE,atlas_4S456_system_labels.csv (+PROVENANCE); Yeo-7 prefixes on cortical labels,P2-v1.0.0,HIGH,MAPPED_HIGH_CONFIDENCE,0.0001958872031722,68.0,30692.913007371128,5.9191026760592436e-05,0.00016580772269340918,-inf,1.0,1.0,100,96.0,18.0,False,34.0,34.0
116,atlas_4S456Parcels,116,LH_Limbic_OFC_4,L,CORTEX,cortical parcel (limbic network),NOT_AVAILABLE,CORTICAL,NOT_AVAILABLE,NOT_AVAILABLE,NOT_AVAILABLE,NOT_AVAILABLE,NOT_AVAILABLE,NOT_AVAILABLE,NOT_AVAILABLE,limbic,NOT_AVAILABLE,NOT_AVAILABLE,NOT_AVAILABLE,atlas_4S456_system_labels.csv (+PROVENANCE); Yeo-7 prefixes on cortical labels,P2-v1.0.0,HIGH,MAPPED_HIGH_CONFIDENCE,0.00011922868729165,61.0,13592.650291264057,-6.700517362053364e-05,0.00018379610410463454,22.62853911047068,1.1349975006906042e-113,2.352540274158706e-112,100,128.0,12.0,True,30.5,30.5
117,atlas_4S456Parcels,117,LH_Limbic_OFC_5,L,CORTEX,cortical parcel (limbic network),NOT_AVAILABLE,CORTICAL,NOT_AVAILABLE,NOT_AVAILABLE,NOT_AVAILABLE,NOT_AVAILABLE,NOT_AVAILABLE,NOT_AVAILABLE,NOT_AVAILABLE,limbic,NOT_AVAILABLE,NOT_AVAILABLE,NOT_AVAILABLE,atlas_4S456_system_labels.csv (+PROVENANCE); Yeo-7 prefixes on cortical labels,P2-v1.0.0,HIGH,MAPPED_HIGH_CONFIDENCE,0.0002604664796445,76.5,26419.67994261533,0.00014964819416925587,0.0001106452412768796,-inf,1.0,1.0,100,69.0,53.0,False,38.25,38.25
118,atlas_4S456Parcels,118,LH_Limbic_TempPole_1,L,CORTEX,cortical parcel (limbic network),NOT_AVAILABLE,CORTICAL,NOT_AVAILABLE,NOT_AVAILABLE,NOT_AVAILABLE,NOT_AVAILABLE,NOT_AVAILABLE,NOT_AVAILABLE,NOT_AVAILABLE,limbic,NOT_AVAILABLE,NOT_AVAILABLE,NOT_AVAILABLE,atlas_4S456_system_labels.csv (+PROVENANCE); Yeo-7 prefixes on cortical labels,P2-v1.0.0,HIGH,MAPPED_HIGH_CONFIDENCE,0.00010058196764789999,71.0,27973.64843928069,8.23307650643897e-05,2.622139692364992e-06,-inf,1.0,1.0,100,139.0,228.0,False,35.5,35.5
119,atlas_4S456Parcels,119,LH_Limbic_TempPole_2,L,CORTEX,cortical parcel (limbic network),NOT_AVAILABLE,CORTICAL,NOT_AVAILABLE,NOT_AVAILABLE,NOT_AVAILABLE,NOT_AVAILABLE,NOT_AVAILABLE,NOT_AVAILABLE,NOT_AVAILABLE,limbic,NOT_AVAILABLE,NOT_AVAILABLE,NOT_AVAILABLE,atlas_4S456_system_labels.csv (+PROVENANCE); Yeo-7 prefixes on cortical labels,P2-v1.0.0,HIGH,MAPPED_HIGH_CONFIDENCE,9.000040721384486e-06,58.0,17070.810407307,-0.00010258166532353455,8.14414748270302e-05,-inf,1.0,1.0,100,205.0,93.0,False,29.0,29.0
120,atlas_4S456Parcels,120,LH_Limbic_TempPole_3,L,CORTEX,cortical parcel (limbic network),NOT_AVAILABLE,CORTICAL,NOT_AVAILABLE,NOT_AVAILABLE,NOT_AVAILABLE,NOT_AVAILABLE,NOT_AVAILABLE,NOT_AVAILABLE,NOT_AVAILABLE,limbic,NOT_AVAILABLE,NOT_AVAILABLE,NOT_AVAILABLE,atlas_4S456_system_labels.csv (+PROVENANCE); Yeo-7 prefixes on cortical labels,P2-v1.0.0,HIGH,MAPPED_HIGH_CONFIDENCE,-0.00015203670469335,51.0,14719.680472619832,-0.00020113003089201306,4.7827698553686184e-05,-inf,1.0,1.0,100,325.0,149.0,False,25.5,25.5
121,atlas_4S456Parcels,121,LH_Limbic_TempPole_4,L,CORTEX,cortical parcel (limbic network),NOT_AVAILABLE,CORTICAL,NOT_AVAILABLE,NOT_AVAILABLE,NOT_AVAILABLE,NOT_AVAILABLE,NOT_AVAILABLE,NOT_AVAILABLE,NOT_AVAILABLE,limbic,NOT_AVAILABLE,NOT_AVAILABLE,NOT_AVAILABLE,atlas_4S456_system_labels.csv (+PROVENANCE); Yeo-7 prefixes on cortical labels,P2-v1.0.0,HIGH,MAPPED_HIGH_CONFIDENCE,5.762832959714191e-05,74.0,27099.512784719467,0.00011628731095560406,-5.6760544147742645e-05,-inf,1.0,1.0,100,176.0,314.0,False,37.0,37.0
122,atlas_4S456Parcels,122,LH_Limbic_TempPole_5,L,CORTEX,cortical parcel (limbic network),NOT_AVAILABLE,CORTICAL,NOT_AVAILABLE,NOT_AVAILABLE,NOT_AVAILABLE,NOT_AVAILABLE,NOT_AVAILABLE,NOT_AVAILABLE,NOT_AVAILABLE,limbic,NOT_AVAILABLE,NOT_AVAILABLE,NOT_AVAILABLE,atlas_4S456_system_labels.csv (+PROVENANCE); Yeo-7 prefixes on cortical labels,P2-v1.0.0,HIGH,MAPPED_HIGH_CONFIDENCE,1.0573647635484934e-06,65.0,24802.088527243584,-1.6080432406946954e-05,-7.235525714281145e-06,-inf,1.0,1.0,100,207.0,250.0,False,32.5,32.5
123,atlas_4S456Parcels,123,LH_Limbic_TempPole_6,L,CORTEX,cortical parcel (limbic network),NOT_AVAILABLE,CORTICAL,NOT_AVAILABLE,NOT_AVAILABLE,NOT_AVAILABLE,NOT_AVAILABLE,NOT_AVAILABLE,NOT_AVAILABLE,NOT_AVAILABLE,limbic,NOT_AVAILABLE,NOT_AVAILABLE,NOT_AVAILABLE,atlas_4S456_system_labels.csv (+PROVENANCE); Yeo-7 prefixes on cortical labels,P2-v1.0.0,HIGH,MAPPED_HIGH_CONFIDENCE,0.0005319536595870999,104.0,29025.867105398327,0.0005470862305186711,-1.7657583613242176e-05,-inf,1.0,1.0,100,24.0,265.0,False,52.0,52.0
124,atlas_4S456Parcels,124,LH_Limbic_TempPole_7,L,CORTEX,cortical parcel (limbic network),NOT_AVAILABLE,CORTICAL,NOT_AVAILABLE,NOT_AVAILABLE,NOT_AVAILABLE,NOT_AVAILABLE,NOT_AVAILABLE,NOT_AVAILABLE,NOT_AVAILABLE,limbic,NOT_AVAILABLE,NOT_AVAILABLE,NOT_AVAILABLE,atlas_4S456_system_labels.csv (+PROVENANCE); Yeo-7 prefixes on cortical labels,P2-v1.0.0,HIGH,MAPPED_HIGH_CONFIDENCE,0.00018382574629235,72.0,17427.020953208208,6.233513547412024e-05,5.240184527868959e-05,-inf,1.0,1.0,100,99.0,136.0,False,36.0,36.0
125,atlas_4S456Parcels,125,LH_Limbic_TempPole_8,L,CORTEX,cortical parcel (limbic network),NOT_AVAILABLE,CORTICAL,NOT_AVAILABLE,NOT_AVAILABLE,NOT_AVAILABLE,NOT_AVAILABLE,NOT_AVAILABLE,NOT_AVAILABLE,NOT_AVAILABLE,limbic,NOT_AVAILABLE,NOT_AVAILABLE,NOT_AVAILABLE,atlas_4S456_system_labels.csv (+PROVENANCE); Yeo-7 prefixes on cortical labels,P2-v1.0.0,HIGH,MAPPED_HIGH_CONFIDENCE,-9.862076686992803e-05,51.0,10717.259787872434,-0.0001844771010748081,8.57705611504492e-05,-inf,1.0,1.0,100,281.0,80.0,False,25.5,25.5
126,atlas_4S456Parcels,126,LH_Cont_Par_1,L,CORTEX,cortical parcel (frontoparietal control network),NOT_AVAILABLE,CORTICAL,NOT_AVAILABLE,NOT_AVAILABLE,NOT_AVAILABLE,NOT_AVAILABLE,NOT_AVAILABLE,NOT_AVAILABLE,NOT_AVAILABLE,frontoparietal control,NOT_AVAILABLE,NOT_AVAILABLE,NOT_AVAILABLE,atlas_4S456_system_labels.csv (+PROVENANCE); Yeo-7 prefixes on cortical labels,P2-v1.0.0,HIGH,MAPPED_HIGH_CONFIDENCE,-0.0001767960999503,52.0,9668.523506350813,-0.00017570156903223816,6.493891249444031e-06,-inf,1.0,1.0,100,346.0,223.0,False,26.0,26.0
127,atlas_4S456Parcels,127,LH_Cont_Par_2,L,CORTEX,cortical parcel (frontoparietal control network),NOT_AVAILABLE,CORTICAL,NOT_AVAILABLE,NOT_AVAILABLE,NOT_AVAILABLE,NOT_AVAILABLE,NOT_AVAILABLE,NOT_AVAILABLE,NOT_AVAILABLE,frontoparietal control,NOT_AVAILABLE,NOT_AVAILABLE,NOT_AVAILABLE,atlas_4S456_system_labels.csv (+PROVENANCE); Yeo-7 prefixes on cortical labels,P2-v1.0.0,HIGH,MAPPED_HIGH_CONFIDENCE,-0.00049344601218415,39.0,4252.536886669695,-0.00039066319608663713,-0.0001325347717047599,-inf,1.0,1.0,100,449.0,424.0,False,19.5,19.5
128,atlas_4S456Parcels,128,LH_Cont_Par_3,L,CORTEX,cortical parcel (frontoparietal control network),NOT_AVAILABLE,CORTICAL,NOT_AVAILABLE,NOT_AVAILABLE,NOT_AVAILABLE,NOT_AVAILABLE,NOT_AVAILABLE,NOT_AVAILABLE,NOT_AVAILABLE,frontoparietal control,NOT_AVAILABLE,NOT_AVAILABLE,NOT_AVAILABLE,atlas_4S456_system_labels.csv (+PROVENANCE); Yeo-7 prefixes on cortical labels,P2-v1.0.0,HIGH,MAPPED_HIGH_CONFIDENCE,-0.0002675505006623,56.0,9108.429603293538,-0.00013514827600860242,-0.00013038474268388175,-inf,1.0,1.0,100,379.0,422.0,False,28.0,28.0
129,atlas_4S456Parcels,129,LH_Cont_Par_4,L,CORTEX,cortical parcel (frontoparietal control network),NOT_AVAILABLE,CORTICAL,NOT_AVAILABLE,NOT_AVAILABLE,NOT_AVAILABLE,NOT_AVAILABLE,NOT_AVAILABLE,NOT_AVAILABLE,NOT_AVAILABLE,frontoparietal control,NOT_AVAILABLE,NOT_AVAILABLE,NOT_AVAILABLE,atlas_4S456_system_labels.csv (+PROVENANCE); Yeo-7 prefixes on cortical labels,P2-v1.0.0,HIGH,MAPPED_HIGH_CONFIDENCE,-5.283750729413282e-05,62.0,12970.473466061056,-3.2543707370972835e-05,-2.7286386141384502e-05,-inf,1.0,1.0,100,250.0,275.0,False,31.0,31.0
130,atlas_4S456Parcels,130,LH_Cont_Par_5,L,CORTEX,cortical parcel (frontoparietal control network),NOT_AVAILABLE,CORTICAL,NOT_AVAILABLE,NOT_AVAILABLE,NOT_AVAILABLE,NOT_AVAILABLE,NOT_AVAILABLE,NOT_AVAILABLE,NOT_AVAILABLE,frontoparietal control,NOT_AVAILABLE,NOT_AVAILABLE,NOT_AVAILABLE,atlas_4S456_system_labels.csv (+PROVENANCE); Yeo-7 prefixes on cortical labels,P2-v1.0.0,HIGH,MAPPED_HIGH_CONFIDENCE,-0.00037138179959715,46.0,7883.446502946317,-0.00026699976259608716,-0.00011277658198816668,-inf,1.0,1.0,100,414.0,392.0,False,23.0,23.0
131,atlas_4S456Parcels,131,LH_Cont_Par_6,L,CORTEX,cortical parcel (frontoparietal control network),NOT_AVAILABLE,CORTICAL,NOT_AVAILABLE,NOT_AVAILABLE,NOT_AVAILABLE,NOT_AVAILABLE,NOT_AVAILABLE,NOT_AVAILABLE,NOT_AVAILABLE,frontoparietal control,NOT_AVAILABLE,NOT_AVAILABLE,NOT_AVAILABLE,atlas_4S456_system_labels.csv (+PROVENANCE); Yeo-7 prefixes on cortical labels,P2-v1.0.0,HIGH,MAPPED_HIGH_CONFIDENCE,-0.0001410553652695,62.0,13262.914655767381,-4.144764253409983e-05,-9.49150926283802e-05,-inf,1.0,1.0,100,320.0,367.0,False,31.0,31.0
132,atlas_4S456Parcels,132,LH_Cont_Temp_1,L,CORTEX,cortical parcel (frontoparietal control network),NOT_AVAILABLE,CORTICAL,NOT_AVAILABLE,NOT_AVAILABLE,NOT_AVAILABLE,NOT_AVAILABLE,NOT_AVAILABLE,NOT_AVAILABLE,NOT_AVAILABLE,frontoparietal control,NOT_AVAILABLE,NOT_AVAILABLE,NOT_AVAILABLE,atlas_4S456_system_labels.csv (+PROVENANCE); Yeo-7 prefixes on cortical labels,P2-v1.0.0,HIGH,MAPPED_HIGH_CONFIDENCE,-0.00029226468387535,56.0,11506.838455058634,-0.0001394840435364438,-0.00016386835180700395,-inf,1.0,1.0,100,390.0,442.0,False,28.0,28.0
133,atlas_4S456Parcels,133,LH_Cont_OFC_1,L,CORTEX,cortical parcel (frontoparietal control network),NOT_AVAILABLE,CORTICAL,NOT_AVAILABLE,NOT_AVAILABLE,NOT_AVAILABLE,NOT_AVAILABLE,NOT_AVAILABLE,NOT_AVAILABLE,NOT_AVAILABLE,frontoparietal control,NOT_AVAILABLE,NOT_AVAILABLE,NOT_AVAILABLE,atlas_4S456_system_labels.csv (+PROVENANCE); Yeo-7 prefixes on cortical labels,P2-v1.0.0,HIGH,MAPPED_HIGH_CONFIDENCE,-0.00029055098084225,44.0,12213.705317020416,-0.0002992856227584486,3.908973393222039e-05,-inf,1.0,1.0,100,389.0,167.0,False,22.0,22.0
134,atlas_4S456Parcels,134,LH_Cont_PFCl_1,L,CORTEX,cortical parcel (frontoparietal control network),NOT_AVAILABLE,CORTICAL,NOT_AVAILABLE,NOT_AVAILABLE,NOT_AVAILABLE,NOT_AVAILABLE,NOT_AVAILABLE,NOT_AVAILABLE,NOT_AVAILABLE,frontoparietal control,NOT_AVAILABLE,NOT_AVAILABLE,NOT_AVAILABLE,atlas_4S456_system_labels.csv (+PROVENANCE); Yeo-7 prefixes on cortical labels,P2-v1.0.0,HIGH,MAPPED_HIGH_CONFIDENCE,0.0002145118027346,81.0,22261.885333947837,0.00021642407199267351,2.3583660067144383e-06,-inf,1.0,1.0,100,87.0,230.0,False,40.5,40.5
135,atlas_4S456Parcels,135,LH_Cont_PFCl_2,L,CORTEX,cortical parcel (frontoparietal control network),NOT_AVAILABLE,CORTICAL,NOT_AVAILABLE,NOT_AVAILABLE,NOT_AVAILABLE,NOT_AVAILABLE,NOT_AVAILABLE,NOT_AVAILABLE,NOT_AVAILABLE,frontoparietal control,NOT_AVAILABLE,NOT_AVAILABLE,NOT_AVAILABLE,atlas_4S456_system_labels.csv (+PROVENANCE); Yeo-7 prefixes on cortical labels,P2-v1.0.0,HIGH,MAPPED_HIGH_CONFIDENCE,0.00016637509996575,76.5,14895.500197045505,0.00015251100829455873,-1.597586592424135e-06,-inf,1.0,1.0,100,111.0,241.0,False,38.25,38.25
136,atlas_4S456Parcels,136,LH_Cont_PFCl_3,L,CORTEX,cortical parcel (frontoparietal control network),NOT_AVAILABLE,CORTICAL,NOT_AVAILABLE,NOT_AVAILABLE,NOT_AVAILABLE,NOT_AVAILABLE,NOT_AVAILABLE,NOT_AVAILABLE,NOT_AVAILABLE,frontoparietal control,NOT_AVAILABLE,NOT_AVAILABLE,NOT_AVAILABLE,atlas_4S456_system_labels.csv (+PROVENANCE); Yeo-7 prefixes on cortical labels,P2-v1.0.0,HIGH,MAPPED_HIGH_CONFIDENCE,-7.890011982934146e-06,62.0,15884.44258486852,-5.238250195193369e-05,3.654003507576656e-05,-inf,1.0,1.0,100,215.0,170.0,False,31.0,31.0
137,atlas_4S456Parcels,137,LH_Cont_PFCl_4,L,CORTEX,cortical parcel (frontoparietal control network),NOT_AVAILABLE,CORTICAL,NOT_AVAILABLE,NOT_AVAILABLE,NOT_AVAILABLE,NOT_AVAILABLE,NOT_AVAILABLE,NOT_AVAILABLE,NOT_AVAILABLE,frontoparietal control,NOT_AVAILABLE,NOT_AVAILABLE,NOT_AVAILABLE,atlas_4S456_system_labels.csv (+PROVENANCE); Yeo-7 prefixes on cortical labels,P2-v1.0.0,HIGH,MAPPED_HIGH_CONFIDENCE,-0.00015525181421395,49.5,14280.442679710686,-0.00023654384230343363,5.6947636856360625e-05,-inf,1.0,1.0,100,329.0,128.0,False,24.75,24.75
138,atlas_4S456Parcels,138,LH_Cont_PFCl_5,L,CORTEX,cortical parcel (frontoparietal control network),NOT_AVAILABLE,CORTICAL,NOT_AVAILABLE,NOT_AVAILABLE,NOT_AVAILABLE,NOT_AVAILABLE,NOT_AVAILABLE,NOT_AVAILABLE,NOT_AVAILABLE,frontoparietal control,NOT_AVAILABLE,NOT_AVAILABLE,NOT_AVAILABLE,atlas_4S456_system_labels.csv (+PROVENANCE); Yeo-7 prefixes on cortical labels,P2-v1.0.0,HIGH,MAPPED_HIGH_CONFIDENCE,4.8216443487403865e-05,64.0,17565.18572484702,-2.8436050430033966e-05,5.658203346579232e-05,-inf,1.0,1.0,100,181.0,129.0,False,32.0,32.0
139,atlas_4S456Parcels,139,LH_Cont_PFCl_6,L,CORTEX,cortical parcel (frontoparietal control network),NOT_AVAILABLE,CORTICAL,NOT_AVAILABLE,NOT_AVAILABLE,NOT_AVAILABLE,NOT_AVAILABLE,NOT_AVAILABLE,NOT_AVAILABLE,NOT_AVAILABLE,frontoparietal control,NOT_AVAILABLE,NOT_AVAILABLE,NOT_AVAILABLE,atlas_4S456_system_labels.csv (+PROVENANCE); Yeo-7 prefixes on cortical labels,P2-v1.0.0,HIGH,MAPPED_HIGH_CONFIDENCE,0.00037183291644655005,95.0,33027.62850005925,0.000418705614598907,3.0966959668378294e-06,-inf,1.0,1.0,100,49.0,227.0,False,47.5,47.5
140,atlas_4S456Parcels,140,LH_Cont_PFCl_7,L,CORTEX,cortical parcel (frontoparietal control network),NOT_AVAILABLE,CORTICAL,NOT_AVAILABLE,NOT_AVAILABLE,NOT_AVAILABLE,NOT_AVAILABLE,NOT_AVAILABLE,NOT_AVAILABLE,NOT_AVAILABLE,frontoparietal control,NOT_AVAILABLE,NOT_AVAILABLE,NOT_AVAILABLE,atlas_4S456_system_labels.csv (+PROVENANCE); Yeo-7 prefixes on cortical labels,P2-v1.0.0,HIGH,MAPPED_HIGH_CONFIDENCE,-0.00048415008849765,40.0,10789.793965741992,-0.00038143858793389797,-0.00014017044820447072,-inf,1.0,1.0,100,447.0,431.0,False,20.0,20.0
141,atlas_4S456Parcels,141,LH_Cont_PFCl_8,L,CORTEX,cortical parcel (frontoparietal control network),NOT_AVAILABLE,CORTICAL,NOT_AVAILABLE,NOT_AVAILABLE,NOT_AVAILABLE,NOT_AVAILABLE,NOT_AVAILABLE,NOT_AVAILABLE,NOT_AVAILABLE,frontoparietal control,NOT_AVAILABLE,NOT_AVAILABLE,NOT_AVAILABLE,atlas_4S456_system_labels.csv (+PROVENANCE); Yeo-7 prefixes on cortical labels,P2-v1.0.0,HIGH,MAPPED_HIGH_CONFIDENCE,-0.00016611694500885,49.0,13323.717675581574,-0.00023430921221408377,5.0926546298509136e-05,-inf,1.0,1.0,100,338.0,137.0,False,24.5,24.5
142,atlas_4S456Parcels,142,LH_Cont_PFCv_1,L,CORTEX,cortical parcel (frontoparietal control network),NOT_AVAILABLE,CORTICAL,NOT_AVAILABLE,NOT_AVAILABLE,NOT_AVAILABLE,NOT_AVAILABLE,NOT_AVAILABLE,NOT_AVAILABLE,NOT_AVAILABLE,frontoparietal control,NOT_AVAILABLE,NOT_AVAILABLE,NOT_AVAILABLE,atlas_4S456_system_labels.csv (+PROVENANCE); Yeo-7 prefixes on cortical labels,P2-v1.0.0,HIGH,MAPPED_HIGH_CONFIDENCE,-0.00012376623716,57.0,12684.31520010531,-0.0001287901485611745,-2.1542780988001935e-05,-inf,1.0,1.0,100,305.0,272.0,False,28.5,28.5
143,atlas_4S456Parcels,143,LH_Cont_pCun_1,L,CORTEX,cortical parcel (frontoparietal control network),NOT_AVAILABLE,CORTICAL,NOT_AVAILABLE,NOT_AVAILABLE,NOT_AVAILABLE,NOT_AVAILABLE,NOT_AVAILABLE,NOT_AVAILABLE,NOT_AVAILABLE,frontoparietal control,NOT_AVAILABLE,NOT_AVAILABLE,NOT_AVAILABLE,atlas_4S456_system_labels.csv (+PROVENANCE); Yeo-7 prefixes on cortical labels,P2-v1.0.0,HIGH,MAPPED_HIGH_CONFIDENCE,0.00041566308725325,89.0,12716.112515635788,0.00032976259859582367,6.862839588029675e-05,-inf,1.0,1.0,100,43.0,108.0,False,44.5,44.5
144,atlas_4S456Parcels,144,LH_Cont_pCun_2,L,CORTEX,cortical parcel (frontoparietal control network),NOT_AVAILABLE,CORTICAL,NOT_AVAILABLE,NOT_AVAILABLE,NOT_AVAILABLE,NOT_AVAILABLE,NOT_AVAILABLE,NOT_AVAILABLE,NOT_AVAILABLE,frontoparietal control,NOT_AVAILABLE,NOT_AVAILABLE,NOT_AVAILABLE,atlas_4S456_system_labels.csv (+PROVENANCE); Yeo-7 prefixes on cortical labels,P2-v1.0.0,HIGH,MAPPED_HIGH_CONFIDENCE,0.00034998288062065,83.0,7899.219023697078,0.0002573351665190812,0.00011306338839270246,-inf,1.0,1.0,100,52.0,47.0,False,41.5,41.5
145,atlas_4S456Parcels,145,LH_Cont_Cing_1,L,CORTEX,cortical parcel (frontoparietal control network),NOT_AVAILABLE,CORTICAL,NOT_AVAILABLE,NOT_AVAILABLE,NOT_AVAILABLE,NOT_AVAILABLE,NOT_AVAILABLE,NOT_AVAILABLE,NOT_AVAILABLE,frontoparietal control,NOT_AVAILABLE,NOT_AVAILABLE,NOT_AVAILABLE,atlas_4S456_system_labels.csv (+PROVENANCE); Yeo-7 prefixes on cortical labels,P2-v1.0.0,HIGH,MAPPED_HIGH_CONFIDENCE,8.53058383393008e-05,65.0,12131.3466963768,-9.585552822054786e-06,7.46640623230263e-05,-inf,1.0,1.0,100,155.0,101.0,False,32.5,32.5
146,atlas_4S456Parcels,146,LH_Cont_Cing_2,L,CORTEX,cortical parcel (frontoparietal control network),NOT_AVAILABLE,CORTICAL,NOT_AVAILABLE,NOT_AVAILABLE,NOT_AVAILABLE,NOT_AVAILABLE,NOT_AVAILABLE,NOT_AVAILABLE,NOT_AVAILABLE,frontoparietal control,NOT_AVAILABLE,NOT_AVAILABLE,NOT_AVAILABLE,atlas_4S456_system_labels.csv (+PROVENANCE); Yeo-7 prefixes on cortical labels,P2-v1.0.0,HIGH,MAPPED_HIGH_CONFIDENCE,9.819762055455392e-05,68.0,11427.338657438755,1.8883590166851358e-05,8.235709151169617e-05,-inf,1.0,1.0,100,142.0,91.0,False,34.0,34.0
147,atlas_4S456Parcels,147,LH_Cont_PFCmp_1,L,CORTEX,cortical parcel (frontoparietal control network),NOT_AVAILABLE,CORTICAL,NOT_AVAILABLE,NOT_AVAILABLE,NOT_AVAILABLE,NOT_AVAILABLE,NOT_AVAILABLE,NOT_AVAILABLE,NOT_AVAILABLE,frontoparietal control,NOT_AVAILABLE,NOT_AVAILABLE,NOT_AVAILABLE,atlas_4S456_system_labels.csv (+PROVENANCE); Yeo-7 prefixes on cortical labels,P2-v1.0.0,HIGH,MAPPED_HIGH_CONFIDENCE,0.00048044124742060003,96.0,19431.522782623768,0.0004771519813763192,6.908570095095492e-05,-inf,1.0,1.0,100,33.0,107.0,False,48.0,48.0
148,atlas_4S456Parcels,148,LH_Default_Temp_1,L,CORTEX,cortical parcel (default mode network),NOT_AVAILABLE,CORTICAL,NOT_AVAILABLE,NOT_AVAILABLE,NOT_AVAILABLE,NOT_AVAILABLE,NOT_AVAILABLE,NOT_AVAILABLE,NOT_AVAILABLE,default mode,NOT_AVAILABLE,NOT_AVAILABLE,NOT_AVAILABLE,atlas_4S456_system_labels.csv (+PROVENANCE); Yeo-7 prefixes on cortical labels,P2-v1.0.0,HIGH,MAPPED_HIGH_CONFIDENCE,6.660934651984022e-05,76.0,23653.539402507246,0.00014772536707992903,-8.488732928119808e-05,-inf,1.0,1.0,100,169.0,350.0,False,38.0,38.0
149,atlas_4S456Parcels,149,LH_Default_Temp_2,L,CORTEX,cortical parcel (default mode network),NOT_AVAILABLE,CORTICAL,NOT_AVAILABLE,NOT_AVAILABLE,NOT_AVAILABLE,NOT_AVAILABLE,NOT_AVAILABLE,NOT_AVAILABLE,NOT_AVAILABLE,default mode,NOT_AVAILABLE,NOT_AVAILABLE,NOT_AVAILABLE,atlas_4S456_system_labels.csv (+PROVENANCE); Yeo-7 prefixes on cortical labels,P2-v1.0.0,HIGH,MAPPED_HIGH_CONFIDENCE,-9.36489460038523e-05,67.0,20423.085175104436,1.8787003992153364e-05,-0.00012174160565559604,-inf,1.0,1.0,100,273.0,408.0,False,33.5,33.5
150,atlas_4S456Parcels,150,LH_Default_Temp_3,L,CORTEX,cortical parcel (default mode network),NOT_AVAILABLE,CORTICAL,NOT_AVAILABLE,NOT_AVAILABLE,NOT_AVAILABLE,NOT_AVAILABLE,NOT_AVAILABLE,NOT_AVAILABLE,NOT_AVAILABLE,default mode,NOT_AVAILABLE,NOT_AVAILABLE,NOT_AVAILABLE,atlas_4S456_system_labels.csv (+PROVENANCE); Yeo-7 prefixes on cortical labels,P2-v1.0.0,HIGH,MAPPED_HIGH_CONFIDENCE,-0.00013018798563465,65.0,17117.82560866326,-1.1314489781414028e-05,-0.00012606917563286134,-inf,1.0,1.0,100,312.0,417.0,False,32.5,32.5
151,atlas_4S456Parcels,151,LH_Default_Temp_4,L,CORTEX,cortical parcel (default mode network),NOT_AVAILABLE,CORTICAL,NOT_AVAILABLE,NOT_AVAILABLE,NOT_AVAILABLE,NOT_AVAILABLE,NOT_AVAILABLE,NOT_AVAILABLE,NOT_AVAILABLE,default mode,NOT_AVAILABLE,NOT_AVAILABLE,NOT_AVAILABLE,atlas_4S456_system_labels.csv (+PROVENANCE); Yeo-7 prefixes on cortical labels,P2-v1.0.0,HIGH,MAPPED_HIGH_CONFIDENCE,2.6412393131127333e-05,75.0,18424.77762777731,0.00013047998054980942,-0.00010984703510326697,-inf,1.0,1.0,100,195.0,387.0,False,37.5,37.5
152,atlas_4S456Parcels,152,LH_Default_Temp_5,L,CORTEX,cortical parcel (default mode network),NOT_AVAILABLE,CORTICAL,NOT_AVAILABLE,NOT_AVAILABLE,NOT_AVAILABLE,NOT_AVAILABLE,NOT_AVAILABLE,NOT_AVAILABLE,NOT_AVAILABLE,default mode,NOT_AVAILABLE,NOT_AVAILABLE,NOT_AVAILABLE,atlas_4S456_system_labels.csv (+PROVENANCE); Yeo-7 prefixes on cortical labels,P2-v1.0.0,HIGH,MAPPED_HIGH_CONFIDENCE,0.00036233770517004997,99.0,21434.436652019627,0.0004808639085920939,-0.0001314605068677545,-inf,1.0,1.0,100,50.0,423.0,False,49.5,49.5
153,atlas_4S456Parcels,153,LH_Default_Temp_6,L,CORTEX,cortical parcel (default mode network),NOT_AVAILABLE,CORTICAL,NOT_AVAILABLE,NOT_AVAILABLE,NOT_AVAILABLE,NOT_AVAILABLE,NOT_AVAILABLE,NOT_AVAILABLE,NOT_AVAILABLE,default mode,NOT_AVAILABLE,NOT_AVAILABLE,NOT_AVAILABLE,atlas_4S456_system_labels.csv (+PROVENANCE); Yeo-7 prefixes on cortical labels,P2-v1.0.0,HIGH,MAPPED_HIGH_CONFIDENCE,-0.00011340758523665,67.0,19756.00431657583,1.7859936970136738e-05,-0.00014974154154655454,-inf,1.0,1.0,100,298.0,436.0,False,33.5,33.5
154,atlas_4S456Parcels,154,LH_Default_Temp_7,L,CORTEX,cortical parcel (default mode network),NOT_AVAILABLE,CORTICAL,NOT_AVAILABLE,NOT_AVAILABLE,NOT_AVAILABLE,NOT_AVAILABLE,NOT_AVAILABLE,NOT_AVAILABLE,NOT_AVAILABLE,default mode,NOT_AVAILABLE,NOT_AVAILABLE,NOT_AVAILABLE,atlas_4S456_system_labels.csv (+PROVENANCE); Yeo-7 prefixes on cortical labels,P2-v1.0.0,HIGH,MAPPED_HIGH_CONFIDENCE,-0.0003586780717862,50.0,9564.376104641706,-0.00022029934456924946,-0.0001361419075860922,-inf,1.0,1.0,100,411.0,426.0,False,25.0,25.0
155,atlas_4S456Parcels,155,LH_Default_Temp_8,L,CORTEX,cortical parcel (default mode network),NOT_AVAILABLE,CORTICAL,NOT_AVAILABLE,NOT_AVAILABLE,NOT_AVAILABLE,NOT_AVAILABLE,NOT_AVAILABLE,NOT_AVAILABLE,NOT_AVAILABLE,default mode,NOT_AVAILABLE,NOT_AVAILABLE,NOT_AVAILABLE,atlas_4S456_system_labels.csv (+PROVENANCE); Yeo-7 prefixes on cortical labels,P2-v1.0.0,HIGH,MAPPED_HIGH_CONFIDENCE,-0.00030331373681705,50.0,9312.676795221863,-0.00021543598735768217,-9.980677794983138e-05,-inf,1.0,1.0,100,398.0,375.0,False,25.0,25.0
156,atlas_4S456Parcels,156,LH_Default_Temp_9,L,CORTEX,cortical parcel (default mode network),NOT_AVAILABLE,CORTICAL,NOT_AVAILABLE,NOT_AVAILABLE,NOT_AVAILABLE,NOT_AVAILABLE,NOT_AVAILABLE,NOT_AVAILABLE,NOT_AVAILABLE,default mode,NOT_AVAILABLE,NOT_AVAILABLE,NOT_AVAILABLE,atlas_4S456_system_labels.csv (+PROVENANCE); Yeo-7 prefixes on cortical labels,P2-v1.0.0,HIGH,MAPPED_HIGH_CONFIDENCE,-0.00022789362511265002,57.0,13138.138509683311,-0.00012346065709049897,-0.00012451530812695552,-inf,1.0,1.0,100,368.0,415.0,False,28.5,28.5
157,atlas_4S456Parcels,157,LH_Default_Temp_10,L,CORTEX,cortical parcel (default mode network),NOT_AVAILABLE,CORTICAL,NOT_AVAILABLE,NOT_AVAILABLE,NOT_AVAILABLE,NOT_AVAILABLE,NOT_AVAILABLE,NOT_AVAILABLE,NOT_AVAILABLE,default mode,NOT_AVAILABLE,NOT_AVAILABLE,NOT_AVAILABLE,atlas_4S456_system_labels.csv (+PROVENANCE); Yeo-7 prefixes on cortical labels,P2-v1.0.0,HIGH,MAPPED_HIGH_CONFIDENCE,-0.0005485685929198,42.0,8882.243887804449,-0.0003385472273755226,-0.00020862852621121412,-inf,1.0,1.0,100,454.0,451.0,False,21.0,21.0
158,atlas_4S456Parcels,158,LH_Default_Par_1,L,CORTEX,cortical parcel (default mode network),NOT_AVAILABLE,CORTICAL,NOT_AVAILABLE,NOT_AVAILABLE,NOT_AVAILABLE,NOT_AVAILABLE,NOT_AVAILABLE,NOT_AVAILABLE,NOT_AVAILABLE,default mode,NOT_AVAILABLE,NOT_AVAILABLE,NOT_AVAILABLE,atlas_4S456_system_labels.csv (+PROVENANCE); Yeo-7 prefixes on cortical labels,P2-v1.0.0,HIGH,MAPPED_HIGH_CONFIDENCE,-0.0004362795972649,47.0,11408.901685088873,-0.0002791449373109701,-0.00017170588015739637,-inf,1.0,1.0,100,439.0,445.0,False,23.5,23.5
159,atlas_4S456Parcels,159,LH_Default_Par_2,L,CORTEX,cortical parcel (default mode network),NOT_AVAILABLE,CORTICAL,NOT_AVAILABLE,NOT_AVAILABLE,NOT_AVAILABLE,NOT_AVAILABLE,NOT_AVAILABLE,NOT_AVAILABLE,NOT_AVAILABLE,default mode,NOT_AVAILABLE,NOT_AVAILABLE,NOT_AVAILABLE,atlas_4S456_system_labels.csv (+PROVENANCE); Yeo-7 prefixes on cortical labels,P2-v1.0.0,HIGH,MAPPED_HIGH_CONFIDENCE,-0.00033649164158265,52.0,13582.457837089896,-0.0001993772946197141,-0.00015179389173304496,-inf,1.0,1.0,100,410.0,437.0,False,26.0,26.0
160,atlas_4S456Parcels,160,LH_Default_Par_3,L,CORTEX,cortical parcel (default mode network),NOT_AVAILABLE,CORTICAL,NOT_AVAILABLE,NOT_AVAILABLE,NOT_AVAILABLE,NOT_AVAILABLE,NOT_AVAILABLE,NOT_AVAILABLE,NOT_AVAILABLE,default mode,NOT_AVAILABLE,NOT_AVAILABLE,NOT_AVAILABLE,atlas_4S456_system_labels.csv (+PROVENANCE); Yeo-7 prefixes on cortical labels,P2-v1.0.0,HIGH,MAPPED_HIGH_CONFIDENCE,-4.997894767259932e-05,68.0,11493.98753130436,2.4694570330849267e-05,-8.240662320193031e-05,-inf,1.0,1.0,100,248.0,345.0,False,34.0,34.0
161,atlas_4S456Parcels,161,LH_Default_Par_4,L,CORTEX,cortical parcel (default mode network),NOT_AVAILABLE,CORTICAL,NOT_AVAILABLE,NOT_AVAILABLE,NOT_AVAILABLE,NOT_AVAILABLE,NOT_AVAILABLE,NOT_AVAILABLE,NOT_AVAILABLE,default mode,NOT_AVAILABLE,NOT_AVAILABLE,NOT_AVAILABLE,atlas_4S456_system_labels.csv (+PROVENANCE); Yeo-7 prefixes on cortical labels,P2-v1.0.0,HIGH,MAPPED_HIGH_CONFIDENCE,-0.0001086916195285,68.0,15721.775473549962,2.1913119741455295e-05,-0.00014042923315083002,-inf,1.0,1.0,100,291.0,432.0,False,34.0,34.0
162,atlas_4S456Parcels,162,LH_Default_Par_5,L,CORTEX,cortical parcel (default mode network),NOT_AVAILABLE,CORTICAL,NOT_AVAILABLE,NOT_AVAILABLE,NOT_AVAILABLE,NOT_AVAILABLE,NOT_AVAILABLE,NOT_AVAILABLE,NOT_AVAILABLE,default mode,NOT_AVAILABLE,NOT_AVAILABLE,NOT_AVAILABLE,atlas_4S456_system_labels.csv (+PROVENANCE); Yeo-7 prefixes on cortical labels,P2-v1.0.0,HIGH,MAPPED_HIGH_CONFIDENCE,-0.0002235500344468,60.0,14444.931199602783,-9.631085231034584e-05,-0.0001371590717453148,-inf,1.0,1.0,100,366.0,429.0,False,30.0,30.0
163,atlas_4S456Parcels,163,LH_Default_Par_6,L,CORTEX,cortical parcel (default mode network),NOT_AVAILABLE,CORTICAL,NOT_AVAILABLE,NOT_AVAILABLE,NOT_AVAILABLE,NOT_AVAILABLE,NOT_AVAILABLE,NOT_AVAILABLE,NOT_AVAILABLE,default mode,NOT_AVAILABLE,NOT_AVAILABLE,NOT_AVAILABLE,atlas_4S456_system_labels.csv (+PROVENANCE); Yeo-7 prefixes on cortical labels,P2-v1.0.0,HIGH,MAPPED_HIGH_CONFIDENCE,-4.17962330848829e-05,69.0,12606.604269251227,4.0341861511787994e-05,-8.487802952008106e-05,-inf,1.0,1.0,100,242.0,349.0,False,34.5,34.5
164,atlas_4S456Parcels,164,LH_Default_Par_7,L,CORTEX,cortical parcel (default mode network),NOT_AVAILABLE,CORTICAL,NOT_AVAILABLE,NOT_AVAILABLE,NOT_AVAILABLE,NOT_AVAILABLE,NOT_AVAILABLE,NOT_AVAILABLE,NOT_AVAILABLE,default mode,NOT_AVAILABLE,NOT_AVAILABLE,NOT_AVAILABLE,atlas_4S456_system_labels.csv (+PROVENANCE); Yeo-7 prefixes on cortical labels,P2-v1.0.0,HIGH,MAPPED_HIGH_CONFIDENCE,-0.00026865659308635003,55.0,10858.112757347524,-0.00014997146865455103,-0.00012056134222408806,-inf,1.0,1.0,100,380.0,406.0,False,27.5,27.5
165,atlas_4S456Parcels,165,LH_Default_PFC_1,L,CORTEX,cortical parcel (default mode network),NOT_AVAILABLE,CORTICAL,NOT_AVAILABLE,NOT_AVAILABLE,NOT_AVAILABLE,NOT_AVAILABLE,NOT_AVAILABLE,NOT_AVAILABLE,NOT_AVAILABLE,default mode,NOT_AVAILABLE,NOT_AVAILABLE,NOT_AVAILABLE,atlas_4S456_system_labels.csv (+PROVENANCE); Yeo-7 prefixes on cortical labels,P2-v1.0.0,HIGH,MAPPED_HIGH_CONFIDENCE,-5.091213726905024e-05,62.0,19713.110285758972,-5.693799544208945e-05,-5.406727407887514e-06,-inf,1.0,1.0,100,249.0,247.0,False,31.0,31.0
166,atlas_4S456Parcels,166,LH_Default_PFC_2,L,CORTEX,cortical parcel (default mode network),NOT_AVAILABLE,CORTICAL,NOT_AVAILABLE,NOT_AVAILABLE,NOT_AVAILABLE,NOT_AVAILABLE,NOT_AVAILABLE,NOT_AVAILABLE,NOT_AVAILABLE,default mode,NOT_AVAILABLE,NOT_AVAILABLE,NOT_AVAILABLE,atlas_4S456_system_labels.csv (+PROVENANCE); Yeo-7 prefixes on cortical labels,P2-v1.0.0,HIGH,MAPPED_HIGH_CONFIDENCE,-0.00039661828927439996,37.0,8682.616163436323,-0.0004261476885327864,7.156140075881365e-07,-inf,1.0,1.0,100,425.0,236.0,False,18.5,18.5
167,atlas_4S456Parcels,167,LH_Default_PFC_3,L,CORTEX,cortical parcel (default mode network),NOT_AVAILABLE,CORTICAL,NOT_AVAILABLE,NOT_AVAILABLE,NOT_AVAILABLE,NOT_AVAILABLE,NOT_AVAILABLE,NOT_AVAILABLE,NOT_AVAILABLE,default mode,NOT_AVAILABLE,NOT_AVAILABLE,NOT_AVAILABLE,atlas_4S456_system_labels.csv (+PROVENANCE); Yeo-7 prefixes on cortical labels,P2-v1.0.0,HIGH,MAPPED_HIGH_CONFIDENCE,-4.9417447366515026e-05,49.0,17359.441956721246,-0.00023364201613897687,0.00016545720087631155,-inf,1.0,1.0,100,247.0,20.0,False,24.5,24.5
168,atlas_4S456Parcels,168,LH_Default_PFC_4,L,CORTEX,cortical parcel (default mode network),NOT_AVAILABLE,CORTICAL,NOT_AVAILABLE,NOT_AVAILABLE,NOT_AVAILABLE,NOT_AVAILABLE,NOT_AVAILABLE,NOT_AVAILABLE,NOT_AVAILABLE,default mode,NOT_AVAILABLE,NOT_AVAILABLE,NOT_AVAILABLE,atlas_4S456_system_labels.csv (+PROVENANCE); Yeo-7 prefixes on cortical labels,P2-v1.0.0,HIGH,MAPPED_HIGH_CONFIDENCE,0.00022750237133975,70.0,24101.911562208086,5.134427648935687e-05,0.000168831351653089,21.847154034725868,4.136527584981951e-106,6.504333030178515e-105,100,82.0,17.0,True,35.0,35.0
169,atlas_4S456Parcels,169,LH_Default_PFC_5,L,CORTEX,cortical parcel (default mode network),NOT_AVAILABLE,CORTICAL,NOT_AVAILABLE,NOT_AVAILABLE,NOT_AVAILABLE,NOT_AVAILABLE,NOT_AVAILABLE,NOT_AVAILABLE,NOT_AVAILABLE,default mode,NOT_AVAILABLE,NOT_AVAILABLE,NOT_AVAILABLE,atlas_4S456_system_labels.csv (+PROVENANCE); Yeo-7 prefixes on cortical labels,P2-v1.0.0,HIGH,MAPPED_HIGH_CONFIDENCE,-8.128894137355425e-05,59.0,12888.789897274226,-8.830719086368588e-05,-4.689272370556673e-07,-inf,1.0,1.0,100,263.0,237.0,False,29.5,29.5
170,atlas_4S456Parcels,170,LH_Default_PFC_6,L,CORTEX,cortical parcel (default mode network),NOT_AVAILABLE,CORTICAL,NOT_AVAILABLE,NOT_AVAILABLE,NOT_AVAILABLE,NOT_AVAILABLE,NOT_AVAILABLE,NOT_AVAILABLE,NOT_AVAILABLE,default mode,NOT_AVAILABLE,NOT_AVAILABLE,NOT_AVAILABLE,atlas_4S456_system_labels.csv (+PROVENANCE); Yeo-7 prefixes on cortical labels,P2-v1.0.0,HIGH,MAPPED_HIGH_CONFIDENCE,-0.00020313095500424999,48.0,10733.744800202549,-0.0002653867130655967,4.7002478575837246e-05,-inf,1.0,1.0,100,355.0,151.0,False,24.0,24.0
171,atlas_4S456Parcels,171,LH_Default_PFC_7,L,CORTEX,cortical parcel (default mode network),NOT_AVAILABLE,CORTICAL,NOT_AVAILABLE,NOT_AVAILABLE,NOT_AVAILABLE,NOT_AVAILABLE,NOT_AVAILABLE,NOT_AVAILABLE,NOT_AVAILABLE,default mode,NOT_AVAILABLE,NOT_AVAILABLE,NOT_AVAILABLE,atlas_4S456_system_labels.csv (+PROVENANCE); Yeo-7 prefixes on cortical labels,P2-v1.0.0,HIGH,MAPPED_HIGH_CONFIDENCE,0.00022369063594855,83.0,17788.520120717585,0.0002355915702191768,-1.9265340341540946e-05,-inf,1.0,1.0,100,83.0,267.0,False,41.5,41.5
172,atlas_4S456Parcels,172,LH_Default_PFC_8,L,CORTEX,cortical parcel (default mode network),NOT_AVAILABLE,CORTICAL,NOT_AVAILABLE,NOT_AVAILABLE,NOT_AVAILABLE,NOT_AVAILABLE,NOT_AVAILABLE,NOT_AVAILABLE,NOT_AVAILABLE,default mode,NOT_AVAILABLE,NOT_AVAILABLE,NOT_AVAILABLE,atlas_4S456_system_labels.csv (+PROVENANCE); Yeo-7 prefixes on cortical labels,P2-v1.0.0,HIGH,MAPPED_HIGH_CONFIDENCE,-9.304102922437881e-05,51.0,11283.433351144195,-0.00019980714366118286,8.540864572063384e-05,-inf,1.0,1.0,100,271.0,81.0,False,25.5,25.5
173,atlas_4S456Parcels,173,LH_Default_PFC_9,L,CORTEX,cortical parcel (default mode network),NOT_AVAILABLE,CORTICAL,NOT_AVAILABLE,NOT_AVAILABLE,NOT_AVAILABLE,NOT_AVAILABLE,NOT_AVAILABLE,NOT_AVAILABLE,NOT_AVAILABLE,default mode,NOT_AVAILABLE,NOT_AVAILABLE,NOT_AVAILABLE,atlas_4S456_system_labels.csv (+PROVENANCE); Yeo-7 prefixes on cortical labels,P2-v1.0.0,HIGH,MAPPED_HIGH_CONFIDENCE,9.552461928675754e-05,64.0,21866.02411145717,-2.8436050430033966e-05,0.0001026442732387335,-inf,1.0,1.0,100,145.0,62.0,False,32.0,32.0
174,atlas_4S456Parcels,174,LH_Default_PFC_10,L,CORTEX,cortical parcel (default mode network),NOT_AVAILABLE,CORTICAL,NOT_AVAILABLE,NOT_AVAILABLE,NOT_AVAILABLE,NOT_AVAILABLE,NOT_AVAILABLE,NOT_AVAILABLE,NOT_AVAILABLE,default mode,NOT_AVAILABLE,NOT_AVAILABLE,NOT_AVAILABLE,atlas_4S456_system_labels.csv (+PROVENANCE); Yeo-7 prefixes on cortical labels,P2-v1.0.0,HIGH,MAPPED_HIGH_CONFIDENCE,0.0006322637552503,111.0,28176.704869650304,0.0006653395224739311,9.073382145566126e-06,-inf,1.0,1.0,100,18.0,215.0,False,55.5,55.5
175,atlas_4S456Parcels,175,LH_Default_PFC_11,L,CORTEX,cortical parcel (default mode network),NOT_AVAILABLE,CORTICAL,NOT_AVAILABLE,NOT_AVAILABLE,NOT_AVAILABLE,NOT_AVAILABLE,NOT_AVAILABLE,NOT_AVAILABLE,NOT_AVAILABLE,default mode,NOT_AVAILABLE,NOT_AVAILABLE,NOT_AVAILABLE,atlas_4S456_system_labels.csv (+PROVENANCE); Yeo-7 prefixes on cortical labels,P2-v1.0.0,HIGH,MAPPED_HIGH_CONFIDENCE,-1.7813103070241043e-05,58.0,13989.942294225097,-0.00011513408055534149,7.619255375642058e-05,-inf,1.0,1.0,100,227.0,98.0,False,29.0,29.0
176,atlas_4S456Parcels,176,LH_Default_PFC_12,L,CORTEX,cortical parcel (default mode network),NOT_AVAILABLE,CORTICAL,NOT_AVAILABLE,NOT_AVAILABLE,NOT_AVAILABLE,NOT_AVAILABLE,NOT_AVAILABLE,NOT_AVAILABLE,NOT_AVAILABLE,default mode,NOT_AVAILABLE,NOT_AVAILABLE,NOT_AVAILABLE,atlas_4S456_system_labels.csv (+PROVENANCE); Yeo-7 prefixes on cortical labels,P2-v1.0.0,HIGH,MAPPED_HIGH_CONFIDENCE,0.0003730314733074,85.0,22252.509703863412,0.00028250154388052086,8.505879108685588e-05,-inf,1.0,1.0,100,48.0,83.0,False,42.5,42.5
177,atlas_4S456Parcels,177,LH_Default_PFC_13,L,CORTEX,cortical parcel (default mode network),NOT_AVAILABLE,CORTICAL,NOT_AVAILABLE,NOT_AVAILABLE,NOT_AVAILABLE,NOT_AVAILABLE,NOT_AVAILABLE,NOT_AVAILABLE,NOT_AVAILABLE,default mode,NOT_AVAILABLE,NOT_AVAILABLE,NOT_AVAILABLE,atlas_4S456_system_labels.csv (+PROVENANCE); Yeo-7 prefixes on cortical labels,P2-v1.0.0,HIGH,MAPPED_HIGH_CONFIDENCE,0.00055585152338915,102.0,31536.965803973377,0.000533876613302639,4.877150082613574e-05,-inf,1.0,1.0,100,22.0,146.0,False,51.0,51.0
178,atlas_4S456Parcels,178,LH_Default_PFC_14,L,CORTEX,cortical parcel (default mode network),NOT_AVAILABLE,CORTICAL,NOT_AVAILABLE,NOT_AVAILABLE,NOT_AVAILABLE,NOT_AVAILABLE,NOT_AVAILABLE,NOT_AVAILABLE,NOT_AVAILABLE,default mode,NOT_AVAILABLE,NOT_AVAILABLE,NOT_AVAILABLE,atlas_4S456_system_labels.csv (+PROVENANCE); Yeo-7 prefixes on cortical labels,P2-v1.0.0,HIGH,MAPPED_HIGH_CONFIDENCE,-7.044276627937881e-06,62.0,11557.471406131983,-7.563596652455489e-05,4.108523280329711e-05,-inf,1.0,1.0,100,213.0,160.0,False,31.0,31.0
179,atlas_4S456Parcels,179,LH_Default_PFC_15,L,CORTEX,cortical parcel (default mode network),NOT_AVAILABLE,CORTICAL,NOT_AVAILABLE,NOT_AVAILABLE,NOT_AVAILABLE,NOT_AVAILABLE,NOT_AVAILABLE,NOT_AVAILABLE,NOT_AVAILABLE,default mode,NOT_AVAILABLE,NOT_AVAILABLE,NOT_AVAILABLE,atlas_4S456_system_labels.csv (+PROVENANCE); Yeo-7 prefixes on cortical labels,P2-v1.0.0,HIGH,MAPPED_HIGH_CONFIDENCE,-6.203517016199373e-05,59.0,13449.472889721394,-0.00012032633101457515,4.0195642195717534e-05,-inf,1.0,1.0,100,255.0,163.0,False,29.5,29.5
180,atlas_4S456Parcels,180,LH_Default_PFC_16,L,CORTEX,cortical parcel (default mode network),NOT_AVAILABLE,CORTICAL,NOT_AVAILABLE,NOT_AVAILABLE,NOT_AVAILABLE,NOT_AVAILABLE,NOT_AVAILABLE,NOT_AVAILABLE,NOT_AVAILABLE,default mode,NOT_AVAILABLE,NOT_AVAILABLE,NOT_AVAILABLE,atlas_4S456_system_labels.csv (+PROVENANCE); Yeo-7 prefixes on cortical labels,P2-v1.0.0,HIGH,MAPPED_HIGH_CONFIDENCE,-0.00030142942099165,42.0,12449.579012155533,-0.00034287745550420966,3.0478431665232762e-05,-inf,1.0,1.0,100,397.0,185.0,False,21.0,21.0
181,atlas_4S456Parcels,181,LH_Default_PFC_17,L,CORTEX,cortical parcel (default mode network),NOT_AVAILABLE,CORTICAL,NOT_AVAILABLE,NOT_AVAILABLE,NOT_AVAILABLE,NOT_AVAILABLE,NOT_AVAILABLE,NOT_AVAILABLE,NOT_AVAILABLE,default mode,NOT_AVAILABLE,NOT_AVAILABLE,NOT_AVAILABLE,atlas_4S456_system_labels.csv (+PROVENANCE); Yeo-7 prefixes on cortical labels,P2-v1.0.0,HIGH,MAPPED_HIGH_CONFIDENCE,8.339172528967564e-05,74.0,23521.25028707832,0.00010941941802572657,-4.959505548435438e-05,-inf,1.0,1.0,100,157.0,302.0,False,37.0,37.0
182,atlas_4S456Parcels,182,LH_Default_PFC_18,L,CORTEX,cortical parcel (default mode network),NOT_AVAILABLE,CORTICAL,NOT_AVAILABLE,NOT_AVAILABLE,NOT_AVAILABLE,NOT_AVAILABLE,NOT_AVAILABLE,NOT_AVAILABLE,NOT_AVAILABLE,default mode,NOT_AVAILABLE,NOT_AVAILABLE,NOT_AVAILABLE,atlas_4S456_system_labels.csv (+PROVENANCE); Yeo-7 prefixes on cortical labels,P2-v1.0.0,HIGH,MAPPED_HIGH_CONFIDENCE,-6.93707424193861e-05,54.0,8737.135456599295,-0.00017137332693866017,7.100747866362685e-05,-inf,1.0,1.0,100,259.0,106.0,False,27.0,27.0
183,atlas_4S456Parcels,183,LH_Default_PFC_19,L,CORTEX,cortical parcel (default mode network),NOT_AVAILABLE,CORTICAL,NOT_AVAILABLE,NOT_AVAILABLE,NOT_AVAILABLE,NOT_AVAILABLE,NOT_AVAILABLE,NOT_AVAILABLE,NOT_AVAILABLE,default mode,NOT_AVAILABLE,NOT_AVAILABLE,NOT_AVAILABLE,atlas_4S456_system_labels.csv (+PROVENANCE); Yeo-7 prefixes on cortical labels,P2-v1.0.0,HIGH,MAPPED_HIGH_CONFIDENCE,-0.0001778002422232,50.0,12128.118111371994,-0.00024862847572757905,1.8795611831912715e-05,-inf,1.0,1.0,100,348.0,196.0,False,25.0,25.0
184,atlas_4S456Parcels,184,LH_Default_PFC_20,L,CORTEX,cortical parcel (default mode network),NOT_AVAILABLE,CORTICAL,NOT_AVAILABLE,NOT_AVAILABLE,NOT_AVAILABLE,NOT_AVAILABLE,NOT_AVAILABLE,NOT_AVAILABLE,NOT_AVAILABLE,default mode,NOT_AVAILABLE,NOT_AVAILABLE,NOT_AVAILABLE,atlas_4S456_system_labels.csv (+PROVENANCE); Yeo-7 prefixes on cortical labels,P2-v1.0.0,HIGH,MAPPED_HIGH_CONFIDENCE,-3.202002827739022e-05,69.0,15791.324406281114,3.143692777391927e-05,-9.76491595839326e-05,-inf,1.0,1.0,100,231.0,371.0,False,34.5,34.5
185,atlas_4S456Parcels,185,LH_Default_PFC_21,L,CORTEX,cortical parcel (default mode network),NOT_AVAILABLE,CORTICAL,NOT_AVAILABLE,NOT_AVAILABLE,NOT_AVAILABLE,NOT_AVAILABLE,NOT_AVAILABLE,NOT_AVAILABLE,NOT_AVAILABLE,default mode,NOT_AVAILABLE,NOT_AVAILABLE,NOT_AVAILABLE,atlas_4S456_system_labels.csv (+PROVENANCE); Yeo-7 prefixes on cortical labels,P2-v1.0.0,HIGH,MAPPED_HIGH_CONFIDENCE,-0.00018196916988424998,55.0,15364.102698601782,-0.00014120521843117046,-4.702000108054797e-05,-inf,1.0,1.0,100,349.0,300.0,False,27.5,27.5
186,atlas_4S456Parcels,186,LH_Default_PFC_22,L,CORTEX,cortical parcel (default mode network),NOT_AVAILABLE,CORTICAL,NOT_AVAILABLE,NOT_AVAILABLE,NOT_AVAILABLE,NOT_AVAILABLE,NOT_AVAILABLE,NOT_AVAILABLE,NOT_AVAILABLE,default mode,NOT_AVAILABLE,NOT_AVAILABLE,NOT_AVAILABLE,atlas_4S456_system_labels.csv (+PROVENANCE); Yeo-7 prefixes on cortical labels,P2-v1.0.0,HIGH,MAPPED_HIGH_CONFIDENCE,-0.00029437515276025,43.0,10095.108087994158,-0.0003500168693495305,-5.560772363681178e-06,-inf,1.0,1.0,100,392.0,248.0,False,21.5,21.5
187,atlas_4S456Parcels,187,LH_Default_PFC_23,L,CORTEX,cortical parcel (default mode network),NOT_AVAILABLE,CORTICAL,NOT_AVAILABLE,NOT_AVAILABLE,NOT_AVAILABLE,NOT_AVAILABLE,NOT_AVAILABLE,NOT_AVAILABLE,NOT_AVAILABLE,default mode,NOT_AVAILABLE,NOT_AVAILABLE,NOT_AVAILABLE,atlas_4S456_system_labels.csv (+PROVENANCE); Yeo-7 prefixes on cortical labels,P2-v1.0.0,HIGH,MAPPED_HIGH_CONFIDENCE,0.00016366043748705,71.0,14161.218776367605,5.908700153175454e-05,4.7229010653205184e-05,-inf,1.0,1.0,100,113.0,150.0,False,35.5,35.5
188,atlas_4S456Parcels,188,LH_Default_PFC_24,L,CORTEX,cortical parcel (default mode network),NOT_AVAILABLE,CORTICAL,NOT_AVAILABLE,NOT_AVAILABLE,NOT_AVAILABLE,NOT_AVAILABLE,NOT_AVAILABLE,NOT_AVAILABLE,NOT_AVAILABLE,default mode,NOT_AVAILABLE,NOT_AVAILABLE,NOT_AVAILABLE,atlas_4S456_system_labels.csv (+PROVENANCE); Yeo-7 prefixes on cortical labels,P2-v1.0.0,HIGH,MAPPED_HIGH_CONFIDENCE,0.00048899903166745,94.0,19021.496731370687,0.0004082309643012173,7.945592820205903e-05,-inf,1.0,1.0,100,32.0,94.0,False,47.0,47.0
189,atlas_4S456Parcels,189,LH_Default_pCunPCC_1,L,CORTEX,cortical parcel (default mode network),NOT_AVAILABLE,CORTICAL,NOT_AVAILABLE,NOT_AVAILABLE,NOT_AVAILABLE,NOT_AVAILABLE,NOT_AVAILABLE,NOT_AVAILABLE,NOT_AVAILABLE,default mode,NOT_AVAILABLE,NOT_AVAILABLE,NOT_AVAILABLE,atlas_4S456_system_labels.csv (+PROVENANCE); Yeo-7 prefixes on cortical labels,P2-v1.0.0,HIGH,MAPPED_HIGH_CONFIDENCE,-2.5568461490318243e-05,60.5,6179.825725495815,-8.417147036504294e-05,5.526360894369208e-05,-inf,1.0,1.0,100,229.0,131.0,False,30.25,30.25
190,atlas_4S456Parcels,190,LH_Default_pCunPCC_2,L,CORTEX,cortical parcel (default mode network),NOT_AVAILABLE,CORTICAL,NOT_AVAILABLE,NOT_AVAILABLE,NOT_AVAILABLE,NOT_AVAILABLE,NOT_AVAILABLE,NOT_AVAILABLE,NOT_AVAILABLE,default mode,NOT_AVAILABLE,NOT_AVAILABLE,NOT_AVAILABLE,atlas_4S456_system_labels.csv (+PROVENANCE); Yeo-7 prefixes on cortical labels,P2-v1.0.0,HIGH,MAPPED_HIGH_CONFIDENCE,-4.09189330171897e-05,61.0,9056.598827019334,-8.22509966292802e-05,3.1248745968615285e-05,-inf,1.0,1.0,100,240.0,181.0,False,30.5,30.5
191,atlas_4S456Parcels,191,LH_Default_pCunPCC_3,L,CORTEX,cortical parcel (default mode network),NOT_AVAILABLE,CORTICAL,NOT_AVAILABLE,NOT_AVAILABLE,NOT_AVAILABLE,NOT_AVAILABLE,NOT_AVAILABLE,NOT_AVAILABLE,NOT_AVAILABLE,default mode,NOT_AVAILABLE,NOT_AVAILABLE,NOT_AVAILABLE,atlas_4S456_system_labels.csv (+PROVENANCE); Yeo-7 prefixes on cortical labels,P2-v1.0.0,HIGH,MAPPED_HIGH_CONFIDENCE,-0.0001065661123842,52.5,5885.312788784504,-0.0001963904411718317,7.697000839896955e-05,-inf,1.0,1.0,100,288.0,97.0,False,26.25,26.25
192,atlas_4S456Parcels,192,LH_Default_pCunPCC_4,L,CORTEX,cortical parcel (default mode network),NOT_AVAILABLE,CORTICAL,NOT_AVAILABLE,NOT_AVAILABLE,NOT_AVAILABLE,NOT_AVAILABLE,NOT_AVAILABLE,NOT_AVAILABLE,NOT_AVAILABLE,default mode,NOT_AVAILABLE,NOT_AVAILABLE,NOT_AVAILABLE,atlas_4S456_system_labels.csv (+PROVENANCE); Yeo-7 prefixes on cortical labels,P2-v1.0.0,HIGH,MAPPED_HIGH_CONFIDENCE,-1.6442666926048942e-05,57.0,5055.383997440338,-0.00011927100074840709,9.006781807877604e-05,-inf,1.0,1.0,100,225.0,72.0,False,28.5,28.5
193,atlas_4S456Parcels,193,LH_Default_pCunPCC_5,L,CORTEX,cortical parcel (default mode network),NOT_AVAILABLE,CORTICAL,NOT_AVAILABLE,NOT_AVAILABLE,NOT_AVAILABLE,NOT_AVAILABLE,NOT_AVAILABLE,NOT_AVAILABLE,NOT_AVAILABLE,default mode,NOT_AVAILABLE,NOT_AVAILABLE,NOT_AVAILABLE,atlas_4S456_system_labels.csv (+PROVENANCE); Yeo-7 prefixes on cortical labels,P2-v1.0.0,HIGH,MAPPED_HIGH_CONFIDENCE,0.00019506897471425002,73.0,9632.353291481733,9.762900215474932e-05,4.898277642571983e-05,-inf,1.0,1.0,100,97.0,145.0,False,36.5,36.5
194,atlas_4S456Parcels,194,LH_Default_pCunPCC_6,L,CORTEX,cortical parcel (default mode network),NOT_AVAILABLE,CORTICAL,NOT_AVAILABLE,NOT_AVAILABLE,NOT_AVAILABLE,NOT_AVAILABLE,NOT_AVAILABLE,NOT_AVAILABLE,NOT_AVAILABLE,default mode,NOT_AVAILABLE,NOT_AVAILABLE,NOT_AVAILABLE,atlas_4S456_system_labels.csv (+PROVENANCE); Yeo-7 prefixes on cortical labels,P2-v1.0.0,HIGH,MAPPED_HIGH_CONFIDENCE,9.405847967383681e-05,64.5,9534.79011657834,-2.0493097197825277e-05,7.78607077429637e-05,-inf,1.0,1.0,100,147.0,96.0,False,32.25,32.25
195,atlas_4S456Parcels,195,LH_Default_pCunPCC_7,L,CORTEX,cortical parcel (default mode network),NOT_AVAILABLE,CORTICAL,NOT_AVAILABLE,NOT_AVAILABLE,NOT_AVAILABLE,NOT_AVAILABLE,NOT_AVAILABLE,NOT_AVAILABLE,NOT_AVAILABLE,default mode,NOT_AVAILABLE,NOT_AVAILABLE,NOT_AVAILABLE,atlas_4S456_system_labels.csv (+PROVENANCE); Yeo-7 prefixes on cortical labels,P2-v1.0.0,HIGH,MAPPED_HIGH_CONFIDENCE,-9.835083817080005e-05,52.0,7824.067698307335,-0.0001888306479888388,7.796288821174627e-05,-inf,1.0,1.0,100,280.0,95.0,False,26.0,26.0
196,atlas_4S456Parcels,196,LH_Default_pCunPCC_8,L,CORTEX,cortical parcel (default mode network),NOT_AVAILABLE,CORTICAL,NOT_AVAILABLE,NOT_AVAILABLE,NOT_AVAILABLE,NOT_AVAILABLE,NOT_AVAILABLE,NOT_AVAILABLE,NOT_AVAILABLE,default mode,NOT_AVAILABLE,NOT_AVAILABLE,NOT_AVAILABLE,atlas_4S456_system_labels.csv (+PROVENANCE); Yeo-7 prefixes on cortical labels,P2-v1.0.0,HIGH,MAPPED_HIGH_CONFIDENCE,-2.9228742110276834e-05,57.0,8626.910263612866,-0.00012516758425118612,8.403931000196396e-05,-inf,1.0,1.0,100,230.0,85.0,False,28.5,28.5
197,atlas_4S456Parcels,197,LH_Default_pCunPCC_9,L,CORTEX,cortical parcel (default mode network),NOT_AVAILABLE,CORTICAL,NOT_AVAILABLE,NOT_AVAILABLE,NOT_AVAILABLE,NOT_AVAILABLE,NOT_AVAILABLE,NOT_AVAILABLE,NOT_AVAILABLE,default mode,NOT_AVAILABLE,NOT_AVAILABLE,NOT_AVAILABLE,atlas_4S456_system_labels.csv (+PROVENANCE); Yeo-7 prefixes on cortical labels,P2-v1.0.0,HIGH,MAPPED_HIGH_CONFIDENCE,-0.000257591150804,44.0,4844.762096688151,-0.0003217456856175816,5.088094433237464e-05,-inf,1.0,1.0,100,373.0,139.0,False,22.0,22.0
198,atlas_4S456Parcels,198,LH_Default_pCunPCC_10,L,CORTEX,cortical parcel (default mode network),NOT_AVAILABLE,CORTICAL,NOT_AVAILABLE,NOT_AVAILABLE,NOT_AVAILABLE,NOT_AVAILABLE,NOT_AVAILABLE,NOT_AVAILABLE,NOT_AVAILABLE,default mode,NOT_AVAILABLE,NOT_AVAILABLE,NOT_AVAILABLE,atlas_4S456_system_labels.csv (+PROVENANCE); Yeo-7 prefixes on cortical labels,P2-v1.0.0,HIGH,MAPPED_HIGH_CONFIDENCE,1.5521181917887983e-05,55.0,4761.905708026141,-0.000132046515583116,8.964070690602656e-05,-inf,1.0,1.0,100,202.0,73.0,False,27.5,27.5
199,atlas_4S456Parcels,199,LH_Default_pCunPCC_11,L,CORTEX,cortical parcel (default mode network),NOT_AVAILABLE,CORTICAL,NOT_AVAILABLE,NOT_AVAILABLE,NOT_AVAILABLE,NOT_AVAILABLE,NOT_AVAILABLE,NOT_AVAILABLE,NOT_AVAILABLE,default mode,NOT_AVAILABLE,NOT_AVAILABLE,NOT_AVAILABLE,atlas_4S456_system_labels.csv (+PROVENANCE); Yeo-7 prefixes on cortical labels,P2-v1.0.0,HIGH,MAPPED_HIGH_CONFIDENCE,0.0002478236341114,75.0,10808.609646134079,0.00015630692283825093,0.00011547660809789351,-inf,1.0,1.0,100,74.0,46.0,False,37.5,37.5
200,atlas_4S456Parcels,200,RH_Vis_1,R,CORTEX,cortical parcel (visual network),NOT_AVAILABLE,CORTICAL,NOT_AVAILABLE,NOT_AVAILABLE,NOT_AVAILABLE,NOT_AVAILABLE,NOT_AVAILABLE,NOT_AVAILABLE,NOT_AVAILABLE,visual,NOT_AVAILABLE,NOT_AVAILABLE,NOT_AVAILABLE,atlas_4S456_system_labels.csv (+PROVENANCE); Yeo-7 prefixes on cortical labels,P2-v1.0.0,HIGH,MAPPED_HIGH_CONFIDENCE,-0.00031162314298980004,46.0,17884.46103995666,-0.0002682060318595097,-4.207028290029223e-05,-inf,1.0,1.0,100,403.0,294.0,False,23.0,23.0
201,atlas_4S456Parcels,201,RH_Vis_2,R,CORTEX,cortical parcel (visual network),NOT_AVAILABLE,CORTICAL,NOT_AVAILABLE,NOT_AVAILABLE,NOT_AVAILABLE,NOT_AVAILABLE,NOT_AVAILABLE,NOT_AVAILABLE,NOT_AVAILABLE,visual,NOT_AVAILABLE,NOT_AVAILABLE,NOT_AVAILABLE,atlas_4S456_system_labels.csv (+PROVENANCE); Yeo-7 prefixes on cortical labels,P2-v1.0.0,HIGH,MAPPED_HIGH_CONFIDENCE,-3.594247337397311e-05,61.0,17863.58027766645,-6.163421144399117e-05,1.2139950614500081e-05,-inf,1.0,1.0,100,234.0,207.0,False,30.5,30.5
202,atlas_4S456Parcels,202,RH_Vis_3,R,CORTEX,cortical parcel (visual network),NOT_AVAILABLE,CORTICAL,NOT_AVAILABLE,NOT_AVAILABLE,NOT_AVAILABLE,NOT_AVAILABLE,NOT_AVAILABLE,NOT_AVAILABLE,NOT_AVAILABLE,visual,NOT_AVAILABLE,NOT_AVAILABLE,NOT_AVAILABLE,atlas_4S456_system_labels.csv (+PROVENANCE); Yeo-7 prefixes on cortical labels,P2-v1.0.0,HIGH,MAPPED_HIGH_CONFIDENCE,-0.0003105297837403,47.0,16326.194555193186,-0.0002627577346096595,-5.091501566971212e-05,-inf,1.0,1.0,100,402.0,304.0,False,23.5,23.5
203,atlas_4S456Parcels,203,RH_Vis_4,R,CORTEX,cortical parcel (visual network),NOT_AVAILABLE,CORTICAL,NOT_AVAILABLE,NOT_AVAILABLE,NOT_AVAILABLE,NOT_AVAILABLE,NOT_AVAILABLE,NOT_AVAILABLE,NOT_AVAILABLE,visual,NOT_AVAILABLE,NOT_AVAILABLE,NOT_AVAILABLE,atlas_4S456_system_labels.csv (+PROVENANCE); Yeo-7 prefixes on cortical labels,P2-v1.0.0,HIGH,MAPPED_HIGH_CONFIDENCE,-0.000108735835564,59.0,20259.46890193969,-9.669397826869022e-05,-3.1656872351949056e-05,-inf,1.0,1.0,100,292.0,283.0,False,29.5,29.5
204,atlas_4S456Parcels,204,RH_Vis_5,R,CORTEX,cortical parcel (visual network),NOT_AVAILABLE,CORTICAL,NOT_AVAILABLE,NOT_AVAILABLE,NOT_AVAILABLE,NOT_AVAILABLE,NOT_AVAILABLE,NOT_AVAILABLE,NOT_AVAILABLE,visual,NOT_AVAILABLE,NOT_AVAILABLE,NOT_AVAILABLE,atlas_4S456_system_labels.csv (+PROVENANCE); Yeo-7 prefixes on cortical labels,P2-v1.0.0,HIGH,MAPPED_HIGH_CONFIDENCE,9.309233517876702e-05,72.0,22788.259176179767,8.269986273499937e-05,-4.08331211708777e-06,-inf,1.0,1.0,100,148.0,242.0,False,36.0,36.0
205,atlas_4S456Parcels,205,RH_Vis_6,R,CORTEX,cortical parcel (visual network),NOT_AVAILABLE,CORTICAL,NOT_AVAILABLE,NOT_AVAILABLE,NOT_AVAILABLE,NOT_AVAILABLE,NOT_AVAILABLE,NOT_AVAILABLE,NOT_AVAILABLE,visual,NOT_AVAILABLE,NOT_AVAILABLE,NOT_AVAILABLE,atlas_4S456_system_labels.csv (+PROVENANCE); Yeo-7 prefixes on cortical labels,P2-v1.0.0,HIGH,MAPPED_HIGH_CONFIDENCE,9.868541653695819e-05,73.0,27712.46917897463,9.191255338456153e-05,-2.066506300834795e-05,-inf,1.0,1.0,100,141.0,270.0,False,36.5,36.5
206,atlas_4S456Parcels,206,RH_Vis_7,R,CORTEX,cortical parcel (visual network),NOT_AVAILABLE,CORTICAL,NOT_AVAILABLE,NOT_AVAILABLE,NOT_AVAILABLE,NOT_AVAILABLE,NOT_AVAILABLE,NOT_AVAILABLE,NOT_AVAILABLE,visual,NOT_AVAILABLE,NOT_AVAILABLE,NOT_AVAILABLE,atlas_4S456_system_labels.csv (+PROVENANCE); Yeo-7 prefixes on cortical labels,P2-v1.0.0,HIGH,MAPPED_HIGH_CONFIDENCE,-0.00013189094789289998,54.0,8874.011969923973,-0.00015967494561473956,3.4396563202803744e-05,-inf,1.0,1.0,100,313.0,173.0,False,27.0,27.0
207,atlas_4S456Parcels,207,RH_Vis_8,R,CORTEX,cortical parcel (visual network),NOT_AVAILABLE,CORTICAL,NOT_AVAILABLE,NOT_AVAILABLE,NOT_AVAILABLE,NOT_AVAILABLE,NOT_AVAILABLE,NOT_AVAILABLE,NOT_AVAILABLE,visual,NOT_AVAILABLE,NOT_AVAILABLE,NOT_AVAILABLE,atlas_4S456_system_labels.csv (+PROVENANCE); Yeo-7 prefixes on cortical labels,P2-v1.0.0,HIGH,MAPPED_HIGH_CONFIDENCE,-0.00013764273128835002,54.0,11022.268481597304,-0.00018633076161155506,1.168592806977501e-05,-inf,1.0,1.0,100,317.0,208.0,False,27.0,27.0
208,atlas_4S456Parcels,208,RH_Vis_9,R,CORTEX,cortical parcel (visual network),NOT_AVAILABLE,CORTICAL,NOT_AVAILABLE,NOT_AVAILABLE,NOT_AVAILABLE,NOT_AVAILABLE,NOT_AVAILABLE,NOT_AVAILABLE,NOT_AVAILABLE,visual,NOT_AVAILABLE,NOT_AVAILABLE,NOT_AVAILABLE,atlas_4S456_system_labels.csv (+PROVENANCE); Yeo-7 prefixes on cortical labels,P2-v1.0.0,HIGH,MAPPED_HIGH_CONFIDENCE,9.275125868359665e-05,77.0,23353.14748507738,0.00015005812031193124,-6.55470395006546e-05,-inf,1.0,1.0,100,151.0,325.0,False,38.5,38.5
209,atlas_4S456Parcels,209,RH_Vis_10,R,CORTEX,cortical parcel (visual network),NOT_AVAILABLE,CORTICAL,NOT_AVAILABLE,NOT_AVAILABLE,NOT_AVAILABLE,NOT_AVAILABLE,NOT_AVAILABLE,NOT_AVAILABLE,NOT_AVAILABLE,visual,NOT_AVAILABLE,NOT_AVAILABLE,NOT_AVAILABLE,atlas_4S456_system_labels.csv (+PROVENANCE); Yeo-7 prefixes on cortical labels,P2-v1.0.0,HIGH,MAPPED_HIGH_CONFIDENCE,-0.00028004262903625,46.0,11521.870405130088,-0.0003010173846911302,-1.2896377595409475e-05,-inf,1.0,1.0,100,385.0,256.0,False,23.0,23.0
210,atlas_4S456Parcels,210,RH_Vis_11,R,CORTEX,cortical parcel (visual network),NOT_AVAILABLE,CORTICAL,NOT_AVAILABLE,NOT_AVAILABLE,NOT_AVAILABLE,NOT_AVAILABLE,NOT_AVAILABLE,NOT_AVAILABLE,NOT_AVAILABLE,visual,NOT_AVAILABLE,NOT_AVAILABLE,NOT_AVAILABLE,atlas_4S456_system_labels.csv (+PROVENANCE); Yeo-7 prefixes on cortical labels,P2-v1.0.0,HIGH,MAPPED_HIGH_CONFIDENCE,-0.00020684968530734998,49.0,13205.831666380167,-0.00022976182280140796,1.3462960832708062e-05,-inf,1.0,1.0,100,358.0,204.0,False,24.5,24.5
211,atlas_4S456Parcels,211,RH_Vis_12,R,CORTEX,cortical parcel (visual network),NOT_AVAILABLE,CORTICAL,NOT_AVAILABLE,NOT_AVAILABLE,NOT_AVAILABLE,NOT_AVAILABLE,NOT_AVAILABLE,NOT_AVAILABLE,NOT_AVAILABLE,visual,NOT_AVAILABLE,NOT_AVAILABLE,NOT_AVAILABLE,atlas_4S456_system_labels.csv (+PROVENANCE); Yeo-7 prefixes on cortical labels,P2-v1.0.0,HIGH,MAPPED_HIGH_CONFIDENCE,-0.00013521144765775,53.0,12083.229177616537,-0.0001704000336665641,3.318528307766103e-05,-inf,1.0,1.0,100,315.0,175.0,False,26.5,26.5
212,atlas_4S456Parcels,212,RH_Vis_13,R,CORTEX,cortical parcel (visual network),NOT_AVAILABLE,CORTICAL,NOT_AVAILABLE,NOT_AVAILABLE,NOT_AVAILABLE,NOT_AVAILABLE,NOT_AVAILABLE,NOT_AVAILABLE,NOT_AVAILABLE,visual,NOT_AVAILABLE,NOT_AVAILABLE,NOT_AVAILABLE,atlas_4S456_system_labels.csv (+PROVENANCE); Yeo-7 prefixes on cortical labels,P2-v1.0.0,HIGH,MAPPED_HIGH_CONFIDENCE,-0.00010521208513589999,55.0,12316.607468396425,-0.00016083951509788258,1.662781870024661e-05,-inf,1.0,1.0,100,285.0,199.0,False,27.5,27.5
213,atlas_4S456Parcels,213,RH_Vis_14,R,CORTEX,cortical parcel (visual network),NOT_AVAILABLE,CORTICAL,NOT_AVAILABLE,NOT_AVAILABLE,NOT_AVAILABLE,NOT_AVAILABLE,NOT_AVAILABLE,NOT_AVAILABLE,NOT_AVAILABLE,visual,NOT_AVAILABLE,NOT_AVAILABLE,NOT_AVAILABLE,atlas_4S456_system_labels.csv (+PROVENANCE); Yeo-7 prefixes on cortical labels,P2-v1.0.0,HIGH,MAPPED_HIGH_CONFIDENCE,9.288928755495942e-05,69.0,14182.71655421704,3.700812068582933e-05,3.8625245675891554e-05,-inf,1.0,1.0,100,149.0,168.0,False,34.5,34.5
214,atlas_4S456Parcels,214,RH_Vis_15,R,CORTEX,cortical parcel (visual network),NOT_AVAILABLE,CORTICAL,NOT_AVAILABLE,NOT_AVAILABLE,NOT_AVAILABLE,NOT_AVAILABLE,NOT_AVAILABLE,NOT_AVAILABLE,NOT_AVAILABLE,visual,NOT_AVAILABLE,NOT_AVAILABLE,NOT_AVAILABLE,atlas_4S456_system_labels.csv (+PROVENANCE); Yeo-7 prefixes on cortical labels,P2-v1.0.0,HIGH,MAPPED_HIGH_CONFIDENCE,0.00015552071687355,74.0,21555.657157979906,0.00010910752083656168,4.550493335162605e-05,-inf,1.0,1.0,100,115.0,152.0,False,37.0,37.0
215,atlas_4S456Parcels,215,RH_Vis_16,R,CORTEX,cortical parcel (visual network),NOT_AVAILABLE,CORTICAL,NOT_AVAILABLE,NOT_AVAILABLE,NOT_AVAILABLE,NOT_AVAILABLE,NOT_AVAILABLE,NOT_AVAILABLE,NOT_AVAILABLE,visual,NOT_AVAILABLE,NOT_AVAILABLE,NOT_AVAILABLE,atlas_4S456_system_labels.csv (+PROVENANCE); Yeo-7 prefixes on cortical labels,P2-v1.0.0,HIGH,MAPPED_HIGH_CONFIDENCE,8.578878436285503e-05,79.0,26635.53499122709,0.00017918237878962446,-9.49406409435921e-05,-inf,1.0,1.0,100,154.0,368.0,False,39.5,39.5
216,atlas_4S456Parcels,216,RH_Vis_17,R,CORTEX,cortical parcel (visual network),NOT_AVAILABLE,CORTICAL,NOT_AVAILABLE,NOT_AVAILABLE,NOT_AVAILABLE,NOT_AVAILABLE,NOT_AVAILABLE,NOT_AVAILABLE,NOT_AVAILABLE,visual,NOT_AVAILABLE,NOT_AVAILABLE,NOT_AVAILABLE,atlas_4S456_system_labels.csv (+PROVENANCE); Yeo-7 prefixes on cortical labels,P2-v1.0.0,HIGH,MAPPED_HIGH_CONFIDENCE,4.9085461823877136e-05,65.0,8663.901983261108,-1.128811017613039e-05,3.914443475720683e-05,-inf,1.0,1.0,100,180.0,165.0,False,32.5,32.5
217,atlas_4S456Parcels,217,RH_Vis_18,R,CORTEX,cortical parcel (visual network),NOT_AVAILABLE,CORTICAL,NOT_AVAILABLE,NOT_AVAILABLE,NOT_AVAILABLE,NOT_AVAILABLE,NOT_AVAILABLE,NOT_AVAILABLE,NOT_AVAILABLE,visual,NOT_AVAILABLE,NOT_AVAILABLE,NOT_AVAILABLE,atlas_4S456_system_labels.csv (+PROVENANCE); Yeo-7 prefixes on cortical labels,P2-v1.0.0,HIGH,MAPPED_HIGH_CONFIDENCE,-0.00012929848978645003,54.0,16476.833472892642,-0.00016138945024834098,6.605235800149665e-06,-inf,1.0,1.0,100,311.0,222.0,False,27.0,27.0
218,atlas_4S456Parcels,218,RH_Vis_19,R,CORTEX,cortical parcel (visual network),NOT_AVAILABLE,CORTICAL,NOT_AVAILABLE,NOT_AVAILABLE,NOT_AVAILABLE,NOT_AVAILABLE,NOT_AVAILABLE,NOT_AVAILABLE,NOT_AVAILABLE,visual,NOT_AVAILABLE,NOT_AVAILABLE,NOT_AVAILABLE,atlas_4S456_system_labels.csv (+PROVENANCE); Yeo-7 prefixes on cortical labels,P2-v1.0.0,HIGH,MAPPED_HIGH_CONFIDENCE,2.21707014182229e-05,62.0,17482.161482952535,-4.881553530228953e-05,3.625472397796028e-05,-inf,1.0,1.0,100,196.0,171.0,False,31.0,31.0
219,atlas_4S456Parcels,219,RH_Vis_20,R,CORTEX,cortical parcel (visual network),NOT_AVAILABLE,CORTICAL,NOT_AVAILABLE,NOT_AVAILABLE,NOT_AVAILABLE,NOT_AVAILABLE,NOT_AVAILABLE,NOT_AVAILABLE,NOT_AVAILABLE,visual,NOT_AVAILABLE,NOT_AVAILABLE,NOT_AVAILABLE,atlas_4S456_system_labels.csv (+PROVENANCE); Yeo-7 prefixes on cortical labels,P2-v1.0.0,HIGH,MAPPED_HIGH_CONFIDENCE,0.00021463640273905,78.0,16907.441448558122,0.0001743481631013968,2.2152686306202733e-05,-inf,1.0,1.0,100,86.0,193.0,False,39.0,39.0
220,atlas_4S456Parcels,220,RH_Vis_21,R,CORTEX,cortical parcel (visual network),NOT_AVAILABLE,CORTICAL,NOT_AVAILABLE,NOT_AVAILABLE,NOT_AVAILABLE,NOT_AVAILABLE,NOT_AVAILABLE,NOT_AVAILABLE,NOT_AVAILABLE,visual,NOT_AVAILABLE,NOT_AVAILABLE,NOT_AVAILABLE,atlas_4S456_system_labels.csv (+PROVENANCE); Yeo-7 prefixes on cortical labels,P2-v1.0.0,HIGH,MAPPED_HIGH_CONFIDENCE,-0.00014704144413515,51.0,7421.036836348474,-0.00021464491661630613,3.9511070157801926e-05,-inf,1.0,1.0,100,324.0,164.0,False,25.5,25.5
221,atlas_4S456Parcels,221,RH_Vis_22,R,CORTEX,cortical parcel (visual network),NOT_AVAILABLE,CORTICAL,NOT_AVAILABLE,NOT_AVAILABLE,NOT_AVAILABLE,NOT_AVAILABLE,NOT_AVAILABLE,NOT_AVAILABLE,NOT_AVAILABLE,visual,NOT_AVAILABLE,NOT_AVAILABLE,NOT_AVAILABLE,atlas_4S456_system_labels.csv (+PROVENANCE); Yeo-7 prefixes on cortical labels,P2-v1.0.0,HIGH,MAPPED_HIGH_CONFIDENCE,-4.1569986409278275e-05,65.0,23495.56195256114,-1.4084356300491646e-05,-5.5109728939491915e-05,-inf,1.0,1.0,100,241.0,310.0,False,32.5,32.5
222,atlas_4S456Parcels,222,RH_Vis_23,R,CORTEX,cortical parcel (visual network),NOT_AVAILABLE,CORTICAL,NOT_AVAILABLE,NOT_AVAILABLE,NOT_AVAILABLE,NOT_AVAILABLE,NOT_AVAILABLE,NOT_AVAILABLE,NOT_AVAILABLE,visual,NOT_AVAILABLE,NOT_AVAILABLE,NOT_AVAILABLE,atlas_4S456_system_labels.csv (+PROVENANCE); Yeo-7 prefixes on cortical labels,P2-v1.0.0,HIGH,MAPPED_HIGH_CONFIDENCE,6.764278016511692e-05,68.0,14514.21200093627,1.7375968178234743e-05,3.1346886557750194e-05,-inf,1.0,1.0,100,168.0,180.0,False,34.0,34.0
223,atlas_4S456Parcels,223,RH_Vis_24,R,CORTEX,cortical parcel (visual network),NOT_AVAILABLE,CORTICAL,NOT_AVAILABLE,NOT_AVAILABLE,NOT_AVAILABLE,NOT_AVAILABLE,NOT_AVAILABLE,NOT_AVAILABLE,NOT_AVAILABLE,visual,NOT_AVAILABLE,NOT_AVAILABLE,NOT_AVAILABLE,atlas_4S456_system_labels.csv (+PROVENANCE); Yeo-7 prefixes on cortical labels,P2-v1.0.0,HIGH,MAPPED_HIGH_CONFIDENCE,0.00017585700791545,75.0,15050.22874764353,0.00010961635813114288,2.2945738830310616e-05,-inf,1.0,1.0,100,105.0,192.0,False,37.5,37.5
224,atlas_4S456Parcels,224,RH_Vis_25,R,CORTEX,cortical parcel (visual network),NOT_AVAILABLE,CORTICAL,NOT_AVAILABLE,NOT_AVAILABLE,NOT_AVAILABLE,NOT_AVAILABLE,NOT_AVAILABLE,NOT_AVAILABLE,NOT_AVAILABLE,visual,NOT_AVAILABLE,NOT_AVAILABLE,NOT_AVAILABLE,atlas_4S456_system_labels.csv (+PROVENANCE); Yeo-7 prefixes on cortical labels,P2-v1.0.0,HIGH,MAPPED_HIGH_CONFIDENCE,-8.783716645740136e-05,55.0,11664.823565028608,-0.0001531382157189392,2.6031360815725424e-05,-inf,1.0,1.0,100,267.0,190.0,False,27.5,27.5
225,atlas_4S456Parcels,225,RH_Vis_26,R,CORTEX,cortical parcel (visual network),NOT_AVAILABLE,CORTICAL,NOT_AVAILABLE,NOT_AVAILABLE,NOT_AVAILABLE,NOT_AVAILABLE,NOT_AVAILABLE,NOT_AVAILABLE,NOT_AVAILABLE,visual,NOT_AVAILABLE,NOT_AVAILABLE,NOT_AVAILABLE,atlas_4S456_system_labels.csv (+PROVENANCE); Yeo-7 prefixes on cortical labels,P2-v1.0.0,HIGH,MAPPED_HIGH_CONFIDENCE,0.00018110964716355,78.0,20968.809894226495,0.00018673268714823117,-7.795642064242127e-06,-inf,1.0,1.0,100,100.0,251.0,False,39.0,39.0
226,atlas_4S456Parcels,226,RH_Vis_27,R,CORTEX,cortical parcel (visual network),NOT_AVAILABLE,CORTICAL,NOT_AVAILABLE,NOT_AVAILABLE,NOT_AVAILABLE,NOT_AVAILABLE,NOT_AVAILABLE,NOT_AVAILABLE,NOT_AVAILABLE,visual,NOT_AVAILABLE,NOT_AVAILABLE,NOT_AVAILABLE,atlas_4S456_system_labels.csv (+PROVENANCE); Yeo-7 prefixes on cortical labels,P2-v1.0.0,HIGH,MAPPED_HIGH_CONFIDENCE,-9.507913290080806e-05,61.0,12672.850134693086,-6.765070688971654e-05,-3.0228728247789867e-05,-inf,1.0,1.0,100,276.0,279.0,False,30.5,30.5
227,atlas_4S456Parcels,227,RH_Vis_28,R,CORTEX,cortical parcel (visual network),NOT_AVAILABLE,CORTICAL,NOT_AVAILABLE,NOT_AVAILABLE,NOT_AVAILABLE,NOT_AVAILABLE,NOT_AVAILABLE,NOT_AVAILABLE,NOT_AVAILABLE,visual,NOT_AVAILABLE,NOT_AVAILABLE,NOT_AVAILABLE,atlas_4S456_system_labels.csv (+PROVENANCE); Yeo-7 prefixes on cortical labels,P2-v1.0.0,HIGH,MAPPED_HIGH_CONFIDENCE,0.00043857121437825,97.5,20488.5435353294,0.0004535263977263984,2.302057961157333e-05,-inf,1.0,1.0,100,39.0,191.0,False,48.75,48.75
228,atlas_4S456Parcels,228,RH_Vis_29,R,CORTEX,cortical parcel (visual network),NOT_AVAILABLE,CORTICAL,NOT_AVAILABLE,NOT_AVAILABLE,NOT_AVAILABLE,NOT_AVAILABLE,NOT_AVAILABLE,NOT_AVAILABLE,NOT_AVAILABLE,visual,NOT_AVAILABLE,NOT_AVAILABLE,NOT_AVAILABLE,atlas_4S456_system_labels.csv (+PROVENANCE); Yeo-7 prefixes on cortical labels,P2-v1.0.0,HIGH,MAPPED_HIGH_CONFIDENCE,0.00025281254954759996,84.0,17306.13172193244,0.0002664242739566729,5.438839998275172e-06,-inf,1.0,1.0,100,71.0,226.0,False,42.0,42.0
229,atlas_4S456Parcels,229,RH_Vis_30,R,CORTEX,cortical parcel (visual network),NOT_AVAILABLE,CORTICAL,NOT_AVAILABLE,NOT_AVAILABLE,NOT_AVAILABLE,NOT_AVAILABLE,NOT_AVAILABLE,NOT_AVAILABLE,NOT_AVAILABLE,visual,NOT_AVAILABLE,NOT_AVAILABLE,NOT_AVAILABLE,atlas_4S456_system_labels.csv (+PROVENANCE); Yeo-7 prefixes on cortical labels,P2-v1.0.0,HIGH,MAPPED_HIGH_CONFIDENCE,0.00014515536171895,76.0,13601.174564313143,0.00015400997819873093,5.57140357007271e-06,-inf,1.0,1.0,100,120.0,225.0,False,38.0,38.0
230,atlas_4S456Parcels,230,RH_SomMot_1,R,CORTEX,cortical parcel (somatomotor network),NOT_AVAILABLE,CORTICAL,NOT_AVAILABLE,NOT_AVAILABLE,NOT_AVAILABLE,NOT_AVAILABLE,NOT_AVAILABLE,NOT_AVAILABLE,NOT_AVAILABLE,somatomotor,NOT_AVAILABLE,NOT_AVAILABLE,NOT_AVAILABLE,atlas_4S456_system_labels.csv (+PROVENANCE); Yeo-7 prefixes on cortical labels,P2-v1.0.0,HIGH,MAPPED_HIGH_CONFIDENCE,0.0003041343652613,99.0,19706.875541582704,0.00045851734725321775,-0.00018736186695419673,-inf,1.0,1.0,100,62.0,449.0,False,49.5,49.5
231,atlas_4S456Parcels,231,RH_SomMot_2,R,CORTEX,cortical parcel (somatomotor network),NOT_AVAILABLE,CORTICAL,NOT_AVAILABLE,NOT_AVAILABLE,NOT_AVAILABLE,NOT_AVAILABLE,NOT_AVAILABLE,NOT_AVAILABLE,NOT_AVAILABLE,somatomotor,NOT_AVAILABLE,NOT_AVAILABLE,NOT_AVAILABLE,atlas_4S456_system_labels.csv (+PROVENANCE); Yeo-7 prefixes on cortical labels,P2-v1.0.0,HIGH,MAPPED_HIGH_CONFIDENCE,-9.447297793439804e-05,65.0,14145.833212949336,-1.4445298895549263e-05,-8.952083746111713e-05,-inf,1.0,1.0,100,274.0,359.0,False,32.5,32.5
232,atlas_4S456Parcels,232,RH_SomMot_3,R,CORTEX,cortical parcel (somatomotor network),NOT_AVAILABLE,CORTICAL,NOT_AVAILABLE,NOT_AVAILABLE,NOT_AVAILABLE,NOT_AVAILABLE,NOT_AVAILABLE,NOT_AVAILABLE,NOT_AVAILABLE,somatomotor,NOT_AVAILABLE,NOT_AVAILABLE,NOT_AVAILABLE,atlas_4S456_system_labels.csv (+PROVENANCE); Yeo-7 prefixes on cortical labels,P2-v1.0.0,HIGH,MAPPED_HIGH_CONFIDENCE,6.450199470959614e-05,78.0,13563.325309254229,0.00016441016154029753,-0.00013712729493856057,-inf,1.0,1.0,100,171.0,428.0,False,39.0,39.0
233,atlas_4S456Parcels,233,RH_SomMot_4,R,CORTEX,cortical parcel (somatomotor network),NOT_AVAILABLE,CORTICAL,NOT_AVAILABLE,NOT_AVAILABLE,NOT_AVAILABLE,NOT_AVAILABLE,NOT_AVAILABLE,NOT_AVAILABLE,NOT_AVAILABLE,somatomotor,NOT_AVAILABLE,NOT_AVAILABLE,NOT_AVAILABLE,atlas_4S456_system_labels.csv (+PROVENANCE); Yeo-7 prefixes on cortical labels,P2-v1.0.0,HIGH,MAPPED_HIGH_CONFIDENCE,-4.62593309833069e-05,69.0,9612.100027047098,4.55063151519161e-05,-0.00010645456456956129,-inf,1.0,1.0,100,244.0,381.0,False,34.5,34.5
234,atlas_4S456Parcels,234,RH_SomMot_5,R,CORTEX,cortical parcel (somatomotor network),NOT_AVAILABLE,CORTICAL,NOT_AVAILABLE,NOT_AVAILABLE,NOT_AVAILABLE,NOT_AVAILABLE,NOT_AVAILABLE,NOT_AVAILABLE,NOT_AVAILABLE,somatomotor,NOT_AVAILABLE,NOT_AVAILABLE,NOT_AVAILABLE,atlas_4S456_system_labels.csv (+PROVENANCE); Yeo-7 prefixes on cortical labels,P2-v1.0.0,HIGH,MAPPED_HIGH_CONFIDENCE,-0.00015371780675490002,63.0,7571.381225459278,-4.491236748369673e-05,-0.00011737170078871082,-inf,1.0,1.0,100,327.0,397.0,False,31.5,31.5
235,atlas_4S456Parcels,235,RH_SomMot_6,R,CORTEX,cortical parcel (somatomotor network),NOT_AVAILABLE,CORTICAL,NOT_AVAILABLE,NOT_AVAILABLE,NOT_AVAILABLE,NOT_AVAILABLE,NOT_AVAILABLE,NOT_AVAILABLE,NOT_AVAILABLE,somatomotor,NOT_AVAILABLE,NOT_AVAILABLE,NOT_AVAILABLE,atlas_4S456_system_labels.csv (+PROVENANCE); Yeo-7 prefixes on cortical labels,P2-v1.0.0,HIGH,MAPPED_HIGH_CONFIDENCE,-0.00027203566515949997,51.0,5631.617326274514,-0.00020408704314574684,-5.8467036766596584e-05,-inf,1.0,1.0,100,382.0,316.0,False,25.5,25.5
236,atlas_4S456Parcels,236,RH_SomMot_7,R,CORTEX,cortical parcel (somatomotor network),NOT_AVAILABLE,CORTICAL,NOT_AVAILABLE,NOT_AVAILABLE,NOT_AVAILABLE,NOT_AVAILABLE,NOT_AVAILABLE,NOT_AVAILABLE,NOT_AVAILABLE,somatomotor,NOT_AVAILABLE,NOT_AVAILABLE,NOT_AVAILABLE,atlas_4S456_system_labels.csv (+PROVENANCE); Yeo-7 prefixes on cortical labels,P2-v1.0.0,HIGH,MAPPED_HIGH_CONFIDENCE,4.198798514740009e-05,72.0,11781.9783372432,8.39773804878024e-05,-7.759540155105408e-05,-inf,1.0,1.0,100,190.0,340.0,False,36.0,36.0
237,atlas_4S456Parcels,237,RH_SomMot_8,R,CORTEX,cortical parcel (somatomotor network),NOT_AVAILABLE,CORTICAL,NOT_AVAILABLE,NOT_AVAILABLE,NOT_AVAILABLE,NOT_AVAILABLE,NOT_AVAILABLE,NOT_AVAILABLE,NOT_AVAILABLE,somatomotor,NOT_AVAILABLE,NOT_AVAILABLE,NOT_AVAILABLE,atlas_4S456_system_labels.csv (+PROVENANCE); Yeo-7 prefixes on cortical labels,P2-v1.0.0,HIGH,MAPPED_HIGH_CONFIDENCE,-5.580320891607243e-07,69.0,12093.87510112673,3.667923865895498e-05,-5.512389025506209e-05,-inf,1.0,1.0,100,208.0,311.0,False,34.5,34.5
238,atlas_4S456Parcels,238,RH_SomMot_9,R,CORTEX,cortical parcel (somatomotor network),NOT_AVAILABLE,CORTICAL,NOT_AVAILABLE,NOT_AVAILABLE,NOT_AVAILABLE,NOT_AVAILABLE,NOT_AVAILABLE,NOT_AVAILABLE,NOT_AVAILABLE,somatomotor,NOT_AVAILABLE,NOT_AVAILABLE,NOT_AVAILABLE,atlas_4S456_system_labels.csv (+PROVENANCE); Yeo-7 prefixes on cortical labels,P2-v1.0.0,HIGH,MAPPED_HIGH_CONFIDENCE,-0.0003756649915595,47.0,5614.038618087769,-0.0002644506141674786,-0.00012399287359720018,-inf,1.0,1.0,100,416.0,412.0,False,23.5,23.5
239,atlas_4S456Parcels,239,RH_SomMot_10,R,CORTEX,cortical parcel (somatomotor network),NOT_AVAILABLE,CORTICAL,NOT_AVAILABLE,NOT_AVAILABLE,NOT_AVAILABLE,NOT_AVAILABLE,NOT_AVAILABLE,NOT_AVAILABLE,NOT_AVAILABLE,somatomotor,NOT_AVAILABLE,NOT_AVAILABLE,NOT_AVAILABLE,atlas_4S456_system_labels.csv (+PROVENANCE); Yeo-7 prefixes on cortical labels,P2-v1.0.0,HIGH,MAPPED_HIGH_CONFIDENCE,6.827503250941659e-05,74.0,17624.252335056663,0.0001295129061600576,-9.191683856617987e-05,-inf,1.0,1.0,100,167.0,361.0,False,37.0,37.0
240,atlas_4S456Parcels,240,RH_SomMot_11,R,CORTEX,cortical parcel (somatomotor network),NOT_AVAILABLE,CORTICAL,NOT_AVAILABLE,NOT_AVAILABLE,NOT_AVAILABLE,NOT_AVAILABLE,NOT_AVAILABLE,NOT_AVAILABLE,NOT_AVAILABLE,somatomotor,NOT_AVAILABLE,NOT_AVAILABLE,NOT_AVAILABLE,atlas_4S456_system_labels.csv (+PROVENANCE); Yeo-7 prefixes on cortical labels,P2-v1.0.0,HIGH,MAPPED_HIGH_CONFIDENCE,-0.00043560005833505,40.0,4828.8507829234,-0.0003698548618828119,-8.831160137855854e-05,-inf,1.0,1.0,100,438.0,358.0,False,20.0,20.0
241,atlas_4S456Parcels,241,RH_SomMot_12,R,CORTEX,cortical parcel (somatomotor network),NOT_AVAILABLE,CORTICAL,NOT_AVAILABLE,NOT_AVAILABLE,NOT_AVAILABLE,NOT_AVAILABLE,NOT_AVAILABLE,NOT_AVAILABLE,NOT_AVAILABLE,somatomotor,NOT_AVAILABLE,NOT_AVAILABLE,NOT_AVAILABLE,atlas_4S456_system_labels.csv (+PROVENANCE); Yeo-7 prefixes on cortical labels,P2-v1.0.0,HIGH,MAPPED_HIGH_CONFIDENCE,-0.00014046671865865,63.0,10642.734180651605,-4.23111109529556e-05,-8.824894454591253e-05,-inf,1.0,1.0,100,319.0,356.0,False,31.5,31.5
242,atlas_4S456Parcels,242,RH_SomMot_13,R,CORTEX,cortical parcel (somatomotor network),NOT_AVAILABLE,CORTICAL,NOT_AVAILABLE,NOT_AVAILABLE,NOT_AVAILABLE,NOT_AVAILABLE,NOT_AVAILABLE,NOT_AVAILABLE,NOT_AVAILABLE,somatomotor,NOT_AVAILABLE,NOT_AVAILABLE,NOT_AVAILABLE,atlas_4S456_system_labels.csv (+PROVENANCE); Yeo-7 prefixes on cortical labels,P2-v1.0.0,HIGH,MAPPED_HIGH_CONFIDENCE,-0.00043098888528825003,42.0,5729.885758325458,-0.0003346492707303123,-9.317397173327598e-05,-inf,1.0,1.0,100,433.0,366.0,False,21.0,21.0
243,atlas_4S456Parcels,243,RH_SomMot_14,R,CORTEX,cortical parcel (somatomotor network),NOT_AVAILABLE,CORTICAL,NOT_AVAILABLE,NOT_AVAILABLE,NOT_AVAILABLE,NOT_AVAILABLE,NOT_AVAILABLE,NOT_AVAILABLE,NOT_AVAILABLE,somatomotor,NOT_AVAILABLE,NOT_AVAILABLE,NOT_AVAILABLE,atlas_4S456_system_labels.csv (+PROVENANCE); Yeo-7 prefixes on cortical labels,P2-v1.0.0,HIGH,MAPPED_HIGH_CONFIDENCE,-0.00043384202879255,45.0,7048.834194324911,-0.0002959422995007023,-0.00010809994518788505,-inf,1.0,1.0,100,437.0,382.0,False,22.5,22.5
244,atlas_4S456Parcels,244,RH_SomMot_15,R,CORTEX,cortical parcel (somatomotor network),NOT_AVAILABLE,CORTICAL,NOT_AVAILABLE,NOT_AVAILABLE,NOT_AVAILABLE,NOT_AVAILABLE,NOT_AVAILABLE,NOT_AVAILABLE,NOT_AVAILABLE,somatomotor,NOT_AVAILABLE,NOT_AVAILABLE,NOT_AVAILABLE,atlas_4S456_system_labels.csv (+PROVENANCE); Yeo-7 prefixes on cortical labels,P2-v1.0.0,HIGH,MAPPED_HIGH_CONFIDENCE,-0.00017397211129075,56.0,6291.8871648311615,-0.00014540190851670826,-2.7827094512660708e-05,-inf,1.0,1.0,100,345.0,276.0,False,28.0,28.0
245,atlas_4S456Parcels,245,RH_SomMot_16,R,CORTEX,cortical parcel (somatomotor network),NOT_AVAILABLE,CORTICAL,NOT_AVAILABLE,NOT_AVAILABLE,NOT_AVAILABLE,NOT_AVAILABLE,NOT_AVAILABLE,NOT_AVAILABLE,NOT_AVAILABLE,somatomotor,NOT_AVAILABLE,NOT_AVAILABLE,NOT_AVAILABLE,atlas_4S456_system_labels.csv (+PROVENANCE); Yeo-7 prefixes on cortical labels,P2-v1.0.0,HIGH,MAPPED_HIGH_CONFIDENCE,2.1359694660973157e-05,73.0,15113.957575283945,8.430863633863658e-05,-8.404754021174043e-05,-inf,1.0,1.0,100,197.0,348.0,False,36.5,36.5
246,atlas_4S456Parcels,246,RH_SomMot_17,R,CORTEX,cortical parcel (somatomotor network),NOT_AVAILABLE,CORTICAL,NOT_AVAILABLE,NOT_AVAILABLE,NOT_AVAILABLE,NOT_AVAILABLE,NOT_AVAILABLE,NOT_AVAILABLE,NOT_AVAILABLE,somatomotor,NOT_AVAILABLE,NOT_AVAILABLE,NOT_AVAILABLE,atlas_4S456_system_labels.csv (+PROVENANCE); Yeo-7 prefixes on cortical labels,P2-v1.0.0,HIGH,MAPPED_HIGH_CONFIDENCE,-0.0003699605137602,48.0,7764.688661471009,-0.00026134668439917115,-0.00011767351917047858,-inf,1.0,1.0,100,413.0,399.0,False,24.0,24.0
247,atlas_4S456Parcels,247,RH_SomMot_18,R,CORTEX,cortical parcel (somatomotor network),NOT_AVAILABLE,CORTICAL,NOT_AVAILABLE,NOT_AVAILABLE,NOT_AVAILABLE,NOT_AVAILABLE,NOT_AVAILABLE,NOT_AVAILABLE,NOT_AVAILABLE,somatomotor,NOT_AVAILABLE,NOT_AVAILABLE,NOT_AVAILABLE,atlas_4S456_system_labels.csv (+PROVENANCE); Yeo-7 prefixes on cortical labels,P2-v1.0.0,HIGH,MAPPED_HIGH_CONFIDENCE,4.532362908084526e-05,70.5,11224.865012802184,6.062032653616638e-05,-1.6533463226130887e-05,-inf,1.0,1.0,100,186.0,263.0,False,35.25,35.25
248,atlas_4S456Parcels,248,RH_SomMot_19,R,CORTEX,cortical parcel (somatomotor network),NOT_AVAILABLE,CORTICAL,NOT_AVAILABLE,NOT_AVAILABLE,NOT_AVAILABLE,NOT_AVAILABLE,NOT_AVAILABLE,NOT_AVAILABLE,NOT_AVAILABLE,somatomotor,NOT_AVAILABLE,NOT_AVAILABLE,NOT_AVAILABLE,atlas_4S456_system_labels.csv (+PROVENANCE); Yeo-7 prefixes on cortical labels,P2-v1.0.0,HIGH,MAPPED_HIGH_CONFIDENCE,-0.000432310130962,43.0,6291.069721862674,-0.0003395093547271986,-0.00011085038308779462,-inf,1.0,1.0,100,435.0,388.0,False,21.5,21.5
249,atlas_4S456Parcels,249,RH_SomMot_20,R,CORTEX,cortical parcel (somatomotor network),NOT_AVAILABLE,CORTICAL,NOT_AVAILABLE,NOT_AVAILABLE,NOT_AVAILABLE,NOT_AVAILABLE,NOT_AVAILABLE,NOT_AVAILABLE,NOT_AVAILABLE,somatomotor,NOT_AVAILABLE,NOT_AVAILABLE,NOT_AVAILABLE,atlas_4S456_system_labels.csv (+PROVENANCE); Yeo-7 prefixes on cortical labels,P2-v1.0.0,HIGH,MAPPED_HIGH_CONFIDENCE,-0.00027109256114935,45.0,7784.957811795175,-0.0003162046702189183,4.8589346412262026e-05,-inf,1.0,1.0,100,381.0,147.0,False,22.5,22.5
250,atlas_4S456Parcels,250,RH_SomMot_21,R,CORTEX,cortical parcel (somatomotor network),NOT_AVAILABLE,CORTICAL,NOT_AVAILABLE,NOT_AVAILABLE,NOT_AVAILABLE,NOT_AVAILABLE,NOT_AVAILABLE,NOT_AVAILABLE,NOT_AVAILABLE,somatomotor,NOT_AVAILABLE,NOT_AVAILABLE,NOT_AVAILABLE,atlas_4S456_system_labels.csv (+PROVENANCE); Yeo-7 prefixes on cortical labels,P2-v1.0.0,HIGH,MAPPED_HIGH_CONFIDENCE,-0.0002984271514837,49.0,7426.16567838937,-0.00023288745238033513,-6.45238062125781e-05,-inf,1.0,1.0,100,395.0,324.0,False,24.5,24.5
251,atlas_4S456Parcels,251,RH_SomMot_22,R,CORTEX,cortical parcel (somatomotor network),NOT_AVAILABLE,CORTICAL,NOT_AVAILABLE,NOT_AVAILABLE,NOT_AVAILABLE,NOT_AVAILABLE,NOT_AVAILABLE,NOT_AVAILABLE,NOT_AVAILABLE,somatomotor,NOT_AVAILABLE,NOT_AVAILABLE,NOT_AVAILABLE,atlas_4S456_system_labels.csv (+PROVENANCE); Yeo-7 prefixes on cortical labels,P2-v1.0.0,HIGH,MAPPED_HIGH_CONFIDENCE,0.00011102261190355,71.0,11700.202044948936,7.04804057628679e-05,3.4868284041981015e-05,-inf,1.0,1.0,100,133.0,172.0,False,35.5,35.5
252,atlas_4S456Parcels,252,RH_SomMot_23,R,CORTEX,cortical parcel (somatomotor network),NOT_AVAILABLE,CORTICAL,NOT_AVAILABLE,NOT_AVAILABLE,NOT_AVAILABLE,NOT_AVAILABLE,NOT_AVAILABLE,NOT_AVAILABLE,NOT_AVAILABLE,somatomotor,NOT_AVAILABLE,NOT_AVAILABLE,NOT_AVAILABLE,atlas_4S456_system_labels.csv (+PROVENANCE); Yeo-7 prefixes on cortical labels,P2-v1.0.0,HIGH,MAPPED_HIGH_CONFIDENCE,-0.0001454513304697,64.0,14109.28827317059,-2.8239802359420493e-05,-0.00011297805769137865,-inf,1.0,1.0,100,322.0,393.0,False,32.0,32.0
253,atlas_4S456Parcels,253,RH_SomMot_24,R,CORTEX,cortical parcel (somatomotor network),NOT_AVAILABLE,CORTICAL,NOT_AVAILABLE,NOT_AVAILABLE,NOT_AVAILABLE,NOT_AVAILABLE,NOT_AVAILABLE,NOT_AVAILABLE,NOT_AVAILABLE,somatomotor,NOT_AVAILABLE,NOT_AVAILABLE,NOT_AVAILABLE,atlas_4S456_system_labels.csv (+PROVENANCE); Yeo-7 prefixes on cortical labels,P2-v1.0.0,HIGH,MAPPED_HIGH_CONFIDENCE,0.00034468323839135,84.0,20671.20850712806,0.00022241976639845217,0.00010347066671372246,-inf,1.0,1.0,100,54.0,58.0,False,42.0,42.0
254,atlas_4S456Parcels,254,RH_SomMot_25,R,CORTEX,cortical parcel (somatomotor network),NOT_AVAILABLE,CORTICAL,NOT_AVAILABLE,NOT_AVAILABLE,NOT_AVAILABLE,NOT_AVAILABLE,NOT_AVAILABLE,NOT_AVAILABLE,NOT_AVAILABLE,somatomotor,NOT_AVAILABLE,NOT_AVAILABLE,NOT_AVAILABLE,atlas_4S456_system_labels.csv (+PROVENANCE); Yeo-7 prefixes on cortical labels,P2-v1.0.0,HIGH,MAPPED_HIGH_CONFIDENCE,-0.00037772820585734996,44.0,7274.297640107572,-0.0003116626635682112,-6.721660408260402e-05,-inf,1.0,1.0,100,417.0,327.0,False,22.0,22.0
255,atlas_4S456Parcels,255,RH_SomMot_26,R,CORTEX,cortical parcel (somatomotor network),NOT_AVAILABLE,CORTICAL,NOT_AVAILABLE,NOT_AVAILABLE,NOT_AVAILABLE,NOT_AVAILABLE,NOT_AVAILABLE,NOT_AVAILABLE,NOT_AVAILABLE,somatomotor,NOT_AVAILABLE,NOT_AVAILABLE,NOT_AVAILABLE,atlas_4S456_system_labels.csv (+PROVENANCE); Yeo-7 prefixes on cortical labels,P2-v1.0.0,HIGH,MAPPED_HIGH_CONFIDENCE,0.00021702738964725,83.0,22183.915566667914,0.0002469793180207893,-1.626911769684442e-05,-inf,1.0,1.0,100,85.0,262.0,False,41.5,41.5
256,atlas_4S456Parcels,256,RH_SomMot_27,R,CORTEX,cortical parcel (somatomotor network),NOT_AVAILABLE,CORTICAL,NOT_AVAILABLE,NOT_AVAILABLE,NOT_AVAILABLE,NOT_AVAILABLE,NOT_AVAILABLE,NOT_AVAILABLE,NOT_AVAILABLE,somatomotor,NOT_AVAILABLE,NOT_AVAILABLE,NOT_AVAILABLE,atlas_4S456_system_labels.csv (+PROVENANCE); Yeo-7 prefixes on cortical labels,P2-v1.0.0,HIGH,MAPPED_HIGH_CONFIDENCE,6.059744730364542e-05,73.0,10980.131101310251,0.00010032803648581874,-6.245583551514199e-05,-inf,1.0,1.0,100,174.0,322.0,False,36.5,36.5
257,atlas_4S456Parcels,257,RH_SomMot_28,R,CORTEX,cortical parcel (somatomotor network),NOT_AVAILABLE,CORTICAL,NOT_AVAILABLE,NOT_AVAILABLE,NOT_AVAILABLE,NOT_AVAILABLE,NOT_AVAILABLE,NOT_AVAILABLE,NOT_AVAILABLE,somatomotor,NOT_AVAILABLE,NOT_AVAILABLE,NOT_AVAILABLE,atlas_4S456_system_labels.csv (+PROVENANCE); Yeo-7 prefixes on cortical labels,P2-v1.0.0,HIGH,MAPPED_HIGH_CONFIDENCE,5.202017734467553e-05,69.0,7796.15781724453,7.636668163915028e-05,-4.660336974205727e-05,-inf,1.0,1.0,100,178.0,299.0,False,34.5,34.5
258,atlas_4S456Parcels,258,RH_SomMot_29,R,CORTEX,cortical parcel (somatomotor network),NOT_AVAILABLE,CORTICAL,NOT_AVAILABLE,NOT_AVAILABLE,NOT_AVAILABLE,NOT_AVAILABLE,NOT_AVAILABLE,NOT_AVAILABLE,NOT_AVAILABLE,somatomotor,NOT_AVAILABLE,NOT_AVAILABLE,NOT_AVAILABLE,atlas_4S456_system_labels.csv (+PROVENANCE); Yeo-7 prefixes on cortical labels,P2-v1.0.0,HIGH,MAPPED_HIGH_CONFIDENCE,-0.0002223128742045,54.0,8976.349530048668,-0.00014462343989547473,-6.697339738526959e-05,-inf,1.0,1.0,100,365.0,326.0,False,27.0,27.0
259,atlas_4S456Parcels,259,RH_SomMot_30,R,CORTEX,cortical parcel (somatomotor network),NOT_AVAILABLE,CORTICAL,NOT_AVAILABLE,NOT_AVAILABLE,NOT_AVAILABLE,NOT_AVAILABLE,NOT_AVAILABLE,NOT_AVAILABLE,NOT_AVAILABLE,somatomotor,NOT_AVAILABLE,NOT_AVAILABLE,NOT_AVAILABLE,atlas_4S456_system_labels.csv (+PROVENANCE); Yeo-7 prefixes on cortical labels,P2-v1.0.0,HIGH,MAPPED_HIGH_CONFIDENCE,0.00010911243211145,64.0,10014.344959147274,-5.414816375777664e-05,0.00010072419187142064,-inf,1.0,1.0,100,135.0,66.0,False,32.0,32.0
260,atlas_4S456Parcels,260,RH_SomMot_31,R,CORTEX,cortical parcel (somatomotor network),NOT_AVAILABLE,CORTICAL,NOT_AVAILABLE,NOT_AVAILABLE,NOT_AVAILABLE,NOT_AVAILABLE,NOT_AVAILABLE,NOT_AVAILABLE,NOT_AVAILABLE,somatomotor,NOT_AVAILABLE,NOT_AVAILABLE,NOT_AVAILABLE,atlas_4S456_system_labels.csv (+PROVENANCE); Yeo-7 prefixes on cortical labels,P2-v1.0.0,HIGH,MAPPED_HIGH_CONFIDENCE,4.640362407552365e-05,65.0,13316.618868067862,1.5501962960770869e-06,3.7742650444933055e-05,-inf,1.0,1.0,100,185.0,169.0,False,32.5,32.5
261,atlas_4S456Parcels,261,RH_SomMot_32,R,CORTEX,cortical parcel (somatomotor network),NOT_AVAILABLE,CORTICAL,NOT_AVAILABLE,NOT_AVAILABLE,NOT_AVAILABLE,NOT_AVAILABLE,NOT_AVAILABLE,NOT_AVAILABLE,NOT_AVAILABLE,somatomotor,NOT_AVAILABLE,NOT_AVAILABLE,NOT_AVAILABLE,atlas_4S456_system_labels.csv (+PROVENANCE); Yeo-7 prefixes on cortical labels,P2-v1.0.0,HIGH,MAPPED_HIGH_CONFIDENCE,0.00011276253053455,67.0,7742.424785725772,-5.3377420153900834e-06,0.00010339380354027053,-inf,1.0,1.0,100,131.0,59.0,False,33.5,33.5
262,atlas_4S456Parcels,262,RH_SomMot_33,R,CORTEX,cortical parcel (somatomotor network),NOT_AVAILABLE,CORTICAL,NOT_AVAILABLE,NOT_AVAILABLE,NOT_AVAILABLE,NOT_AVAILABLE,NOT_AVAILABLE,NOT_AVAILABLE,NOT_AVAILABLE,somatomotor,NOT_AVAILABLE,NOT_AVAILABLE,NOT_AVAILABLE,atlas_4S456_system_labels.csv (+PROVENANCE); Yeo-7 prefixes on cortical labels,P2-v1.0.0,HIGH,MAPPED_HIGH_CONFIDENCE,-9.81055226831331e-05,54.0,7089.32088252902,-0.00014855826966056883,5.862797007393002e-05,-inf,1.0,1.0,100,279.0,123.0,False,27.0,27.0
263,atlas_4S456Parcels,263,RH_SomMot_34,R,CORTEX,cortical parcel (somatomotor network),NOT_AVAILABLE,CORTICAL,NOT_AVAILABLE,NOT_AVAILABLE,NOT_AVAILABLE,NOT_AVAILABLE,NOT_AVAILABLE,NOT_AVAILABLE,NOT_AVAILABLE,somatomotor,NOT_AVAILABLE,NOT_AVAILABLE,NOT_AVAILABLE,atlas_4S456_system_labels.csv (+PROVENANCE); Yeo-7 prefixes on cortical labels,P2-v1.0.0,HIGH,MAPPED_HIGH_CONFIDENCE,-8.567431523482158e-05,56.0,6033.24517711997,-0.00012397020654351525,3.079108530837295e-05,-inf,1.0,1.0,100,265.0,182.0,False,28.0,28.0
264,atlas_4S456Parcels,264,RH_SomMot_35,R,CORTEX,cortical parcel (somatomotor network),NOT_AVAILABLE,CORTICAL,NOT_AVAILABLE,NOT_AVAILABLE,NOT_AVAILABLE,NOT_AVAILABLE,NOT_AVAILABLE,NOT_AVAILABLE,NOT_AVAILABLE,somatomotor,NOT_AVAILABLE,NOT_AVAILABLE,NOT_AVAILABLE,atlas_4S456_system_labels.csv (+PROVENANCE); Yeo-7 prefixes on cortical labels,P2-v1.0.0,HIGH,MAPPED_HIGH_CONFIDENCE,-7.72787110252113e-06,59.0,5188.926654487848,-8.747930333120906e-05,5.0451977285265045e-05,-inf,1.0,1.0,100,214.0,141.0,False,29.5,29.5
265,atlas_4S456Parcels,265,RH_SomMot_36,R,CORTEX,cortical parcel (somatomotor network),NOT_AVAILABLE,CORTICAL,NOT_AVAILABLE,NOT_AVAILABLE,NOT_AVAILABLE,NOT_AVAILABLE,NOT_AVAILABLE,NOT_AVAILABLE,NOT_AVAILABLE,somatomotor,NOT_AVAILABLE,NOT_AVAILABLE,NOT_AVAILABLE,atlas_4S456_system_labels.csv (+PROVENANCE); Yeo-7 prefixes on cortical labels,P2-v1.0.0,HIGH,MAPPED_HIGH_CONFIDENCE,0.00013098160826365002,68.0,13107.137421384454,2.9413412609557833e-05,8.164271068690726e-05,-inf,1.0,1.0,100,126.0,92.0,False,34.0,34.0
266,atlas_4S456Parcels,266,RH_SomMot_37,R,CORTEX,cortical parcel (somatomotor network),NOT_AVAILABLE,CORTICAL,NOT_AVAILABLE,NOT_AVAILABLE,NOT_AVAILABLE,NOT_AVAILABLE,NOT_AVAILABLE,NOT_AVAILABLE,NOT_AVAILABLE,somatomotor,NOT_AVAILABLE,NOT_AVAILABLE,NOT_AVAILABLE,atlas_4S456_system_labels.csv (+PROVENANCE); Yeo-7 prefixes on cortical labels,P2-v1.0.0,HIGH,MAPPED_HIGH_CONFIDENCE,0.00012201879706344999,68.0,6145.594848267734,2.5563015122761752e-05,5.708582381085686e-05,-inf,1.0,1.0,100,127.0,127.0,False,34.0,34.0
267,atlas_4S456Parcels,267,RH_SomMot_38,R,CORTEX,cortical parcel (somatomotor network),NOT_AVAILABLE,CORTICAL,NOT_AVAILABLE,NOT_AVAILABLE,NOT_AVAILABLE,NOT_AVAILABLE,NOT_AVAILABLE,NOT_AVAILABLE,NOT_AVAILABLE,somatomotor,NOT_AVAILABLE,NOT_AVAILABLE,NOT_AVAILABLE,atlas_4S456_system_labels.csv (+PROVENANCE); Yeo-7 prefixes on cortical labels,P2-v1.0.0,HIGH,MAPPED_HIGH_CONFIDENCE,0.0003502944832728,85.0,18738.389198452234,0.0002681618487304139,8.776426219004864e-05,-inf,1.0,1.0,100,51.0,78.0,False,42.5,42.5
268,atlas_4S456Parcels,268,RH_SomMot_39,R,CORTEX,cortical parcel (somatomotor network),NOT_AVAILABLE,CORTICAL,NOT_AVAILABLE,NOT_AVAILABLE,NOT_AVAILABLE,NOT_AVAILABLE,NOT_AVAILABLE,NOT_AVAILABLE,NOT_AVAILABLE,somatomotor,NOT_AVAILABLE,NOT_AVAILABLE,NOT_AVAILABLE,atlas_4S456_system_labels.csv (+PROVENANCE); Yeo-7 prefixes on cortical labels,P2-v1.0.0,HIGH,MAPPED_HIGH_CONFIDENCE,0.00023006852542949998,79.0,14667.561961166562,0.00018572067319966087,4.377718718466949e-05,-inf,1.0,1.0,100,81.0,155.0,False,39.5,39.5
269,atlas_4S456Parcels,269,RH_SomMot_40,R,CORTEX,cortical parcel (somatomotor network),NOT_AVAILABLE,CORTICAL,NOT_AVAILABLE,NOT_AVAILABLE,NOT_AVAILABLE,NOT_AVAILABLE,NOT_AVAILABLE,NOT_AVAILABLE,NOT_AVAILABLE,somatomotor,NOT_AVAILABLE,NOT_AVAILABLE,NOT_AVAILABLE,atlas_4S456_system_labels.csv (+PROVENANCE); Yeo-7 prefixes on cortical labels,P2-v1.0.0,HIGH,MAPPED_HIGH_CONFIDENCE,-0.0001552765350043,47.0,4860.825316421688,-0.00026914773540474574,0.00010272403257572044,-inf,1.0,1.0,100,330.0,61.0,False,23.5,23.5
270,atlas_4S456Parcels,270,RH_DorsAttn_Post_1,R,CORTEX,cortical parcel (dorsal attention network),NOT_AVAILABLE,CORTICAL,NOT_AVAILABLE,NOT_AVAILABLE,NOT_AVAILABLE,NOT_AVAILABLE,NOT_AVAILABLE,NOT_AVAILABLE,NOT_AVAILABLE,dorsal attention,NOT_AVAILABLE,NOT_AVAILABLE,NOT_AVAILABLE,atlas_4S456_system_labels.csv (+PROVENANCE); Yeo-7 prefixes on cortical labels,P2-v1.0.0,HIGH,MAPPED_HIGH_CONFIDENCE,0.00017282165087805,81.5,33060.085327133536,0.00023314871236740625,-5.3200517669763696e-05,-inf,1.0,1.0,100,106.0,307.0,False,40.75,40.75
271,atlas_4S456Parcels,271,RH_DorsAttn_Post_2,R,CORTEX,cortical parcel (dorsal attention network),NOT_AVAILABLE,CORTICAL,NOT_AVAILABLE,NOT_AVAILABLE,NOT_AVAILABLE,NOT_AVAILABLE,NOT_AVAILABLE,NOT_AVAILABLE,NOT_AVAILABLE,dorsal attention,NOT_AVAILABLE,NOT_AVAILABLE,NOT_AVAILABLE,atlas_4S456_system_labels.csv (+PROVENANCE); Yeo-7 prefixes on cortical labels,P2-v1.0.0,HIGH,MAPPED_HIGH_CONFIDENCE,-0.00021719766045404998,57.0,11652.155786857009,-0.00013578327757779988,-9.554202163473003e-05,-inf,1.0,1.0,100,362.0,369.0,False,28.5,28.5
272,atlas_4S456Parcels,272,RH_DorsAttn_Post_3,R,CORTEX,cortical parcel (dorsal attention network),NOT_AVAILABLE,CORTICAL,NOT_AVAILABLE,NOT_AVAILABLE,NOT_AVAILABLE,NOT_AVAILABLE,NOT_AVAILABLE,NOT_AVAILABLE,NOT_AVAILABLE,dorsal attention,NOT_AVAILABLE,NOT_AVAILABLE,NOT_AVAILABLE,atlas_4S456_system_labels.csv (+PROVENANCE); Yeo-7 prefixes on cortical labels,P2-v1.0.0,HIGH,MAPPED_HIGH_CONFIDENCE,-0.00040150152552635,47.0,12487.415665969253,-0.00026683373078916075,-0.00012646281573333758,-inf,1.0,1.0,100,429.0,418.0,False,23.5,23.5
273,atlas_4S456Parcels,273,RH_DorsAttn_Post_4,R,CORTEX,cortical parcel (dorsal attention network),NOT_AVAILABLE,CORTICAL,NOT_AVAILABLE,NOT_AVAILABLE,NOT_AVAILABLE,NOT_AVAILABLE,NOT_AVAILABLE,NOT_AVAILABLE,NOT_AVAILABLE,dorsal attention,NOT_AVAILABLE,NOT_AVAILABLE,NOT_AVAILABLE,atlas_4S456_system_labels.csv (+PROVENANCE); Yeo-7 prefixes on cortical labels,P2-v1.0.0,HIGH,MAPPED_HIGH_CONFIDENCE,4.481524430009674e-05,75.0,15316.752868629992,0.0001377330816691858,-9.774852193662618e-05,-inf,1.0,1.0,100,187.0,372.0,False,37.5,37.5
274,atlas_4S456Parcels,274,RH_DorsAttn_Post_5,R,CORTEX,cortical parcel (dorsal attention network),NOT_AVAILABLE,CORTICAL,NOT_AVAILABLE,NOT_AVAILABLE,NOT_AVAILABLE,NOT_AVAILABLE,NOT_AVAILABLE,NOT_AVAILABLE,NOT_AVAILABLE,dorsal attention,NOT_AVAILABLE,NOT_AVAILABLE,NOT_AVAILABLE,atlas_4S456_system_labels.csv (+PROVENANCE); Yeo-7 prefixes on cortical labels,P2-v1.0.0,HIGH,MAPPED_HIGH_CONFIDENCE,-0.0003989133515904,37.5,8029.095455154777,-0.000406383304741967,8.656406361272871e-06,-inf,1.0,1.0,100,427.0,218.0,False,18.75,18.75
275,atlas_4S456Parcels,275,RH_DorsAttn_Post_6,R,CORTEX,cortical parcel (dorsal attention network),NOT_AVAILABLE,CORTICAL,NOT_AVAILABLE,NOT_AVAILABLE,NOT_AVAILABLE,NOT_AVAILABLE,NOT_AVAILABLE,NOT_AVAILABLE,NOT_AVAILABLE,dorsal attention,NOT_AVAILABLE,NOT_AVAILABLE,NOT_AVAILABLE,atlas_4S456_system_labels.csv (+PROVENANCE); Yeo-7 prefixes on cortical labels,P2-v1.0.0,HIGH,MAPPED_HIGH_CONFIDENCE,-0.00042286033100770004,42.5,5954.048461653292,-0.0003443620178864921,-0.00010258887230310803,-inf,1.0,1.0,100,431.0,379.0,False,21.25,21.25
276,atlas_4S456Parcels,276,RH_DorsAttn_Post_7,R,CORTEX,cortical parcel (dorsal attention network),NOT_AVAILABLE,CORTICAL,NOT_AVAILABLE,NOT_AVAILABLE,NOT_AVAILABLE,NOT_AVAILABLE,NOT_AVAILABLE,NOT_AVAILABLE,NOT_AVAILABLE,dorsal attention,NOT_AVAILABLE,NOT_AVAILABLE,NOT_AVAILABLE,atlas_4S456_system_labels.csv (+PROVENANCE); Yeo-7 prefixes on cortical labels,P2-v1.0.0,HIGH,MAPPED_HIGH_CONFIDENCE,-0.00014267603710965,51.0,5494.658313073218,-0.0002109642135483599,3.912837772609073e-05,-inf,1.0,1.0,100,321.0,166.0,False,25.5,25.5
277,atlas_4S456Parcels,277,RH_DorsAttn_Post_8,R,CORTEX,cortical parcel (dorsal attention network),NOT_AVAILABLE,CORTICAL,NOT_AVAILABLE,NOT_AVAILABLE,NOT_AVAILABLE,NOT_AVAILABLE,NOT_AVAILABLE,NOT_AVAILABLE,NOT_AVAILABLE,dorsal attention,NOT_AVAILABLE,NOT_AVAILABLE,NOT_AVAILABLE,atlas_4S456_system_labels.csv (+PROVENANCE); Yeo-7 prefixes on cortical labels,P2-v1.0.0,HIGH,MAPPED_HIGH_CONFIDENCE,-0.0002962534946223,52.0,10682.052280560136,-0.00018860725880544147,-0.00011236670523575654,-inf,1.0,1.0,100,393.0,390.0,False,26.0,26.0
278,atlas_4S456Parcels,278,RH_DorsAttn_Post_9,R,CORTEX,cortical parcel (dorsal attention network),NOT_AVAILABLE,CORTICAL,NOT_AVAILABLE,NOT_AVAILABLE,NOT_AVAILABLE,NOT_AVAILABLE,NOT_AVAILABLE,NOT_AVAILABLE,NOT_AVAILABLE,dorsal attention,NOT_AVAILABLE,NOT_AVAILABLE,NOT_AVAILABLE,atlas_4S456_system_labels.csv (+PROVENANCE); Yeo-7 prefixes on cortical labels,P2-v1.0.0,HIGH,MAPPED_HIGH_CONFIDENCE,-0.00051079998858755,41.0,7411.670584239066,-0.00036353644903250836,-0.00015606815350079122,-inf,1.0,1.0,100,451.0,439.0,False,20.5,20.5
279,atlas_4S456Parcels,279,RH_DorsAttn_Post_10,R,CORTEX,cortical parcel (dorsal attention network),NOT_AVAILABLE,CORTICAL,NOT_AVAILABLE,NOT_AVAILABLE,NOT_AVAILABLE,NOT_AVAILABLE,NOT_AVAILABLE,NOT_AVAILABLE,NOT_AVAILABLE,dorsal attention,NOT_AVAILABLE,NOT_AVAILABLE,NOT_AVAILABLE,atlas_4S456_system_labels.csv (+PROVENANCE); Yeo-7 prefixes on cortical labels,P2-v1.0.0,HIGH,MAPPED_HIGH_CONFIDENCE,-0.00028773014672754996,46.0,7456.094088725746,-0.00027673311497988887,-1.4559522379244008e-05,-inf,1.0,1.0,100,387.0,257.0,False,23.0,23.0
280,atlas_4S456Parcels,280,RH_DorsAttn_Post_11,R,CORTEX,cortical parcel (dorsal attention network),NOT_AVAILABLE,CORTICAL,NOT_AVAILABLE,NOT_AVAILABLE,NOT_AVAILABLE,NOT_AVAILABLE,NOT_AVAILABLE,NOT_AVAILABLE,NOT_AVAILABLE,dorsal attention,NOT_AVAILABLE,NOT_AVAILABLE,NOT_AVAILABLE,atlas_4S456_system_labels.csv (+PROVENANCE); Yeo-7 prefixes on cortical labels,P2-v1.0.0,HIGH,MAPPED_HIGH_CONFIDENCE,-0.0003820840084234,46.0,11652.420167565346,-0.0002609429392405177,-0.00011895812129324968,-inf,1.0,1.0,100,418.0,401.0,False,23.0,23.0
281,atlas_4S456Parcels,281,RH_DorsAttn_Post_12,R,CORTEX,cortical parcel (dorsal attention network),NOT_AVAILABLE,CORTICAL,NOT_AVAILABLE,NOT_AVAILABLE,NOT_AVAILABLE,NOT_AVAILABLE,NOT_AVAILABLE,NOT_AVAILABLE,NOT_AVAILABLE,dorsal attention,NOT_AVAILABLE,NOT_AVAILABLE,NOT_AVAILABLE,atlas_4S456_system_labels.csv (+PROVENANCE); Yeo-7 prefixes on cortical labels,P2-v1.0.0,HIGH,MAPPED_HIGH_CONFIDENCE,0.0001033627812862,69.0,11450.118166916072,5.262868764311457e-05,4.3155409418824705e-05,-inf,1.0,1.0,100,137.0,156.0,False,34.5,34.5
282,atlas_4S456Parcels,282,RH_DorsAttn_Post_13,R,CORTEX,cortical parcel (dorsal attention network),NOT_AVAILABLE,CORTICAL,NOT_AVAILABLE,NOT_AVAILABLE,NOT_AVAILABLE,NOT_AVAILABLE,NOT_AVAILABLE,NOT_AVAILABLE,NOT_AVAILABLE,dorsal attention,NOT_AVAILABLE,NOT_AVAILABLE,NOT_AVAILABLE,atlas_4S456_system_labels.csv (+PROVENANCE); Yeo-7 prefixes on cortical labels,P2-v1.0.0,HIGH,MAPPED_HIGH_CONFIDENCE,-0.00033627020338455004,50.0,9187.95560361445,-0.00020756433619098294,-0.00011657517098191678,-inf,1.0,1.0,100,409.0,396.0,False,25.0,25.0
283,atlas_4S456Parcels,283,RH_DorsAttn_Post_14,R,CORTEX,cortical parcel (dorsal attention network),NOT_AVAILABLE,CORTICAL,NOT_AVAILABLE,NOT_AVAILABLE,NOT_AVAILABLE,NOT_AVAILABLE,NOT_AVAILABLE,NOT_AVAILABLE,NOT_AVAILABLE,dorsal attention,NOT_AVAILABLE,NOT_AVAILABLE,NOT_AVAILABLE,atlas_4S456_system_labels.csv (+PROVENANCE); Yeo-7 prefixes on cortical labels,P2-v1.0.0,HIGH,MAPPED_HIGH_CONFIDENCE,-4.812153223421739e-05,67.0,14079.408798791468,2.588439314327168e-05,-8.404665195275358e-05,-inf,1.0,1.0,100,246.0,347.0,False,33.5,33.5
284,atlas_4S456Parcels,284,RH_DorsAttn_Post_15,R,CORTEX,cortical parcel (dorsal attention network),NOT_AVAILABLE,CORTICAL,NOT_AVAILABLE,NOT_AVAILABLE,NOT_AVAILABLE,NOT_AVAILABLE,NOT_AVAILABLE,NOT_AVAILABLE,NOT_AVAILABLE,dorsal attention,NOT_AVAILABLE,NOT_AVAILABLE,NOT_AVAILABLE,atlas_4S456_system_labels.csv (+PROVENANCE); Yeo-7 prefixes on cortical labels,P2-v1.0.0,HIGH,MAPPED_HIGH_CONFIDENCE,0.00042426251450465,90.0,9972.157617874444,0.0003463152774906758,7.457044752361879e-05,-inf,1.0,1.0,100,41.0,102.0,False,45.0,45.0
285,atlas_4S456Parcels,285,RH_DorsAttn_Post_16,R,CORTEX,cortical parcel (dorsal attention network),NOT_AVAILABLE,CORTICAL,NOT_AVAILABLE,NOT_AVAILABLE,NOT_AVAILABLE,NOT_AVAILABLE,NOT_AVAILABLE,NOT_AVAILABLE,NOT_AVAILABLE,dorsal attention,NOT_AVAILABLE,NOT_AVAILABLE,NOT_AVAILABLE,atlas_4S456_system_labels.csv (+PROVENANCE); Yeo-7 prefixes on cortical labels,P2-v1.0.0,HIGH,MAPPED_HIGH_CONFIDENCE,0.00014743143017425,77.0,12934.005640804768,0.00016260019459208815,-1.6168679686002032e-05,-inf,1.0,1.0,100,119.0,261.0,False,38.5,38.5
286,atlas_4S456Parcels,286,RH_DorsAttn_Post_17,R,CORTEX,cortical parcel (dorsal attention network),NOT_AVAILABLE,CORTICAL,NOT_AVAILABLE,NOT_AVAILABLE,NOT_AVAILABLE,NOT_AVAILABLE,NOT_AVAILABLE,NOT_AVAILABLE,NOT_AVAILABLE,dorsal attention,NOT_AVAILABLE,NOT_AVAILABLE,NOT_AVAILABLE,atlas_4S456_system_labels.csv (+PROVENANCE); Yeo-7 prefixes on cortical labels,P2-v1.0.0,HIGH,MAPPED_HIGH_CONFIDENCE,0.0010747746161130002,124.0,14943.462152726948,0.0008959146755397826,0.00017996104028112492,-inf,1.0,1.0,100,9.0,13.0,False,62.0,62.0
287,atlas_4S456Parcels,287,RH_DorsAttn_Post_18,R,CORTEX,cortical parcel (dorsal attention network),NOT_AVAILABLE,CORTICAL,NOT_AVAILABLE,NOT_AVAILABLE,NOT_AVAILABLE,NOT_AVAILABLE,NOT_AVAILABLE,NOT_AVAILABLE,NOT_AVAILABLE,dorsal attention,NOT_AVAILABLE,NOT_AVAILABLE,NOT_AVAILABLE,atlas_4S456_system_labels.csv (+PROVENANCE); Yeo-7 prefixes on cortical labels,P2-v1.0.0,HIGH,MAPPED_HIGH_CONFIDENCE,0.00011292397899905,66.0,6380.895015411079,-6.258366935839928e-06,6.22511235073378e-05,-inf,1.0,1.0,100,130.0,116.0,False,33.0,33.0
288,atlas_4S456Parcels,288,RH_DorsAttn_Post_19,R,CORTEX,cortical parcel (dorsal attention network),NOT_AVAILABLE,CORTICAL,NOT_AVAILABLE,NOT_AVAILABLE,NOT_AVAILABLE,NOT_AVAILABLE,NOT_AVAILABLE,NOT_AVAILABLE,NOT_AVAILABLE,dorsal attention,NOT_AVAILABLE,NOT_AVAILABLE,NOT_AVAILABLE,atlas_4S456_system_labels.csv (+PROVENANCE); Yeo-7 prefixes on cortical labels,P2-v1.0.0,HIGH,MAPPED_HIGH_CONFIDENCE,0.00034824459067465,89.0,9180.45551481098,0.00034451436861370475,-1.7738024168533276e-05,-inf,1.0,1.0,100,53.0,266.0,False,44.5,44.5
289,atlas_4S456Parcels,289,RH_DorsAttn_FEF_1,R,CORTEX,cortical parcel (dorsal attention network),NOT_AVAILABLE,CORTICAL,NOT_AVAILABLE,NOT_AVAILABLE,NOT_AVAILABLE,NOT_AVAILABLE,NOT_AVAILABLE,NOT_AVAILABLE,NOT_AVAILABLE,dorsal attention,NOT_AVAILABLE,NOT_AVAILABLE,NOT_AVAILABLE,atlas_4S456_system_labels.csv (+PROVENANCE); Yeo-7 prefixes on cortical labels,P2-v1.0.0,HIGH,MAPPED_HIGH_CONFIDENCE,0.00010942908132990001,71.0,14977.893455132842,6.138974901117154e-05,4.0807065978178213e-05,-inf,1.0,1.0,100,134.0,161.0,False,35.5,35.5
290,atlas_4S456Parcels,290,RH_DorsAttn_FEF_2,R,CORTEX,cortical parcel (dorsal attention network),NOT_AVAILABLE,CORTICAL,NOT_AVAILABLE,NOT_AVAILABLE,NOT_AVAILABLE,NOT_AVAILABLE,NOT_AVAILABLE,NOT_AVAILABLE,NOT_AVAILABLE,dorsal attention,NOT_AVAILABLE,NOT_AVAILABLE,NOT_AVAILABLE,atlas_4S456_system_labels.csv (+PROVENANCE); Yeo-7 prefixes on cortical labels,P2-v1.0.0,HIGH,MAPPED_HIGH_CONFIDENCE,-0.0002050000491482,49.0,13553.019911848009,-0.00022302194407190025,3.064714180621333e-05,-inf,1.0,1.0,100,357.0,183.0,False,24.5,24.5
291,atlas_4S456Parcels,291,RH_DorsAttn_FEF_3,R,CORTEX,cortical parcel (dorsal attention network),NOT_AVAILABLE,CORTICAL,NOT_AVAILABLE,NOT_AVAILABLE,NOT_AVAILABLE,NOT_AVAILABLE,NOT_AVAILABLE,NOT_AVAILABLE,NOT_AVAILABLE,dorsal attention,NOT_AVAILABLE,NOT_AVAILABLE,NOT_AVAILABLE,atlas_4S456_system_labels.csv (+PROVENANCE); Yeo-7 prefixes on cortical labels,P2-v1.0.0,HIGH,MAPPED_HIGH_CONFIDENCE,-0.00017231619505364998,47.0,8182.00087659061,-0.00024182179885817942,6.505163791831095e-05,-inf,1.0,1.0,100,342.0,113.0,False,23.5,23.5
292,atlas_4S456Parcels,292,RH_DorsAttn_PrCv_1,R,CORTEX,cortical parcel (dorsal attention network),NOT_AVAILABLE,CORTICAL,NOT_AVAILABLE,NOT_AVAILABLE,NOT_AVAILABLE,NOT_AVAILABLE,NOT_AVAILABLE,NOT_AVAILABLE,NOT_AVAILABLE,dorsal attention,NOT_AVAILABLE,NOT_AVAILABLE,NOT_AVAILABLE,atlas_4S456_system_labels.csv (+PROVENANCE); Yeo-7 prefixes on cortical labels,P2-v1.0.0,HIGH,MAPPED_HIGH_CONFIDENCE,5.106178310686185e-05,71.0,19799.670443944637,6.15668402189193e-05,-3.052800297337143e-05,-inf,1.0,1.0,100,179.0,282.0,False,35.5,35.5
293,atlas_4S456Parcels,293,RH_SalVentAttn_TempOccPar_1,R,CORTEX,cortical parcel (ventral attention/salience network),NOT_AVAILABLE,CORTICAL,NOT_AVAILABLE,NOT_AVAILABLE,NOT_AVAILABLE,NOT_AVAILABLE,NOT_AVAILABLE,NOT_AVAILABLE,NOT_AVAILABLE,ventral attention/salience,NOT_AVAILABLE,NOT_AVAILABLE,NOT_AVAILABLE,atlas_4S456_system_labels.csv (+PROVENANCE); Yeo-7 prefixes on cortical labels,P2-v1.0.0,HIGH,MAPPED_HIGH_CONFIDENCE,-0.00037232871108695,48.0,10510.030390694737,-0.000278952419629051,-0.00012065971531432956,-inf,1.0,1.0,100,415.0,407.0,False,24.0,24.0
294,atlas_4S456Parcels,294,RH_SalVentAttn_TempOccPar_2,R,CORTEX,cortical parcel (ventral attention/salience network),NOT_AVAILABLE,CORTICAL,NOT_AVAILABLE,NOT_AVAILABLE,NOT_AVAILABLE,NOT_AVAILABLE,NOT_AVAILABLE,NOT_AVAILABLE,NOT_AVAILABLE,ventral attention/salience,NOT_AVAILABLE,NOT_AVAILABLE,NOT_AVAILABLE,atlas_4S456_system_labels.csv (+PROVENANCE); Yeo-7 prefixes on cortical labels,P2-v1.0.0,HIGH,MAPPED_HIGH_CONFIDENCE,-0.00050059156260525,39.0,6826.668328113854,-0.0003979027917989965,-0.00011931460905592123,-inf,1.0,1.0,100,450.0,403.0,False,19.5,19.5
295,atlas_4S456Parcels,295,RH_SalVentAttn_TempOccPar_3,R,CORTEX,cortical parcel (ventral attention/salience network),NOT_AVAILABLE,CORTICAL,NOT_AVAILABLE,NOT_AVAILABLE,NOT_AVAILABLE,NOT_AVAILABLE,NOT_AVAILABLE,NOT_AVAILABLE,NOT_AVAILABLE,ventral attention/salience,NOT_AVAILABLE,NOT_AVAILABLE,NOT_AVAILABLE,atlas_4S456_system_labels.csv (+PROVENANCE); Yeo-7 prefixes on cortical labels,P2-v1.0.0,HIGH,MAPPED_HIGH_CONFIDENCE,-0.0002772276748649,48.0,5501.205076023936,-0.00024240137440446747,-3.218520382177161e-05,-inf,1.0,1.0,100,383.0,286.0,False,24.0,24.0
296,atlas_4S456Parcels,296,RH_SalVentAttn_TempOccPar_4,R,CORTEX,cortical parcel (ventral attention/salience network),NOT_AVAILABLE,CORTICAL,NOT_AVAILABLE,NOT_AVAILABLE,NOT_AVAILABLE,NOT_AVAILABLE,NOT_AVAILABLE,NOT_AVAILABLE,NOT_AVAILABLE,ventral attention/salience,NOT_AVAILABLE,NOT_AVAILABLE,NOT_AVAILABLE,atlas_4S456_system_labels.csv (+PROVENANCE); Yeo-7 prefixes on cortical labels,P2-v1.0.0,HIGH,MAPPED_HIGH_CONFIDENCE,0.0002391725941846,85.0,12012.806783095002,0.00027332116745318086,-5.4259220003665944e-05,-inf,1.0,1.0,100,77.0,308.0,False,42.5,42.5
297,atlas_4S456Parcels,297,RH_SalVentAttn_TempOccPar_5,R,CORTEX,cortical parcel (ventral attention/salience network),NOT_AVAILABLE,CORTICAL,NOT_AVAILABLE,NOT_AVAILABLE,NOT_AVAILABLE,NOT_AVAILABLE,NOT_AVAILABLE,NOT_AVAILABLE,NOT_AVAILABLE,ventral attention/salience,NOT_AVAILABLE,NOT_AVAILABLE,NOT_AVAILABLE,atlas_4S456_system_labels.csv (+PROVENANCE); Yeo-7 prefixes on cortical labels,P2-v1.0.0,HIGH,MAPPED_HIGH_CONFIDENCE,-9.904870108078567e-05,64.0,11581.642034009099,-1.68510980769605e-05,-9.221434360992454e-05,-inf,1.0,1.0,100,282.0,362.0,False,32.0,32.0
298,atlas_4S456Parcels,298,RH_SalVentAttn_TempOccPar_6,R,CORTEX,cortical parcel (ventral attention/salience network),NOT_AVAILABLE,CORTICAL,NOT_AVAILABLE,NOT_AVAILABLE,NOT_AVAILABLE,NOT_AVAILABLE,NOT_AVAILABLE,NOT_AVAILABLE,NOT_AVAILABLE,ventral attention/salience,NOT_AVAILABLE,NOT_AVAILABLE,NOT_AVAILABLE,atlas_4S456_system_labels.csv (+PROVENANCE); Yeo-7 prefixes on cortical labels,P2-v1.0.0,HIGH,MAPPED_HIGH_CONFIDENCE,-0.0001216294122899,60.0,8604.781979613006,-7.95940055498297e-05,-4.236306014024753e-05,-inf,1.0,1.0,100,303.0,295.0,False,30.0,30.0
299,atlas_4S456Parcels,299,RH_SalVentAttn_TempOccPar_7,R,CORTEX,cortical parcel (ventral attention/salience network),NOT_AVAILABLE,CORTICAL,NOT_AVAILABLE,NOT_AVAILABLE,NOT_AVAILABLE,NOT_AVAILABLE,NOT_AVAILABLE,NOT_AVAILABLE,NOT_AVAILABLE,ventral attention/salience,NOT_AVAILABLE,NOT_AVAILABLE,NOT_AVAILABLE,atlas_4S456_system_labels.csv (+PROVENANCE); Yeo-7 prefixes on cortical labels,P2-v1.0.0,HIGH,MAPPED_HIGH_CONFIDENCE,-1.1414499151311422e-05,65.0,7892.058231852949,-8.365009848923413e-06,-1.0165455803230535e-05,-inf,1.0,1.0,100,218.0,253.0,False,32.5,32.5
300,atlas_4S456Parcels,300,RH_SalVentAttn_PrC_1,R,CORTEX,cortical parcel (ventral attention/salience network),NOT_AVAILABLE,CORTICAL,NOT_AVAILABLE,NOT_AVAILABLE,NOT_AVAILABLE,NOT_AVAILABLE,NOT_AVAILABLE,NOT_AVAILABLE,NOT_AVAILABLE,ventral attention/salience,NOT_AVAILABLE,NOT_AVAILABLE,NOT_AVAILABLE,atlas_4S456_system_labels.csv (+PROVENANCE); Yeo-7 prefixes on cortical labels,P2-v1.0.0,HIGH,MAPPED_HIGH_CONFIDENCE,0.00011843256321140001,73.0,15752.921627275646,9.165721035717082e-05,1.0779518337719629e-05,-inf,1.0,1.0,100,129.0,209.0,False,36.5,36.5
301,atlas_4S456Parcels,301,RH_SalVentAttn_FrOperIns_1,R,CORTEX,cortical parcel (ventral attention/salience network),NOT_AVAILABLE,CORTICAL,NOT_AVAILABLE,NOT_AVAILABLE,NOT_AVAILABLE,NOT_AVAILABLE,NOT_AVAILABLE,NOT_AVAILABLE,NOT_AVAILABLE,ventral attention/salience,NOT_AVAILABLE,NOT_AVAILABLE,NOT_AVAILABLE,atlas_4S456_system_labels.csv (+PROVENANCE); Yeo-7 prefixes on cortical labels,P2-v1.0.0,HIGH,MAPPED_HIGH_CONFIDENCE,0.0005061959737068,107.0,20291.6570558995,0.0006335361639297402,-0.00013854274154413704,-inf,1.0,1.0,100,29.0,430.0,False,53.5,53.5
302,atlas_4S456Parcels,302,RH_SalVentAttn_FrOperIns_2,R,CORTEX,cortical parcel (ventral attention/salience network),NOT_AVAILABLE,CORTICAL,NOT_AVAILABLE,NOT_AVAILABLE,NOT_AVAILABLE,NOT_AVAILABLE,NOT_AVAILABLE,NOT_AVAILABLE,NOT_AVAILABLE,ventral attention/salience,NOT_AVAILABLE,NOT_AVAILABLE,NOT_AVAILABLE,atlas_4S456_system_labels.csv (+PROVENANCE); Yeo-7 prefixes on cortical labels,P2-v1.0.0,HIGH,MAPPED_HIGH_CONFIDENCE,0.00043456160210920004,110.0,19521.55499091,0.0006379017691167545,-0.00021693977603203136,-inf,1.0,1.0,100,40.0,452.0,False,55.0,55.0
303,atlas_4S456Parcels,303,RH_SalVentAttn_FrOperIns_3,R,CORTEX,cortical parcel (ventral attention/salience network),NOT_AVAILABLE,CORTICAL,NOT_AVAILABLE,NOT_AVAILABLE,NOT_AVAILABLE,NOT_AVAILABLE,NOT_AVAILABLE,NOT_AVAILABLE,NOT_AVAILABLE,ventral attention/salience,NOT_AVAILABLE,NOT_AVAILABLE,NOT_AVAILABLE,atlas_4S456_system_labels.csv (+PROVENANCE); Yeo-7 prefixes on cortical labels,P2-v1.0.0,HIGH,MAPPED_HIGH_CONFIDENCE,0.0005764456199004999,122.0,19939.647096052766,0.0008371488326440416,-0.00026128975602059584,-inf,1.0,1.0,100,21.0,454.0,False,61.0,61.0
304,atlas_4S456Parcels,304,RH_SalVentAttn_FrOperIns_4,R,CORTEX,cortical parcel (ventral attention/salience network),NOT_AVAILABLE,CORTICAL,NOT_AVAILABLE,NOT_AVAILABLE,NOT_AVAILABLE,NOT_AVAILABLE,NOT_AVAILABLE,NOT_AVAILABLE,NOT_AVAILABLE,ventral attention/salience,NOT_AVAILABLE,NOT_AVAILABLE,NOT_AVAILABLE,atlas_4S456_system_labels.csv (+PROVENANCE); Yeo-7 prefixes on cortical labels,P2-v1.0.0,HIGH,MAPPED_HIGH_CONFIDENCE,0.00016956982034640002,90.0,11033.586497113109,0.00033793700981048246,-0.00018344046390596184,-inf,1.0,1.0,100,108.0,447.0,False,45.0,45.0
305,atlas_4S456Parcels,305,RH_SalVentAttn_FrOperIns_5,R,CORTEX,cortical parcel (ventral attention/salience network),NOT_AVAILABLE,CORTICAL,NOT_AVAILABLE,NOT_AVAILABLE,NOT_AVAILABLE,NOT_AVAILABLE,NOT_AVAILABLE,NOT_AVAILABLE,NOT_AVAILABLE,ventral attention/salience,NOT_AVAILABLE,NOT_AVAILABLE,NOT_AVAILABLE,atlas_4S456_system_labels.csv (+PROVENANCE); Yeo-7 prefixes on cortical labels,P2-v1.0.0,HIGH,MAPPED_HIGH_CONFIDENCE,7.660283989086094e-05,75.0,20542.91150958836,0.00012656195229390936,-6.99771196652799e-05,-inf,1.0,1.0,100,162.0,332.0,False,37.5,37.5
306,atlas_4S456Parcels,306,RH_SalVentAttn_FrOperIns_6,R,CORTEX,cortical parcel (ventral attention/salience network),NOT_AVAILABLE,CORTICAL,NOT_AVAILABLE,NOT_AVAILABLE,NOT_AVAILABLE,NOT_AVAILABLE,NOT_AVAILABLE,NOT_AVAILABLE,NOT_AVAILABLE,ventral attention/salience,NOT_AVAILABLE,NOT_AVAILABLE,NOT_AVAILABLE,atlas_4S456_system_labels.csv (+PROVENANCE); Yeo-7 prefixes on cortical labels,P2-v1.0.0,HIGH,MAPPED_HIGH_CONFIDENCE,-8.689331701685402e-05,65.0,8522.49981841445,-4.224854016042853e-06,-0.00011276021869886956,-inf,1.0,1.0,100,266.0,391.0,False,32.5,32.5
307,atlas_4S456Parcels,307,RH_SalVentAttn_FrOperIns_7,R,CORTEX,cortical parcel (ventral attention/salience network),NOT_AVAILABLE,CORTICAL,NOT_AVAILABLE,NOT_AVAILABLE,NOT_AVAILABLE,NOT_AVAILABLE,NOT_AVAILABLE,NOT_AVAILABLE,NOT_AVAILABLE,ventral attention/salience,NOT_AVAILABLE,NOT_AVAILABLE,NOT_AVAILABLE,atlas_4S456_system_labels.csv (+PROVENANCE); Yeo-7 prefixes on cortical labels,P2-v1.0.0,HIGH,MAPPED_HIGH_CONFIDENCE,0.00033071481402165,98.0,18617.583780370653,0.0004701091625728797,-0.00012573341518281982,-inf,1.0,1.0,100,57.0,416.0,False,49.0,49.0
308,atlas_4S456Parcels,308,RH_SalVentAttn_FrOperIns_8,R,CORTEX,cortical parcel (ventral attention/salience network),NOT_AVAILABLE,CORTICAL,NOT_AVAILABLE,NOT_AVAILABLE,NOT_AVAILABLE,NOT_AVAILABLE,NOT_AVAILABLE,NOT_AVAILABLE,NOT_AVAILABLE,ventral attention/salience,NOT_AVAILABLE,NOT_AVAILABLE,NOT_AVAILABLE,atlas_4S456_system_labels.csv (+PROVENANCE); Yeo-7 prefixes on cortical labels,P2-v1.0.0,HIGH,MAPPED_HIGH_CONFIDENCE,6.027383770484158e-05,73.0,13470.194434694946,9.028193691549762e-05,-2.8974292215089824e-05,-inf,1.0,1.0,100,175.0,278.0,False,36.5,36.5
309,atlas_4S456Parcels,309,RH_SalVentAttn_PFCl_1,R,CORTEX,cortical parcel (ventral attention/salience network),NOT_AVAILABLE,CORTICAL,NOT_AVAILABLE,NOT_AVAILABLE,NOT_AVAILABLE,NOT_AVAILABLE,NOT_AVAILABLE,NOT_AVAILABLE,NOT_AVAILABLE,ventral attention/salience,NOT_AVAILABLE,NOT_AVAILABLE,NOT_AVAILABLE,atlas_4S456_system_labels.csv (+PROVENANCE); Yeo-7 prefixes on cortical labels,P2-v1.0.0,HIGH,MAPPED_HIGH_CONFIDENCE,-0.0001251617146457,53.0,19134.533350154757,-0.00018415158869616042,4.9331545661231415e-05,-inf,1.0,1.0,100,307.0,144.0,False,26.5,26.5
310,atlas_4S456Parcels,310,RH_SalVentAttn_Med_1,R,CORTEX,cortical parcel (ventral attention/salience network),NOT_AVAILABLE,CORTICAL,NOT_AVAILABLE,NOT_AVAILABLE,NOT_AVAILABLE,NOT_AVAILABLE,NOT_AVAILABLE,NOT_AVAILABLE,NOT_AVAILABLE,ventral attention/salience,NOT_AVAILABLE,NOT_AVAILABLE,NOT_AVAILABLE,atlas_4S456_system_labels.csv (+PROVENANCE); Yeo-7 prefixes on cortical labels,P2-v1.0.0,HIGH,MAPPED_HIGH_CONFIDENCE,0.00047242173293565,93.0,23535.873680353165,0.0003620974908313256,5.870266329667694e-05,-inf,1.0,1.0,100,35.0,122.0,False,46.5,46.5
311,atlas_4S456Parcels,311,RH_SalVentAttn_Med_2,R,CORTEX,cortical parcel (ventral attention/salience network),NOT_AVAILABLE,CORTICAL,NOT_AVAILABLE,NOT_AVAILABLE,NOT_AVAILABLE,NOT_AVAILABLE,NOT_AVAILABLE,NOT_AVAILABLE,NOT_AVAILABLE,ventral attention/salience,NOT_AVAILABLE,NOT_AVAILABLE,NOT_AVAILABLE,atlas_4S456_system_labels.csv (+PROVENANCE); Yeo-7 prefixes on cortical labels,P2-v1.0.0,HIGH,MAPPED_HIGH_CONFIDENCE,0.00032372247518265,82.0,20004.54640657455,0.00020050830592562824,7.224752008519063e-05,-inf,1.0,1.0,100,58.0,105.0,False,41.0,41.0
312,atlas_4S456Parcels,312,RH_SalVentAttn_Med_3,R,CORTEX,cortical parcel (ventral attention/salience network),NOT_AVAILABLE,CORTICAL,NOT_AVAILABLE,NOT_AVAILABLE,NOT_AVAILABLE,NOT_AVAILABLE,NOT_AVAILABLE,NOT_AVAILABLE,NOT_AVAILABLE,ventral attention/salience,NOT_AVAILABLE,NOT_AVAILABLE,NOT_AVAILABLE,atlas_4S456_system_labels.csv (+PROVENANCE); Yeo-7 prefixes on cortical labels,P2-v1.0.0,HIGH,MAPPED_HIGH_CONFIDENCE,-1.5120688924405532e-05,58.0,10537.511769279838,-0.00010555458689241642,8.324403441798336e-05,-inf,1.0,1.0,100,224.0,88.0,False,29.0,29.0
313,atlas_4S456Parcels,313,RH_SalVentAttn_Med_4,R,CORTEX,cortical parcel (ventral attention/salience network),NOT_AVAILABLE,CORTICAL,NOT_AVAILABLE,NOT_AVAILABLE,NOT_AVAILABLE,NOT_AVAILABLE,NOT_AVAILABLE,NOT_AVAILABLE,NOT_AVAILABLE,ventral attention/salience,NOT_AVAILABLE,NOT_AVAILABLE,NOT_AVAILABLE,atlas_4S456_system_labels.csv (+PROVENANCE); Yeo-7 prefixes on cortical labels,P2-v1.0.0,HIGH,MAPPED_HIGH_CONFIDENCE,8.098081221199502e-05,60.0,8235.051325157285,-0.0001072204027820405,0.00012130918366939565,-inf,1.0,1.0,100,159.0,41.0,False,30.0,30.0
314,atlas_4S456Parcels,314,RH_SalVentAttn_Med_5,R,CORTEX,cortical parcel (ventral attention/salience network),NOT_AVAILABLE,CORTICAL,NOT_AVAILABLE,NOT_AVAILABLE,NOT_AVAILABLE,NOT_AVAILABLE,NOT_AVAILABLE,NOT_AVAILABLE,NOT_AVAILABLE,ventral attention/salience,NOT_AVAILABLE,NOT_AVAILABLE,NOT_AVAILABLE,atlas_4S456_system_labels.csv (+PROVENANCE); Yeo-7 prefixes on cortical labels,P2-v1.0.0,HIGH,MAPPED_HIGH_CONFIDENCE,0.00010435204248245,61.0,5943.205135241151,-7.260488866968798e-05,0.00012678742603583937,-inf,1.0,1.0,100,136.0,37.0,False,30.5,30.5
315,atlas_4S456Parcels,315,RH_SalVentAttn_Med_6,R,CORTEX,cortical parcel (ventral attention/salience network),NOT_AVAILABLE,CORTICAL,NOT_AVAILABLE,NOT_AVAILABLE,NOT_AVAILABLE,NOT_AVAILABLE,NOT_AVAILABLE,NOT_AVAILABLE,NOT_AVAILABLE,ventral attention/salience,NOT_AVAILABLE,NOT_AVAILABLE,NOT_AVAILABLE,atlas_4S456_system_labels.csv (+PROVENANCE); Yeo-7 prefixes on cortical labels,P2-v1.0.0,HIGH,MAPPED_HIGH_CONFIDENCE,2.1169963417661817e-05,58.0,9348.67673407495,-0.00014878490194571755,0.00010251014552193336,-inf,1.0,1.0,100,198.0,63.0,False,29.0,29.0
316,atlas_4S456Parcels,316,RH_SalVentAttn_Med_7,R,CORTEX,cortical parcel (ventral attention/salience network),NOT_AVAILABLE,CORTICAL,NOT_AVAILABLE,NOT_AVAILABLE,NOT_AVAILABLE,NOT_AVAILABLE,NOT_AVAILABLE,NOT_AVAILABLE,NOT_AVAILABLE,ventral attention/salience,NOT_AVAILABLE,NOT_AVAILABLE,NOT_AVAILABLE,atlas_4S456_system_labels.csv (+PROVENANCE); Yeo-7 prefixes on cortical labels,P2-v1.0.0,HIGH,MAPPED_HIGH_CONFIDENCE,0.0004673474508695,91.0,19103.28729340434,0.00034106088050971756,0.00010821652619813098,-inf,1.0,1.0,100,36.0,55.0,False,45.5,45.5
317,atlas_4S456Parcels,317,RH_SalVentAttn_Med_8,R,CORTEX,cortical parcel (ventral attention/salience network),NOT_AVAILABLE,CORTICAL,NOT_AVAILABLE,NOT_AVAILABLE,NOT_AVAILABLE,NOT_AVAILABLE,NOT_AVAILABLE,NOT_AVAILABLE,NOT_AVAILABLE,ventral attention/salience,NOT_AVAILABLE,NOT_AVAILABLE,NOT_AVAILABLE,atlas_4S456_system_labels.csv (+PROVENANCE); Yeo-7 prefixes on cortical labels,P2-v1.0.0,HIGH,MAPPED_HIGH_CONFIDENCE,-0.00017715432857945,45.0,5149.035563655198,-0.0003028305920857727,0.0001124964133727114,-inf,1.0,1.0,100,347.0,48.0,False,22.5,22.5
318,atlas_4S456Parcels,318,RH_Limbic_OFC_1,R,CORTEX,cortical parcel (limbic network),NOT_AVAILABLE,CORTICAL,NOT_AVAILABLE,NOT_AVAILABLE,NOT_AVAILABLE,NOT_AVAILABLE,NOT_AVAILABLE,NOT_AVAILABLE,NOT_AVAILABLE,limbic,NOT_AVAILABLE,NOT_AVAILABLE,NOT_AVAILABLE,atlas_4S456_system_labels.csv (+PROVENANCE); Yeo-7 prefixes on cortical labels,P2-v1.0.0,HIGH,MAPPED_HIGH_CONFIDENCE,6.432100714709674e-05,58.0,12987.66080377996,-8.927004106416904e-05,0.00013838666951268485,-inf,1.0,1.0,100,172.0,28.0,False,29.0,29.0
319,atlas_4S456Parcels,319,RH_Limbic_OFC_2,R,CORTEX,cortical parcel (limbic network),NOT_AVAILABLE,CORTICAL,NOT_AVAILABLE,NOT_AVAILABLE,NOT_AVAILABLE,NOT_AVAILABLE,NOT_AVAILABLE,NOT_AVAILABLE,NOT_AVAILABLE,limbic,NOT_AVAILABLE,NOT_AVAILABLE,NOT_AVAILABLE,atlas_4S456_system_labels.csv (+PROVENANCE); Yeo-7 prefixes on cortical labels,P2-v1.0.0,HIGH,MAPPED_HIGH_CONFIDENCE,-3.8396866327874696e-05,52.0,16756.46711292863,-0.0001763572903584644,9.126700668350537e-05,-inf,1.0,1.0,100,238.0,71.0,False,26.0,26.0
320,atlas_4S456Parcels,320,RH_Limbic_OFC_3,R,CORTEX,cortical parcel (limbic network),NOT_AVAILABLE,CORTICAL,NOT_AVAILABLE,NOT_AVAILABLE,NOT_AVAILABLE,NOT_AVAILABLE,NOT_AVAILABLE,NOT_AVAILABLE,NOT_AVAILABLE,limbic,NOT_AVAILABLE,NOT_AVAILABLE,NOT_AVAILABLE,atlas_4S456_system_labels.csv (+PROVENANCE); Yeo-7 prefixes on cortical labels,P2-v1.0.0,HIGH,MAPPED_HIGH_CONFIDENCE,-1.3230730044553232e-05,51.0,20920.600703917444,-0.00019323065065343466,0.00016990810951718335,-inf,1.0,1.0,100,223.0,16.0,False,25.5,25.5
321,atlas_4S456Parcels,321,RH_Limbic_OFC_4,R,CORTEX,cortical parcel (limbic network),NOT_AVAILABLE,CORTICAL,NOT_AVAILABLE,NOT_AVAILABLE,NOT_AVAILABLE,NOT_AVAILABLE,NOT_AVAILABLE,NOT_AVAILABLE,NOT_AVAILABLE,limbic,NOT_AVAILABLE,NOT_AVAILABLE,NOT_AVAILABLE,atlas_4S456_system_labels.csv (+PROVENANCE); Yeo-7 prefixes on cortical labels,P2-v1.0.0,HIGH,MAPPED_HIGH_CONFIDENCE,-0.00043313673644659997,33.0,9836.715570181608,-0.0004696307594812753,2.95914202663362e-05,-inf,1.0,1.0,100,436.0,187.0,False,16.5,16.5
322,atlas_4S456Parcels,322,RH_Limbic_OFC_5,R,CORTEX,cortical parcel (limbic network),NOT_AVAILABLE,CORTICAL,NOT_AVAILABLE,NOT_AVAILABLE,NOT_AVAILABLE,NOT_AVAILABLE,NOT_AVAILABLE,NOT_AVAILABLE,NOT_AVAILABLE,limbic,NOT_AVAILABLE,NOT_AVAILABLE,NOT_AVAILABLE,atlas_4S456_system_labels.csv (+PROVENANCE); Yeo-7 prefixes on cortical labels,P2-v1.0.0,HIGH,MAPPED_HIGH_CONFIDENCE,6.170544809150152e-05,57.0,11394.397448025644,-0.00012163137174078857,0.00017587481727650354,19.95078948715,7.37701205874971e-89,9.611192853685336e-88,100,173.0,14.0,True,28.5,28.5
323,atlas_4S456Parcels,323,RH_Limbic_OFC_6,R,CORTEX,cortical parcel (limbic network),NOT_AVAILABLE,CORTICAL,NOT_AVAILABLE,NOT_AVAILABLE,NOT_AVAILABLE,NOT_AVAILABLE,NOT_AVAILABLE,NOT_AVAILABLE,NOT_AVAILABLE,limbic,NOT_AVAILABLE,NOT_AVAILABLE,NOT_AVAILABLE,atlas_4S456_system_labels.csv (+PROVENANCE); Yeo-7 prefixes on cortical labels,P2-v1.0.0,HIGH,MAPPED_HIGH_CONFIDENCE,4.770237230718668e-05,59.0,21466.406651563942,-9.776020450584128e-05,0.0001362731913999337,-inf,1.0,1.0,100,183.0,30.0,False,29.5,29.5
324,atlas_4S456Parcels,324,RH_Limbic_TempPole_1,R,CORTEX,cortical parcel (limbic network),NOT_AVAILABLE,CORTICAL,NOT_AVAILABLE,NOT_AVAILABLE,NOT_AVAILABLE,NOT_AVAILABLE,NOT_AVAILABLE,NOT_AVAILABLE,NOT_AVAILABLE,limbic,NOT_AVAILABLE,NOT_AVAILABLE,NOT_AVAILABLE,atlas_4S456_system_labels.csv (+PROVENANCE); Yeo-7 prefixes on cortical labels,P2-v1.0.0,HIGH,MAPPED_HIGH_CONFIDENCE,0.0001412680836774,71.0,28175.06155947596,0.00011798535174114958,-5.311485029065391e-06,-inf,1.0,1.0,100,123.0,246.0,False,35.5,35.5
325,atlas_4S456Parcels,325,RH_Limbic_TempPole_2,R,CORTEX,cortical parcel (limbic network),NOT_AVAILABLE,CORTICAL,NOT_AVAILABLE,NOT_AVAILABLE,NOT_AVAILABLE,NOT_AVAILABLE,NOT_AVAILABLE,NOT_AVAILABLE,NOT_AVAILABLE,limbic,NOT_AVAILABLE,NOT_AVAILABLE,NOT_AVAILABLE,atlas_4S456_system_labels.csv (+PROVENANCE); Yeo-7 prefixes on cortical labels,P2-v1.0.0,HIGH,MAPPED_HIGH_CONFIDENCE,1.9786426244394527e-05,66.0,28677.637775845826,2.5591628914065865e-05,-3.200829251812608e-05,-inf,1.0,1.0,100,200.0,285.0,False,33.0,33.0
326,atlas_4S456Parcels,326,RH_Limbic_TempPole_3,R,CORTEX,cortical parcel (limbic network),NOT_AVAILABLE,CORTICAL,NOT_AVAILABLE,NOT_AVAILABLE,NOT_AVAILABLE,NOT_AVAILABLE,NOT_AVAILABLE,NOT_AVAILABLE,NOT_AVAILABLE,limbic,NOT_AVAILABLE,NOT_AVAILABLE,NOT_AVAILABLE,atlas_4S456_system_labels.csv (+PROVENANCE); Yeo-7 prefixes on cortical labels,P2-v1.0.0,HIGH,MAPPED_HIGH_CONFIDENCE,0.00020511600387705,76.0,17015.601277157664,0.00018825954704295396,-4.1631583023045e-06,-inf,1.0,1.0,100,92.0,243.0,False,38.0,38.0
327,atlas_4S456Parcels,327,RH_Limbic_TempPole_4,R,CORTEX,cortical parcel (limbic network),NOT_AVAILABLE,CORTICAL,NOT_AVAILABLE,NOT_AVAILABLE,NOT_AVAILABLE,NOT_AVAILABLE,NOT_AVAILABLE,NOT_AVAILABLE,NOT_AVAILABLE,limbic,NOT_AVAILABLE,NOT_AVAILABLE,NOT_AVAILABLE,atlas_4S456_system_labels.csv (+PROVENANCE); Yeo-7 prefixes on cortical labels,P2-v1.0.0,HIGH,MAPPED_HIGH_CONFIDENCE,-1.003006147083252e-05,61.0,26419.154793709517,-3.1710215516777255e-05,-3.199215732344743e-05,-inf,1.0,1.0,100,217.0,284.0,False,30.5,30.5
328,atlas_4S456Parcels,328,RH_Limbic_TempPole_5,R,CORTEX,cortical parcel (limbic network),NOT_AVAILABLE,CORTICAL,NOT_AVAILABLE,NOT_AVAILABLE,NOT_AVAILABLE,NOT_AVAILABLE,NOT_AVAILABLE,NOT_AVAILABLE,NOT_AVAILABLE,limbic,NOT_AVAILABLE,NOT_AVAILABLE,NOT_AVAILABLE,atlas_4S456_system_labels.csv (+PROVENANCE); Yeo-7 prefixes on cortical labels,P2-v1.0.0,HIGH,MAPPED_HIGH_CONFIDENCE,0.0003331511627185,86.0,24694.956729114056,0.00030869239138562725,1.785486112235163e-05,-inf,1.0,1.0,100,56.0,198.0,False,43.0,43.0
329,atlas_4S456Parcels,329,RH_Limbic_TempPole_6,R,CORTEX,cortical parcel (limbic network),NOT_AVAILABLE,CORTICAL,NOT_AVAILABLE,NOT_AVAILABLE,NOT_AVAILABLE,NOT_AVAILABLE,NOT_AVAILABLE,NOT_AVAILABLE,NOT_AVAILABLE,limbic,NOT_AVAILABLE,NOT_AVAILABLE,NOT_AVAILABLE,atlas_4S456_system_labels.csv (+PROVENANCE); Yeo-7 prefixes on cortical labels,P2-v1.0.0,HIGH,MAPPED_HIGH_CONFIDENCE,-0.0001395377293473,57.5,22669.324684254825,-9.729583800260204e-05,-3.596325328063997e-05,-inf,1.0,1.0,100,318.0,291.0,False,28.75,28.75
330,atlas_4S456Parcels,330,RH_Limbic_TempPole_7,R,CORTEX,cortical parcel (limbic network),NOT_AVAILABLE,CORTICAL,NOT_AVAILABLE,NOT_AVAILABLE,NOT_AVAILABLE,NOT_AVAILABLE,NOT_AVAILABLE,NOT_AVAILABLE,NOT_AVAILABLE,limbic,NOT_AVAILABLE,NOT_AVAILABLE,NOT_AVAILABLE,atlas_4S456_system_labels.csv (+PROVENANCE); Yeo-7 prefixes on cortical labels,P2-v1.0.0,HIGH,MAPPED_HIGH_CONFIDENCE,-8.972587967090253e-05,53.0,13583.117615886033,-0.00016987501533817276,7.231307993148687e-05,-inf,1.0,1.0,100,269.0,104.0,False,26.5,26.5
331,atlas_4S456Parcels,331,RH_Cont_Par_1,R,CORTEX,cortical parcel (frontoparietal control network),NOT_AVAILABLE,CORTICAL,NOT_AVAILABLE,NOT_AVAILABLE,NOT_AVAILABLE,NOT_AVAILABLE,NOT_AVAILABLE,NOT_AVAILABLE,NOT_AVAILABLE,frontoparietal control,NOT_AVAILABLE,NOT_AVAILABLE,NOT_AVAILABLE,atlas_4S456_system_labels.csv (+PROVENANCE); Yeo-7 prefixes on cortical labels,P2-v1.0.0,HIGH,MAPPED_HIGH_CONFIDENCE,-3.809746857212882e-05,71.0,12741.24995020032,6.868646931379922e-05,-0.00011472219279907563,-inf,1.0,1.0,100,237.0,394.0,False,35.5,35.5
332,atlas_4S456Parcels,332,RH_Cont_Par_2,R,CORTEX,cortical parcel (frontoparietal control network),NOT_AVAILABLE,CORTICAL,NOT_AVAILABLE,NOT_AVAILABLE,NOT_AVAILABLE,NOT_AVAILABLE,NOT_AVAILABLE,NOT_AVAILABLE,NOT_AVAILABLE,frontoparietal control,NOT_AVAILABLE,NOT_AVAILABLE,NOT_AVAILABLE,atlas_4S456_system_labels.csv (+PROVENANCE); Yeo-7 prefixes on cortical labels,P2-v1.0.0,HIGH,MAPPED_HIGH_CONFIDENCE,-0.00015287911208845,58.0,7642.205604672432,-0.00011006434667318142,-5.079837454155967e-05,-inf,1.0,1.0,100,326.0,303.0,False,29.0,29.0
333,atlas_4S456Parcels,333,RH_Cont_Par_3,R,CORTEX,cortical parcel (frontoparietal control network),NOT_AVAILABLE,CORTICAL,NOT_AVAILABLE,NOT_AVAILABLE,NOT_AVAILABLE,NOT_AVAILABLE,NOT_AVAILABLE,NOT_AVAILABLE,NOT_AVAILABLE,frontoparietal control,NOT_AVAILABLE,NOT_AVAILABLE,NOT_AVAILABLE,atlas_4S456_system_labels.csv (+PROVENANCE); Yeo-7 prefixes on cortical labels,P2-v1.0.0,HIGH,MAPPED_HIGH_CONFIDENCE,-0.00010988324703495,61.0,10200.185021035373,-6.788559417248818e-05,-3.835505712630687e-05,-inf,1.0,1.0,100,293.0,293.0,False,30.5,30.5
334,atlas_4S456Parcels,334,RH_Cont_Par_4,R,CORTEX,cortical parcel (frontoparietal control network),NOT_AVAILABLE,CORTICAL,NOT_AVAILABLE,NOT_AVAILABLE,NOT_AVAILABLE,NOT_AVAILABLE,NOT_AVAILABLE,NOT_AVAILABLE,NOT_AVAILABLE,frontoparietal control,NOT_AVAILABLE,NOT_AVAILABLE,NOT_AVAILABLE,atlas_4S456_system_labels.csv (+PROVENANCE); Yeo-7 prefixes on cortical labels,P2-v1.0.0,HIGH,MAPPED_HIGH_CONFIDENCE,-0.0003073830481388,48.0,6875.810877718031,-0.00025000727065627404,-5.8914869099020106e-05,-inf,1.0,1.0,100,399.0,317.0,False,24.0,24.0
335,atlas_4S456Parcels,335,RH_Cont_Par_5,R,CORTEX,cortical parcel (frontoparietal control network),NOT_AVAILABLE,CORTICAL,NOT_AVAILABLE,NOT_AVAILABLE,NOT_AVAILABLE,NOT_AVAILABLE,NOT_AVAILABLE,NOT_AVAILABLE,NOT_AVAILABLE,frontoparietal control,NOT_AVAILABLE,NOT_AVAILABLE,NOT_AVAILABLE,atlas_4S456_system_labels.csv (+PROVENANCE); Yeo-7 prefixes on cortical labels,P2-v1.0.0,HIGH,MAPPED_HIGH_CONFIDENCE,-0.0004287593563795,42.0,5653.022808484733,-0.00034226989241132916,-9.579692933372043e-05,-inf,1.0,1.0,100,432.0,370.0,False,21.0,21.0
336,atlas_4S456Parcels,336,RH_Cont_Par_6,R,CORTEX,cortical parcel (frontoparietal control network),NOT_AVAILABLE,CORTICAL,NOT_AVAILABLE,NOT_AVAILABLE,NOT_AVAILABLE,NOT_AVAILABLE,NOT_AVAILABLE,NOT_AVAILABLE,NOT_AVAILABLE,frontoparietal control,NOT_AVAILABLE,NOT_AVAILABLE,NOT_AVAILABLE,atlas_4S456_system_labels.csv (+PROVENANCE); Yeo-7 prefixes on cortical labels,P2-v1.0.0,HIGH,MAPPED_HIGH_CONFIDENCE,-0.00012464779602945,65.0,11349.986543916166,-1.6317152820624305e-05,-0.00010128253941652448,-inf,1.0,1.0,100,306.0,377.0,False,32.5,32.5
337,atlas_4S456Parcels,337,RH_Cont_Temp_1,R,CORTEX,cortical parcel (frontoparietal control network),NOT_AVAILABLE,CORTICAL,NOT_AVAILABLE,NOT_AVAILABLE,NOT_AVAILABLE,NOT_AVAILABLE,NOT_AVAILABLE,NOT_AVAILABLE,NOT_AVAILABLE,frontoparietal control,NOT_AVAILABLE,NOT_AVAILABLE,NOT_AVAILABLE,atlas_4S456_system_labels.csv (+PROVENANCE); Yeo-7 prefixes on cortical labels,P2-v1.0.0,HIGH,MAPPED_HIGH_CONFIDENCE,-6.09503089206378e-05,66.0,25790.796007774774,1.170804697471576e-05,-7.416660615536502e-05,-inf,1.0,1.0,100,253.0,336.0,False,33.0,33.0
338,atlas_4S456Parcels,338,RH_Cont_Temp_2,R,CORTEX,cortical parcel (frontoparietal control network),NOT_AVAILABLE,CORTICAL,NOT_AVAILABLE,NOT_AVAILABLE,NOT_AVAILABLE,NOT_AVAILABLE,NOT_AVAILABLE,NOT_AVAILABLE,NOT_AVAILABLE,frontoparietal control,NOT_AVAILABLE,NOT_AVAILABLE,NOT_AVAILABLE,atlas_4S456_system_labels.csv (+PROVENANCE); Yeo-7 prefixes on cortical labels,P2-v1.0.0,HIGH,MAPPED_HIGH_CONFIDENCE,-9.791229649594766e-05,65.0,15067.08446983248,-1.2407006486431673e-05,-9.273564561092365e-05,-inf,1.0,1.0,100,278.0,363.0,False,32.5,32.5
339,atlas_4S456Parcels,339,RH_Cont_PFCv_1,R,CORTEX,cortical parcel (frontoparietal control network),NOT_AVAILABLE,CORTICAL,NOT_AVAILABLE,NOT_AVAILABLE,NOT_AVAILABLE,NOT_AVAILABLE,NOT_AVAILABLE,NOT_AVAILABLE,NOT_AVAILABLE,frontoparietal control,NOT_AVAILABLE,NOT_AVAILABLE,NOT_AVAILABLE,atlas_4S456_system_labels.csv (+PROVENANCE); Yeo-7 prefixes on cortical labels,P2-v1.0.0,HIGH,MAPPED_HIGH_CONFIDENCE,-0.00030776761155705003,47.0,11228.024183526635,-0.00028021680052200157,-4.308923899999835e-05,-inf,1.0,1.0,100,400.0,296.0,False,23.5,23.5
340,atlas_4S456Parcels,340,RH_Cont_PFCl_1,R,CORTEX,cortical parcel (frontoparietal control network),NOT_AVAILABLE,CORTICAL,NOT_AVAILABLE,NOT_AVAILABLE,NOT_AVAILABLE,NOT_AVAILABLE,NOT_AVAILABLE,NOT_AVAILABLE,NOT_AVAILABLE,frontoparietal control,NOT_AVAILABLE,NOT_AVAILABLE,NOT_AVAILABLE,atlas_4S456_system_labels.csv (+PROVENANCE); Yeo-7 prefixes on cortical labels,P2-v1.0.0,HIGH,MAPPED_HIGH_CONFIDENCE,-0.00011385649458195,55.0,15780.526175878942,-0.00014082368171491747,8.66360039718662e-07,-inf,1.0,1.0,100,299.0,235.0,False,27.5,27.5
341,atlas_4S456Parcels,341,RH_Cont_PFCl_2,R,CORTEX,cortical parcel (frontoparietal control network),NOT_AVAILABLE,CORTICAL,NOT_AVAILABLE,NOT_AVAILABLE,NOT_AVAILABLE,NOT_AVAILABLE,NOT_AVAILABLE,NOT_AVAILABLE,NOT_AVAILABLE,frontoparietal control,NOT_AVAILABLE,NOT_AVAILABLE,NOT_AVAILABLE,atlas_4S456_system_labels.csv (+PROVENANCE); Yeo-7 prefixes on cortical labels,P2-v1.0.0,HIGH,MAPPED_HIGH_CONFIDENCE,-0.0001326888035506,58.0,16803.809076823294,-0.00011016760490932073,-2.482902029035152e-05,-inf,1.0,1.0,100,314.0,273.0,False,29.0,29.0
342,atlas_4S456Parcels,342,RH_Cont_PFCl_3,R,CORTEX,cortical parcel (frontoparietal control network),NOT_AVAILABLE,CORTICAL,NOT_AVAILABLE,NOT_AVAILABLE,NOT_AVAILABLE,NOT_AVAILABLE,NOT_AVAILABLE,NOT_AVAILABLE,NOT_AVAILABLE,frontoparietal control,NOT_AVAILABLE,NOT_AVAILABLE,NOT_AVAILABLE,atlas_4S456_system_labels.csv (+PROVENANCE); Yeo-7 prefixes on cortical labels,P2-v1.0.0,HIGH,MAPPED_HIGH_CONFIDENCE,0.000245936400518,81.0,26162.17037472874,0.00021573723085496738,1.2757990532072448e-05,-inf,1.0,1.0,100,76.0,205.0,False,40.5,40.5
343,atlas_4S456Parcels,343,RH_Cont_PFCl_4,R,CORTEX,cortical parcel (frontoparietal control network),NOT_AVAILABLE,CORTICAL,NOT_AVAILABLE,NOT_AVAILABLE,NOT_AVAILABLE,NOT_AVAILABLE,NOT_AVAILABLE,NOT_AVAILABLE,NOT_AVAILABLE,frontoparietal control,NOT_AVAILABLE,NOT_AVAILABLE,NOT_AVAILABLE,atlas_4S456_system_labels.csv (+PROVENANCE); Yeo-7 prefixes on cortical labels,P2-v1.0.0,HIGH,MAPPED_HIGH_CONFIDENCE,-0.00020124853793135,51.0,10563.896494358778,-0.00021699190156787223,2.4567939445418834e-06,-inf,1.0,1.0,100,354.0,229.0,False,25.5,25.5
344,atlas_4S456Parcels,344,RH_Cont_PFCl_5,R,CORTEX,cortical parcel (frontoparietal control network),NOT_AVAILABLE,CORTICAL,NOT_AVAILABLE,NOT_AVAILABLE,NOT_AVAILABLE,NOT_AVAILABLE,NOT_AVAILABLE,NOT_AVAILABLE,NOT_AVAILABLE,frontoparietal control,NOT_AVAILABLE,NOT_AVAILABLE,NOT_AVAILABLE,atlas_4S456_system_labels.csv (+PROVENANCE); Yeo-7 prefixes on cortical labels,P2-v1.0.0,HIGH,MAPPED_HIGH_CONFIDENCE,-9.317977496540435e-05,58.0,20002.351302318275,-0.00012193081039551668,8.43057094925898e-06,-inf,1.0,1.0,100,272.0,219.0,False,29.0,29.0
345,atlas_4S456Parcels,345,RH_Cont_PFCl_6,R,CORTEX,cortical parcel (frontoparietal control network),NOT_AVAILABLE,CORTICAL,NOT_AVAILABLE,NOT_AVAILABLE,NOT_AVAILABLE,NOT_AVAILABLE,NOT_AVAILABLE,NOT_AVAILABLE,NOT_AVAILABLE,frontoparietal control,NOT_AVAILABLE,NOT_AVAILABLE,NOT_AVAILABLE,atlas_4S456_system_labels.csv (+PROVENANCE); Yeo-7 prefixes on cortical labels,P2-v1.0.0,HIGH,MAPPED_HIGH_CONFIDENCE,-9.236249727729929e-05,57.0,11274.682530395687,-0.0001319083962602254,2.1284364437064356e-05,-inf,1.0,1.0,100,270.0,195.0,False,28.5,28.5
346,atlas_4S456Parcels,346,RH_Cont_PFCl_7,R,CORTEX,cortical parcel (frontoparietal control network),NOT_AVAILABLE,CORTICAL,NOT_AVAILABLE,NOT_AVAILABLE,NOT_AVAILABLE,NOT_AVAILABLE,NOT_AVAILABLE,NOT_AVAILABLE,NOT_AVAILABLE,frontoparietal control,NOT_AVAILABLE,NOT_AVAILABLE,NOT_AVAILABLE,atlas_4S456_system_labels.csv (+PROVENANCE); Yeo-7 prefixes on cortical labels,P2-v1.0.0,HIGH,MAPPED_HIGH_CONFIDENCE,-8.467792518700634e-05,58.0,13486.838605418801,-0.00010466638779875858,7.326291040086005e-06,-inf,1.0,1.0,100,264.0,220.0,False,29.0,29.0
347,atlas_4S456Parcels,347,RH_Cont_PFCl_8,R,CORTEX,cortical parcel (frontoparietal control network),NOT_AVAILABLE,CORTICAL,NOT_AVAILABLE,NOT_AVAILABLE,NOT_AVAILABLE,NOT_AVAILABLE,NOT_AVAILABLE,NOT_AVAILABLE,NOT_AVAILABLE,frontoparietal control,NOT_AVAILABLE,NOT_AVAILABLE,NOT_AVAILABLE,atlas_4S456_system_labels.csv (+PROVENANCE); Yeo-7 prefixes on cortical labels,P2-v1.0.0,HIGH,MAPPED_HIGH_CONFIDENCE,-0.00016997279209395,51.0,10774.617459438741,-0.00021052079817826652,5.0551935864397396e-05,-inf,1.0,1.0,100,339.0,140.0,False,25.5,25.5
348,atlas_4S456Parcels,348,RH_Cont_PFCl_9,R,CORTEX,cortical parcel (frontoparietal control network),NOT_AVAILABLE,CORTICAL,NOT_AVAILABLE,NOT_AVAILABLE,NOT_AVAILABLE,NOT_AVAILABLE,NOT_AVAILABLE,NOT_AVAILABLE,NOT_AVAILABLE,frontoparietal control,NOT_AVAILABLE,NOT_AVAILABLE,NOT_AVAILABLE,atlas_4S456_system_labels.csv (+PROVENANCE); Yeo-7 prefixes on cortical labels,P2-v1.0.0,HIGH,MAPPED_HIGH_CONFIDENCE,-3.6491842017245825e-05,60.0,15161.487247481942,-8.229897067299995e-05,3.351682863406716e-05,-inf,1.0,1.0,100,235.0,174.0,False,30.0,30.0
349,atlas_4S456Parcels,349,RH_Cont_PFCl_10,R,CORTEX,cortical parcel (frontoparietal control network),NOT_AVAILABLE,CORTICAL,NOT_AVAILABLE,NOT_AVAILABLE,NOT_AVAILABLE,NOT_AVAILABLE,NOT_AVAILABLE,NOT_AVAILABLE,NOT_AVAILABLE,frontoparietal control,NOT_AVAILABLE,NOT_AVAILABLE,NOT_AVAILABLE,atlas_4S456_system_labels.csv (+PROVENANCE); Yeo-7 prefixes on cortical labels,P2-v1.0.0,HIGH,MAPPED_HIGH_CONFIDENCE,-0.00019497067258305,53.0,15507.690908528864,-0.00016924080931284393,-4.48562793217491e-05,-inf,1.0,1.0,100,352.0,298.0,False,26.5,26.5
350,atlas_4S456Parcels,350,RH_Cont_PFCl_11,R,CORTEX,cortical parcel (frontoparietal control network),NOT_AVAILABLE,CORTICAL,NOT_AVAILABLE,NOT_AVAILABLE,NOT_AVAILABLE,NOT_AVAILABLE,NOT_AVAILABLE,NOT_AVAILABLE,NOT_AVAILABLE,frontoparietal control,NOT_AVAILABLE,NOT_AVAILABLE,NOT_AVAILABLE,atlas_4S456_system_labels.csv (+PROVENANCE); Yeo-7 prefixes on cortical labels,P2-v1.0.0,HIGH,MAPPED_HIGH_CONFIDENCE,-0.0001263172415448,53.0,15720.035799562931,-0.00019543582687116782,4.491722733635894e-05,-inf,1.0,1.0,100,308.0,153.0,False,26.5,26.5
351,atlas_4S456Parcels,351,RH_Cont_PFCl_12,R,CORTEX,cortical parcel (frontoparietal control network),NOT_AVAILABLE,CORTICAL,NOT_AVAILABLE,NOT_AVAILABLE,NOT_AVAILABLE,NOT_AVAILABLE,NOT_AVAILABLE,NOT_AVAILABLE,NOT_AVAILABLE,frontoparietal control,NOT_AVAILABLE,NOT_AVAILABLE,NOT_AVAILABLE,atlas_4S456_system_labels.csv (+PROVENANCE); Yeo-7 prefixes on cortical labels,P2-v1.0.0,HIGH,MAPPED_HIGH_CONFIDENCE,0.0002214129983629,83.0,25346.69317585975,0.00023867942690736815,-1.9762688844969446e-05,-inf,1.0,1.0,100,84.0,268.0,False,41.5,41.5
352,atlas_4S456Parcels,352,RH_Cont_PFCl_13,R,CORTEX,cortical parcel (frontoparietal control network),NOT_AVAILABLE,CORTICAL,NOT_AVAILABLE,NOT_AVAILABLE,NOT_AVAILABLE,NOT_AVAILABLE,NOT_AVAILABLE,NOT_AVAILABLE,NOT_AVAILABLE,frontoparietal control,NOT_AVAILABLE,NOT_AVAILABLE,NOT_AVAILABLE,atlas_4S456_system_labels.csv (+PROVENANCE); Yeo-7 prefixes on cortical labels,P2-v1.0.0,HIGH,MAPPED_HIGH_CONFIDENCE,-4.0325147443792463e-05,63.5,12404.431347846985,-4.0230731165687064e-05,-1.1124007175262274e-06,-inf,1.0,1.0,100,239.0,239.0,False,31.75,31.75
353,atlas_4S456Parcels,353,RH_Cont_PFCl_14,R,CORTEX,cortical parcel (frontoparietal control network),NOT_AVAILABLE,CORTICAL,NOT_AVAILABLE,NOT_AVAILABLE,NOT_AVAILABLE,NOT_AVAILABLE,NOT_AVAILABLE,NOT_AVAILABLE,NOT_AVAILABLE,frontoparietal control,NOT_AVAILABLE,NOT_AVAILABLE,NOT_AVAILABLE,atlas_4S456_system_labels.csv (+PROVENANCE); Yeo-7 prefixes on cortical labels,P2-v1.0.0,HIGH,MAPPED_HIGH_CONFIDENCE,0.0002015436923508,82.0,26886.427423253655,0.0002198267723546533,-3.036248266679231e-05,-inf,1.0,1.0,100,94.0,280.0,False,41.0,41.0
354,atlas_4S456Parcels,354,RH_Cont_PFCl_15,R,CORTEX,cortical parcel (frontoparietal control network),NOT_AVAILABLE,CORTICAL,NOT_AVAILABLE,NOT_AVAILABLE,NOT_AVAILABLE,NOT_AVAILABLE,NOT_AVAILABLE,NOT_AVAILABLE,NOT_AVAILABLE,frontoparietal control,NOT_AVAILABLE,NOT_AVAILABLE,NOT_AVAILABLE,atlas_4S456_system_labels.csv (+PROVENANCE); Yeo-7 prefixes on cortical labels,P2-v1.0.0,HIGH,MAPPED_HIGH_CONFIDENCE,9.284527701321664e-05,69.0,16803.68160493672,6.177426096084578e-05,3.2928336566455716e-05,-inf,1.0,1.0,100,150.0,176.0,False,34.5,34.5
355,atlas_4S456Parcels,355,RH_Cont_pCun_1,R,CORTEX,cortical parcel (frontoparietal control network),NOT_AVAILABLE,CORTICAL,NOT_AVAILABLE,NOT_AVAILABLE,NOT_AVAILABLE,NOT_AVAILABLE,NOT_AVAILABLE,NOT_AVAILABLE,NOT_AVAILABLE,frontoparietal control,NOT_AVAILABLE,NOT_AVAILABLE,NOT_AVAILABLE,atlas_4S456_system_labels.csv (+PROVENANCE); Yeo-7 prefixes on cortical labels,P2-v1.0.0,HIGH,MAPPED_HIGH_CONFIDENCE,0.0005983444541393999,104.5,15146.222799494863,0.0005549024529365673,7.332700112181576e-05,-inf,1.0,1.0,100,20.0,103.0,False,52.25,52.25
356,atlas_4S456Parcels,356,RH_Cont_pCun_2,R,CORTEX,cortical parcel (frontoparietal control network),NOT_AVAILABLE,CORTICAL,NOT_AVAILABLE,NOT_AVAILABLE,NOT_AVAILABLE,NOT_AVAILABLE,NOT_AVAILABLE,NOT_AVAILABLE,NOT_AVAILABLE,frontoparietal control,NOT_AVAILABLE,NOT_AVAILABLE,NOT_AVAILABLE,atlas_4S456_system_labels.csv (+PROVENANCE); Yeo-7 prefixes on cortical labels,P2-v1.0.0,HIGH,MAPPED_HIGH_CONFIDENCE,0.0002601700656116,75.0,6600.171963404864,0.00011250770801119305,0.00011069708412445645,-inf,1.0,1.0,100,70.0,52.0,False,37.5,37.5
357,atlas_4S456Parcels,357,RH_Cont_Cing_1,R,CORTEX,cortical parcel (frontoparietal control network),NOT_AVAILABLE,CORTICAL,NOT_AVAILABLE,NOT_AVAILABLE,NOT_AVAILABLE,NOT_AVAILABLE,NOT_AVAILABLE,NOT_AVAILABLE,NOT_AVAILABLE,frontoparietal control,NOT_AVAILABLE,NOT_AVAILABLE,NOT_AVAILABLE,atlas_4S456_system_labels.csv (+PROVENANCE); Yeo-7 prefixes on cortical labels,P2-v1.0.0,HIGH,MAPPED_HIGH_CONFIDENCE,0.00015508419276899998,71.0,10915.153971545398,7.252825126683794e-05,6.798328614151635e-05,-inf,1.0,1.0,100,116.0,109.0,False,35.5,35.5
358,atlas_4S456Parcels,358,RH_Cont_Cing_2,R,CORTEX,cortical parcel (frontoparietal control network),NOT_AVAILABLE,CORTICAL,NOT_AVAILABLE,NOT_AVAILABLE,NOT_AVAILABLE,NOT_AVAILABLE,NOT_AVAILABLE,NOT_AVAILABLE,NOT_AVAILABLE,frontoparietal control,NOT_AVAILABLE,NOT_AVAILABLE,NOT_AVAILABLE,atlas_4S456_system_labels.csv (+PROVENANCE); Yeo-7 prefixes on cortical labels,P2-v1.0.0,HIGH,MAPPED_HIGH_CONFIDENCE,-0.0001235251034369,52.5,9168.418583735824,-0.00019385461569992684,3.0148661499670358e-05,-inf,1.0,1.0,100,304.0,186.0,False,26.25,26.25
359,atlas_4S456Parcels,359,RH_Cont_PFCmp_1,R,CORTEX,cortical parcel (frontoparietal control network),NOT_AVAILABLE,CORTICAL,NOT_AVAILABLE,NOT_AVAILABLE,NOT_AVAILABLE,NOT_AVAILABLE,NOT_AVAILABLE,NOT_AVAILABLE,NOT_AVAILABLE,frontoparietal control,NOT_AVAILABLE,NOT_AVAILABLE,NOT_AVAILABLE,atlas_4S456_system_labels.csv (+PROVENANCE); Yeo-7 prefixes on cortical labels,P2-v1.0.0,HIGH,MAPPED_HIGH_CONFIDENCE,0.00021198499750254998,74.5,18608.91544613242,0.0001054626943482203,5.787038772332438e-05,-inf,1.0,1.0,100,90.0,124.0,False,37.25,37.25
360,atlas_4S456Parcels,360,RH_Cont_PFCmp_2,R,CORTEX,cortical parcel (frontoparietal control network),NOT_AVAILABLE,CORTICAL,NOT_AVAILABLE,NOT_AVAILABLE,NOT_AVAILABLE,NOT_AVAILABLE,NOT_AVAILABLE,NOT_AVAILABLE,NOT_AVAILABLE,frontoparietal control,NOT_AVAILABLE,NOT_AVAILABLE,NOT_AVAILABLE,atlas_4S456_system_labels.csv (+PROVENANCE); Yeo-7 prefixes on cortical labels,P2-v1.0.0,HIGH,MAPPED_HIGH_CONFIDENCE,0.00020816264215925,73.0,12960.095524989069,6.338311123310649e-05,8.869607712628543e-05,-inf,1.0,1.0,100,91.0,75.0,False,36.5,36.5
361,atlas_4S456Parcels,361,RH_Default_Par_1,R,CORTEX,cortical parcel (default mode network),NOT_AVAILABLE,CORTICAL,NOT_AVAILABLE,NOT_AVAILABLE,NOT_AVAILABLE,NOT_AVAILABLE,NOT_AVAILABLE,NOT_AVAILABLE,NOT_AVAILABLE,default mode,NOT_AVAILABLE,NOT_AVAILABLE,NOT_AVAILABLE,atlas_4S456_system_labels.csv (+PROVENANCE); Yeo-7 prefixes on cortical labels,P2-v1.0.0,HIGH,MAPPED_HIGH_CONFIDENCE,-0.00054371456367215,37.0,7092.128583736718,-0.00042562044389771197,-0.00012341998352927066,-inf,1.0,1.0,100,453.0,411.0,False,18.5,18.5
362,atlas_4S456Parcels,362,RH_Default_Par_2,R,CORTEX,cortical parcel (default mode network),NOT_AVAILABLE,CORTICAL,NOT_AVAILABLE,NOT_AVAILABLE,NOT_AVAILABLE,NOT_AVAILABLE,NOT_AVAILABLE,NOT_AVAILABLE,NOT_AVAILABLE,default mode,NOT_AVAILABLE,NOT_AVAILABLE,NOT_AVAILABLE,atlas_4S456_system_labels.csv (+PROVENANCE); Yeo-7 prefixes on cortical labels,P2-v1.0.0,HIGH,MAPPED_HIGH_CONFIDENCE,-0.00021411298601075002,58.0,14622.775393769145,-0.00010705798942395497,-0.000115272033988293,-inf,1.0,1.0,100,361.0,395.0,False,29.0,29.0
363,atlas_4S456Parcels,363,RH_Default_Par_3,R,CORTEX,cortical parcel (default mode network),NOT_AVAILABLE,CORTICAL,NOT_AVAILABLE,NOT_AVAILABLE,NOT_AVAILABLE,NOT_AVAILABLE,NOT_AVAILABLE,NOT_AVAILABLE,NOT_AVAILABLE,default mode,NOT_AVAILABLE,NOT_AVAILABLE,NOT_AVAILABLE,atlas_4S456_system_labels.csv (+PROVENANCE); Yeo-7 prefixes on cortical labels,P2-v1.0.0,HIGH,MAPPED_HIGH_CONFIDENCE,-0.00021123085696449998,60.0,16375.294587008655,-7.835019411157198e-05,-0.00013281958438496707,-inf,1.0,1.0,100,360.0,425.0,False,30.0,30.0
364,atlas_4S456Parcels,364,RH_Default_Par_4,R,CORTEX,cortical parcel (default mode network),NOT_AVAILABLE,CORTICAL,NOT_AVAILABLE,NOT_AVAILABLE,NOT_AVAILABLE,NOT_AVAILABLE,NOT_AVAILABLE,NOT_AVAILABLE,NOT_AVAILABLE,default mode,NOT_AVAILABLE,NOT_AVAILABLE,NOT_AVAILABLE,atlas_4S456_system_labels.csv (+PROVENANCE); Yeo-7 prefixes on cortical labels,P2-v1.0.0,HIGH,MAPPED_HIGH_CONFIDENCE,-0.00038944638262275,44.0,5299.405008669943,-0.00031992176645199907,-7.619033602604549e-05,-inf,1.0,1.0,100,422.0,339.0,False,22.0,22.0
365,atlas_4S456Parcels,365,RH_Default_Par_5,R,CORTEX,cortical parcel (default mode network),NOT_AVAILABLE,CORTICAL,NOT_AVAILABLE,NOT_AVAILABLE,NOT_AVAILABLE,NOT_AVAILABLE,NOT_AVAILABLE,NOT_AVAILABLE,NOT_AVAILABLE,default mode,NOT_AVAILABLE,NOT_AVAILABLE,NOT_AVAILABLE,atlas_4S456_system_labels.csv (+PROVENANCE); Yeo-7 prefixes on cortical labels,P2-v1.0.0,HIGH,MAPPED_HIGH_CONFIDENCE,-1.296275165331423e-06,75.0,13596.10573399812,0.0001255702198677314,-0.00012920254373025093,-inf,1.0,1.0,100,209.0,421.0,False,37.5,37.5
366,atlas_4S456Parcels,366,RH_Default_Temp_1,R,CORTEX,cortical parcel (default mode network),NOT_AVAILABLE,CORTICAL,NOT_AVAILABLE,NOT_AVAILABLE,NOT_AVAILABLE,NOT_AVAILABLE,NOT_AVAILABLE,NOT_AVAILABLE,NOT_AVAILABLE,default mode,NOT_AVAILABLE,NOT_AVAILABLE,NOT_AVAILABLE,atlas_4S456_system_labels.csv (+PROVENANCE); Yeo-7 prefixes on cortical labels,P2-v1.0.0,HIGH,MAPPED_HIGH_CONFIDENCE,-8.8809657212267e-05,62.0,17455.704869326204,-5.850949257708309e-05,-5.1756249984900155e-05,-inf,1.0,1.0,100,268.0,305.0,False,31.0,31.0
367,atlas_4S456Parcels,367,RH_Default_Temp_2,R,CORTEX,cortical parcel (default mode network),NOT_AVAILABLE,CORTICAL,NOT_AVAILABLE,NOT_AVAILABLE,NOT_AVAILABLE,NOT_AVAILABLE,NOT_AVAILABLE,NOT_AVAILABLE,NOT_AVAILABLE,default mode,NOT_AVAILABLE,NOT_AVAILABLE,NOT_AVAILABLE,atlas_4S456_system_labels.csv (+PROVENANCE); Yeo-7 prefixes on cortical labels,P2-v1.0.0,HIGH,MAPPED_HIGH_CONFIDENCE,-7.63796412432764e-05,64.5,25145.46618284285,-2.7982209704658387e-05,-7.259134456895252e-05,-inf,1.0,1.0,100,261.0,333.0,False,32.25,32.25
368,atlas_4S456Parcels,368,RH_Default_Temp_3,R,CORTEX,cortical parcel (default mode network),NOT_AVAILABLE,CORTICAL,NOT_AVAILABLE,NOT_AVAILABLE,NOT_AVAILABLE,NOT_AVAILABLE,NOT_AVAILABLE,NOT_AVAILABLE,NOT_AVAILABLE,default mode,NOT_AVAILABLE,NOT_AVAILABLE,NOT_AVAILABLE,atlas_4S456_system_labels.csv (+PROVENANCE); Yeo-7 prefixes on cortical labels,P2-v1.0.0,HIGH,MAPPED_HIGH_CONFIDENCE,2.6756303126383714e-05,70.0,16612.204609259963,5.044830549587911e-05,-7.292524441104424e-05,-inf,1.0,1.0,100,194.0,334.0,False,35.0,35.0
369,atlas_4S456Parcels,369,RH_Default_Temp_4,R,CORTEX,cortical parcel (default mode network),NOT_AVAILABLE,CORTICAL,NOT_AVAILABLE,NOT_AVAILABLE,NOT_AVAILABLE,NOT_AVAILABLE,NOT_AVAILABLE,NOT_AVAILABLE,NOT_AVAILABLE,default mode,NOT_AVAILABLE,NOT_AVAILABLE,NOT_AVAILABLE,atlas_4S456_system_labels.csv (+PROVENANCE); Yeo-7 prefixes on cortical labels,P2-v1.0.0,HIGH,MAPPED_HIGH_CONFIDENCE,4.373918826336805e-05,75.0,21673.091372042894,0.00011653103843125926,-0.00010860746343542438,-inf,1.0,1.0,100,188.0,385.0,False,37.5,37.5
370,atlas_4S456Parcels,370,RH_Default_Temp_5,R,CORTEX,cortical parcel (default mode network),NOT_AVAILABLE,CORTICAL,NOT_AVAILABLE,NOT_AVAILABLE,NOT_AVAILABLE,NOT_AVAILABLE,NOT_AVAILABLE,NOT_AVAILABLE,NOT_AVAILABLE,default mode,NOT_AVAILABLE,NOT_AVAILABLE,NOT_AVAILABLE,atlas_4S456_system_labels.csv (+PROVENANCE); Yeo-7 prefixes on cortical labels,P2-v1.0.0,HIGH,MAPPED_HIGH_CONFIDENCE,-0.0001725581116401,60.0,13129.032010309398,-9.809861148799126e-05,-9.314085462974484e-05,-inf,1.0,1.0,100,343.0,365.0,False,30.0,30.0
371,atlas_4S456Parcels,371,RH_Default_Temp_6,R,CORTEX,cortical parcel (default mode network),NOT_AVAILABLE,CORTICAL,NOT_AVAILABLE,NOT_AVAILABLE,NOT_AVAILABLE,NOT_AVAILABLE,NOT_AVAILABLE,NOT_AVAILABLE,NOT_AVAILABLE,default mode,NOT_AVAILABLE,NOT_AVAILABLE,NOT_AVAILABLE,atlas_4S456_system_labels.csv (+PROVENANCE); Yeo-7 prefixes on cortical labels,P2-v1.0.0,HIGH,MAPPED_HIGH_CONFIDENCE,-0.0003834362007037,45.0,8770.510906368494,-0.00030369788045588996,-8.731403768499408e-05,-inf,1.0,1.0,100,420.0,354.0,False,22.5,22.5
372,atlas_4S456Parcels,372,RH_Default_Temp_7,R,CORTEX,cortical parcel (default mode network),NOT_AVAILABLE,CORTICAL,NOT_AVAILABLE,NOT_AVAILABLE,NOT_AVAILABLE,NOT_AVAILABLE,NOT_AVAILABLE,NOT_AVAILABLE,NOT_AVAILABLE,default mode,NOT_AVAILABLE,NOT_AVAILABLE,NOT_AVAILABLE,atlas_4S456_system_labels.csv (+PROVENANCE); Yeo-7 prefixes on cortical labels,P2-v1.0.0,HIGH,MAPPED_HIGH_CONFIDENCE,-0.00029845634604155,50.0,8514.51971425116,-0.0002381909030644123,-0.00011234114902643582,-inf,1.0,1.0,100,396.0,389.0,False,25.0,25.0
373,atlas_4S456Parcels,373,RH_Default_Temp_8,R,CORTEX,cortical parcel (default mode network),NOT_AVAILABLE,CORTICAL,NOT_AVAILABLE,NOT_AVAILABLE,NOT_AVAILABLE,NOT_AVAILABLE,NOT_AVAILABLE,NOT_AVAILABLE,NOT_AVAILABLE,default mode,NOT_AVAILABLE,NOT_AVAILABLE,NOT_AVAILABLE,atlas_4S456_system_labels.csv (+PROVENANCE); Yeo-7 prefixes on cortical labels,P2-v1.0.0,HIGH,MAPPED_HIGH_CONFIDENCE,-0.0001054433352293,65.0,16812.169045493007,-1.0250210826416958e-05,-0.00010842821223751235,-inf,1.0,1.0,100,286.0,383.0,False,32.5,32.5
374,atlas_4S456Parcels,374,RH_Default_PFCv_1,R,CORTEX,cortical parcel (default mode network),NOT_AVAILABLE,CORTICAL,NOT_AVAILABLE,NOT_AVAILABLE,NOT_AVAILABLE,NOT_AVAILABLE,NOT_AVAILABLE,NOT_AVAILABLE,NOT_AVAILABLE,default mode,NOT_AVAILABLE,NOT_AVAILABLE,NOT_AVAILABLE,atlas_4S456_system_labels.csv (+PROVENANCE); Yeo-7 prefixes on cortical labels,P2-v1.0.0,HIGH,MAPPED_HIGH_CONFIDENCE,-1.3116425828279814e-05,64.0,21422.455421455204,-3.0650947683639624e-05,-1.9784805596539197e-05,-inf,1.0,1.0,100,222.0,269.0,False,32.0,32.0
375,atlas_4S456Parcels,375,RH_Default_PFCv_2,R,CORTEX,cortical parcel (default mode network),NOT_AVAILABLE,CORTICAL,NOT_AVAILABLE,NOT_AVAILABLE,NOT_AVAILABLE,NOT_AVAILABLE,NOT_AVAILABLE,NOT_AVAILABLE,NOT_AVAILABLE,default mode,NOT_AVAILABLE,NOT_AVAILABLE,NOT_AVAILABLE,atlas_4S456_system_labels.csv (+PROVENANCE); Yeo-7 prefixes on cortical labels,P2-v1.0.0,HIGH,MAPPED_HIGH_CONFIDENCE,-0.00041360502996215,37.5,12728.26419082284,-0.000402663808906384,-3.2355211635573566e-05,-inf,1.0,1.0,100,430.0,288.0,False,18.75,18.75
376,atlas_4S456Parcels,376,RH_Default_PFCv_3,R,CORTEX,cortical parcel (default mode network),NOT_AVAILABLE,CORTICAL,NOT_AVAILABLE,NOT_AVAILABLE,NOT_AVAILABLE,NOT_AVAILABLE,NOT_AVAILABLE,NOT_AVAILABLE,NOT_AVAILABLE,default mode,NOT_AVAILABLE,NOT_AVAILABLE,NOT_AVAILABLE,atlas_4S456_system_labels.csv (+PROVENANCE); Yeo-7 prefixes on cortical labels,P2-v1.0.0,HIGH,MAPPED_HIGH_CONFIDENCE,0.0001340108191758,78.0,22871.71247781813,0.00019548847350560022,-7.521705239765789e-05,-inf,1.0,1.0,100,125.0,337.0,False,39.0,39.0
377,atlas_4S456Parcels,377,RH_Default_PFCv_4,R,CORTEX,cortical parcel (default mode network),NOT_AVAILABLE,CORTICAL,NOT_AVAILABLE,NOT_AVAILABLE,NOT_AVAILABLE,NOT_AVAILABLE,NOT_AVAILABLE,NOT_AVAILABLE,NOT_AVAILABLE,default mode,NOT_AVAILABLE,NOT_AVAILABLE,NOT_AVAILABLE,atlas_4S456_system_labels.csv (+PROVENANCE); Yeo-7 prefixes on cortical labels,P2-v1.0.0,HIGH,MAPPED_HIGH_CONFIDENCE,0.00039264866365605,94.0,25815.883483529095,0.00041323551663685734,-9.315766888932757e-07,-inf,1.0,1.0,100,45.0,238.0,False,47.0,47.0
378,atlas_4S456Parcels,378,RH_Default_PFCdPFCm_1,R,CORTEX,cortical parcel (default mode network),NOT_AVAILABLE,CORTICAL,NOT_AVAILABLE,NOT_AVAILABLE,NOT_AVAILABLE,NOT_AVAILABLE,NOT_AVAILABLE,NOT_AVAILABLE,NOT_AVAILABLE,default mode,NOT_AVAILABLE,NOT_AVAILABLE,NOT_AVAILABLE,atlas_4S456_system_labels.csv (+PROVENANCE); Yeo-7 prefixes on cortical labels,P2-v1.0.0,HIGH,MAPPED_HIGH_CONFIDENCE,0.000231776954189,72.0,30873.340189881623,8.644225033184818e-05,0.00014746819853878916,23.171598902476333,4.4035387092657314e-119,1.544625885711672e-117,100,79.0,23.0,True,36.0,36.0
379,atlas_4S456Parcels,379,RH_Default_PFCdPFCm_2,R,CORTEX,cortical parcel (default mode network),NOT_AVAILABLE,CORTICAL,NOT_AVAILABLE,NOT_AVAILABLE,NOT_AVAILABLE,NOT_AVAILABLE,NOT_AVAILABLE,NOT_AVAILABLE,NOT_AVAILABLE,default mode,NOT_AVAILABLE,NOT_AVAILABLE,NOT_AVAILABLE,atlas_4S456_system_labels.csv (+PROVENANCE); Yeo-7 prefixes on cortical labels,P2-v1.0.0,HIGH,MAPPED_HIGH_CONFIDENCE,-6.860318158495429e-05,54.0,16022.467514328659,-0.00017040199545224156,8.835693686463973e-05,-inf,1.0,1.0,100,257.0,76.0,False,27.0,27.0
380,atlas_4S456Parcels,380,RH_Default_PFCdPFCm_3,R,CORTEX,cortical parcel (default mode network),NOT_AVAILABLE,CORTICAL,NOT_AVAILABLE,NOT_AVAILABLE,NOT_AVAILABLE,NOT_AVAILABLE,NOT_AVAILABLE,NOT_AVAILABLE,NOT_AVAILABLE,default mode,NOT_AVAILABLE,NOT_AVAILABLE,NOT_AVAILABLE,atlas_4S456_system_labels.csv (+PROVENANCE); Yeo-7 prefixes on cortical labels,P2-v1.0.0,HIGH,MAPPED_HIGH_CONFIDENCE,7.682771205196528e-05,62.0,21912.789109766483,-5.7366297571355055e-05,0.0001366836966958994,-inf,1.0,1.0,100,161.0,29.0,False,31.0,31.0
381,atlas_4S456Parcels,381,RH_Default_PFCdPFCm_4,R,CORTEX,cortical parcel (default mode network),NOT_AVAILABLE,CORTICAL,NOT_AVAILABLE,NOT_AVAILABLE,NOT_AVAILABLE,NOT_AVAILABLE,NOT_AVAILABLE,NOT_AVAILABLE,NOT_AVAILABLE,default mode,NOT_AVAILABLE,NOT_AVAILABLE,NOT_AVAILABLE,atlas_4S456_system_labels.csv (+PROVENANCE); Yeo-7 prefixes on cortical labels,P2-v1.0.0,HIGH,MAPPED_HIGH_CONFIDENCE,0.0001776164595514,71.0,25639.27825212479,5.291815856491941e-05,6.648617858958533e-05,-inf,1.0,1.0,100,102.0,111.0,False,35.5,35.5
382,atlas_4S456Parcels,382,RH_Default_PFCdPFCm_5,R,CORTEX,cortical parcel (default mode network),NOT_AVAILABLE,CORTICAL,NOT_AVAILABLE,NOT_AVAILABLE,NOT_AVAILABLE,NOT_AVAILABLE,NOT_AVAILABLE,NOT_AVAILABLE,NOT_AVAILABLE,default mode,NOT_AVAILABLE,NOT_AVAILABLE,NOT_AVAILABLE,atlas_4S456_system_labels.csv (+PROVENANCE); Yeo-7 prefixes on cortical labels,P2-v1.0.0,HIGH,MAPPED_HIGH_CONFIDENCE,-0.0001263478501175,53.0,10653.90587130934,-0.0001740413867880811,4.2503765025098225e-05,-inf,1.0,1.0,100,309.0,157.0,False,26.5,26.5
383,atlas_4S456Parcels,383,RH_Default_PFCdPFCm_6,R,CORTEX,cortical parcel (default mode network),NOT_AVAILABLE,CORTICAL,NOT_AVAILABLE,NOT_AVAILABLE,NOT_AVAILABLE,NOT_AVAILABLE,NOT_AVAILABLE,NOT_AVAILABLE,NOT_AVAILABLE,default mode,NOT_AVAILABLE,NOT_AVAILABLE,NOT_AVAILABLE,atlas_4S456_system_labels.csv (+PROVENANCE); Yeo-7 prefixes on cortical labels,P2-v1.0.0,HIGH,MAPPED_HIGH_CONFIDENCE,1.2884071356796984e-05,61.0,11384.576271228492,-5.773658185655918e-05,5.785132905614901e-05,-inf,1.0,1.0,100,203.0,125.0,False,30.5,30.5
384,atlas_4S456Parcels,384,RH_Default_PFCdPFCm_7,R,CORTEX,cortical parcel (default mode network),NOT_AVAILABLE,CORTICAL,NOT_AVAILABLE,NOT_AVAILABLE,NOT_AVAILABLE,NOT_AVAILABLE,NOT_AVAILABLE,NOT_AVAILABLE,NOT_AVAILABLE,default mode,NOT_AVAILABLE,NOT_AVAILABLE,NOT_AVAILABLE,atlas_4S456_system_labels.csv (+PROVENANCE); Yeo-7 prefixes on cortical labels,P2-v1.0.0,HIGH,MAPPED_HIGH_CONFIDENCE,1.159709005863435e-06,60.0,12241.584472931921,-9.754509060757037e-05,5.4672103344980645e-05,-inf,1.0,1.0,100,206.0,133.0,False,30.0,30.0
385,atlas_4S456Parcels,385,RH_Default_PFCdPFCm_8,R,CORTEX,cortical parcel (default mode network),NOT_AVAILABLE,CORTICAL,NOT_AVAILABLE,NOT_AVAILABLE,NOT_AVAILABLE,NOT_AVAILABLE,NOT_AVAILABLE,NOT_AVAILABLE,NOT_AVAILABLE,default mode,NOT_AVAILABLE,NOT_AVAILABLE,NOT_AVAILABLE,atlas_4S456_system_labels.csv (+PROVENANCE); Yeo-7 prefixes on cortical labels,P2-v1.0.0,HIGH,MAPPED_HIGH_CONFIDENCE,-0.00015493359569675,51.0,8855.437408529222,-0.00020658994887717754,6.191954774198264e-05,-inf,1.0,1.0,100,328.0,117.0,False,25.5,25.5
386,atlas_4S456Parcels,386,RH_Default_PFCdPFCm_9,R,CORTEX,cortical parcel (default mode network),NOT_AVAILABLE,CORTICAL,NOT_AVAILABLE,NOT_AVAILABLE,NOT_AVAILABLE,NOT_AVAILABLE,NOT_AVAILABLE,NOT_AVAILABLE,NOT_AVAILABLE,default mode,NOT_AVAILABLE,NOT_AVAILABLE,NOT_AVAILABLE,atlas_4S456_system_labels.csv (+PROVENANCE); Yeo-7 prefixes on cortical labels,P2-v1.0.0,HIGH,MAPPED_HIGH_CONFIDENCE,0.00014084692339860001,69.0,12369.118894357234,2.9684317390400727e-05,6.670142724914102e-05,-inf,1.0,1.0,100,124.0,110.0,False,34.5,34.5
387,atlas_4S456Parcels,387,RH_Default_PFCdPFCm_10,R,CORTEX,cortical parcel (default mode network),NOT_AVAILABLE,CORTICAL,NOT_AVAILABLE,NOT_AVAILABLE,NOT_AVAILABLE,NOT_AVAILABLE,NOT_AVAILABLE,NOT_AVAILABLE,NOT_AVAILABLE,default mode,NOT_AVAILABLE,NOT_AVAILABLE,NOT_AVAILABLE,atlas_4S456_system_labels.csv (+PROVENANCE); Yeo-7 prefixes on cortical labels,P2-v1.0.0,HIGH,MAPPED_HIGH_CONFIDENCE,-0.00015866555905855,49.5,14137.557149350643,-0.00022199286320556224,5.539772816056949e-05,-inf,1.0,1.0,100,333.0,130.0,False,24.75,24.75
388,atlas_4S456Parcels,388,RH_Default_PFCdPFCm_11,R,CORTEX,cortical parcel (default mode network),NOT_AVAILABLE,CORTICAL,NOT_AVAILABLE,NOT_AVAILABLE,NOT_AVAILABLE,NOT_AVAILABLE,NOT_AVAILABLE,NOT_AVAILABLE,NOT_AVAILABLE,default mode,NOT_AVAILABLE,NOT_AVAILABLE,NOT_AVAILABLE,atlas_4S456_system_labels.csv (+PROVENANCE); Yeo-7 prefixes on cortical labels,P2-v1.0.0,HIGH,MAPPED_HIGH_CONFIDENCE,6.579931015039103e-05,65.0,13635.134506247938,1.2256000303100345e-05,6.320406628051512e-05,-inf,1.0,1.0,100,170.0,114.0,False,32.5,32.5
389,atlas_4S456Parcels,389,RH_Default_PFCdPFCm_12,R,CORTEX,cortical parcel (default mode network),NOT_AVAILABLE,CORTICAL,NOT_AVAILABLE,NOT_AVAILABLE,NOT_AVAILABLE,NOT_AVAILABLE,NOT_AVAILABLE,NOT_AVAILABLE,NOT_AVAILABLE,default mode,NOT_AVAILABLE,NOT_AVAILABLE,NOT_AVAILABLE,atlas_4S456_system_labels.csv (+PROVENANCE); Yeo-7 prefixes on cortical labels,P2-v1.0.0,HIGH,MAPPED_HIGH_CONFIDENCE,-5.919939244630378e-05,58.0,15119.26548343897,-0.00010174157628047497,4.249782031078345e-05,-inf,1.0,1.0,100,252.0,158.0,False,29.0,29.0
390,atlas_4S456Parcels,390,RH_Default_PFCdPFCm_13,R,CORTEX,cortical parcel (default mode network),NOT_AVAILABLE,CORTICAL,NOT_AVAILABLE,NOT_AVAILABLE,NOT_AVAILABLE,NOT_AVAILABLE,NOT_AVAILABLE,NOT_AVAILABLE,NOT_AVAILABLE,default mode,NOT_AVAILABLE,NOT_AVAILABLE,NOT_AVAILABLE,atlas_4S456_system_labels.csv (+PROVENANCE); Yeo-7 prefixes on cortical labels,P2-v1.0.0,HIGH,MAPPED_HIGH_CONFIDENCE,0.0002761877038501,78.5,16527.080751352012,0.00018847575417584172,7.470244401478905e-05,-inf,1.0,1.0,100,66.0,100.0,False,39.25,39.25
391,atlas_4S456Parcels,391,RH_Default_pCunPCC_1,R,CORTEX,cortical parcel (default mode network),NOT_AVAILABLE,CORTICAL,NOT_AVAILABLE,NOT_AVAILABLE,NOT_AVAILABLE,NOT_AVAILABLE,NOT_AVAILABLE,NOT_AVAILABLE,NOT_AVAILABLE,default mode,NOT_AVAILABLE,NOT_AVAILABLE,NOT_AVAILABLE,atlas_4S456_system_labels.csv (+PROVENANCE); Yeo-7 prefixes on cortical labels,P2-v1.0.0,HIGH,MAPPED_HIGH_CONFIDENCE,0.00030736066761024997,83.5,15134.327231362462,0.0002447259644812492,4.402371007583192e-05,-inf,1.0,1.0,100,60.0,154.0,False,41.75,41.75
392,atlas_4S456Parcels,392,RH_Default_pCunPCC_2,R,CORTEX,cortical parcel (default mode network),NOT_AVAILABLE,CORTICAL,NOT_AVAILABLE,NOT_AVAILABLE,NOT_AVAILABLE,NOT_AVAILABLE,NOT_AVAILABLE,NOT_AVAILABLE,NOT_AVAILABLE,default mode,NOT_AVAILABLE,NOT_AVAILABLE,NOT_AVAILABLE,atlas_4S456_system_labels.csv (+PROVENANCE); Yeo-7 prefixes on cortical labels,P2-v1.0.0,HIGH,MAPPED_HIGH_CONFIDENCE,-0.0002795239175669,40.0,2233.8450170606375,-0.00038318691666535407,8.375062414033238e-05,-inf,1.0,1.0,100,384.0,86.0,False,20.0,20.0
393,atlas_4S456Parcels,393,RH_Default_pCunPCC_3,R,CORTEX,cortical parcel (default mode network),NOT_AVAILABLE,CORTICAL,NOT_AVAILABLE,NOT_AVAILABLE,NOT_AVAILABLE,NOT_AVAILABLE,NOT_AVAILABLE,NOT_AVAILABLE,NOT_AVAILABLE,default mode,NOT_AVAILABLE,NOT_AVAILABLE,NOT_AVAILABLE,atlas_4S456_system_labels.csv (+PROVENANCE); Yeo-7 prefixes on cortical labels,P2-v1.0.0,HIGH,MAPPED_HIGH_CONFIDENCE,-0.000224360565286,48.0,5372.332261763513,-0.00026866875272258333,9.92970036022597e-06,-inf,1.0,1.0,100,367.0,213.0,False,24.0,24.0
394,atlas_4S456Parcels,394,RH_Default_pCunPCC_4,R,CORTEX,cortical parcel (default mode network),NOT_AVAILABLE,CORTICAL,NOT_AVAILABLE,NOT_AVAILABLE,NOT_AVAILABLE,NOT_AVAILABLE,NOT_AVAILABLE,NOT_AVAILABLE,NOT_AVAILABLE,default mode,NOT_AVAILABLE,NOT_AVAILABLE,NOT_AVAILABLE,atlas_4S456_system_labels.csv (+PROVENANCE); Yeo-7 prefixes on cortical labels,P2-v1.0.0,HIGH,MAPPED_HIGH_CONFIDENCE,1.1578384637116316e-05,59.0,8001.937774490565,-9.604497744117131e-05,9.900994814722484e-05,-inf,1.0,1.0,100,204.0,67.0,False,29.5,29.5
395,atlas_4S456Parcels,395,RH_Default_pCunPCC_5,R,CORTEX,cortical parcel (default mode network),NOT_AVAILABLE,CORTICAL,NOT_AVAILABLE,NOT_AVAILABLE,NOT_AVAILABLE,NOT_AVAILABLE,NOT_AVAILABLE,NOT_AVAILABLE,NOT_AVAILABLE,default mode,NOT_AVAILABLE,NOT_AVAILABLE,NOT_AVAILABLE,atlas_4S456_system_labels.csv (+PROVENANCE); Yeo-7 prefixes on cortical labels,P2-v1.0.0,HIGH,MAPPED_HIGH_CONFIDENCE,-3.796150684445423e-05,54.0,5844.202770203352,-0.00017634785131236577,8.780570428017223e-05,-inf,1.0,1.0,100,236.0,77.0,False,27.0,27.0
396,atlas_4S456Parcels,396,RH_Default_pCunPCC_6,R,CORTEX,cortical parcel (default mode network),NOT_AVAILABLE,CORTICAL,NOT_AVAILABLE,NOT_AVAILABLE,NOT_AVAILABLE,NOT_AVAILABLE,NOT_AVAILABLE,NOT_AVAILABLE,NOT_AVAILABLE,default mode,NOT_AVAILABLE,NOT_AVAILABLE,NOT_AVAILABLE,atlas_4S456_system_labels.csv (+PROVENANCE); Yeo-7 prefixes on cortical labels,P2-v1.0.0,HIGH,MAPPED_HIGH_CONFIDENCE,2.0887893658748515e-05,60.0,12199.420525617898,-8.51397847069527e-05,8.3587065545246e-05,-inf,1.0,1.0,100,199.0,87.0,False,30.0,30.0
397,atlas_4S456Parcels,397,RH_Default_pCunPCC_7,R,CORTEX,cortical parcel (default mode network),NOT_AVAILABLE,CORTICAL,NOT_AVAILABLE,NOT_AVAILABLE,NOT_AVAILABLE,NOT_AVAILABLE,NOT_AVAILABLE,NOT_AVAILABLE,NOT_AVAILABLE,default mode,NOT_AVAILABLE,NOT_AVAILABLE,NOT_AVAILABLE,atlas_4S456_system_labels.csv (+PROVENANCE); Yeo-7 prefixes on cortical labels,P2-v1.0.0,HIGH,MAPPED_HIGH_CONFIDENCE,-0.00011771757084215001,53.0,8068.246645435691,-0.00018909087347612327,5.9056710290183913e-05,-inf,1.0,1.0,100,302.0,121.0,False,26.5,26.5
398,atlas_4S456Parcels,398,RH_Default_pCunPCC_8,R,CORTEX,cortical parcel (default mode network),NOT_AVAILABLE,CORTICAL,NOT_AVAILABLE,NOT_AVAILABLE,NOT_AVAILABLE,NOT_AVAILABLE,NOT_AVAILABLE,NOT_AVAILABLE,NOT_AVAILABLE,default mode,NOT_AVAILABLE,NOT_AVAILABLE,NOT_AVAILABLE,atlas_4S456_system_labels.csv (+PROVENANCE); Yeo-7 prefixes on cortical labels,P2-v1.0.0,HIGH,MAPPED_HIGH_CONFIDENCE,-0.0001116098984803,49.0,5430.157083019614,-0.0002533935611349181,0.00010306431583030759,-inf,1.0,1.0,100,296.0,60.0,False,24.5,24.5
399,atlas_4S456Parcels,399,RH_Default_pCunPCC_9,R,CORTEX,cortical parcel (default mode network),NOT_AVAILABLE,CORTICAL,NOT_AVAILABLE,NOT_AVAILABLE,NOT_AVAILABLE,NOT_AVAILABLE,NOT_AVAILABLE,NOT_AVAILABLE,NOT_AVAILABLE,default mode,NOT_AVAILABLE,NOT_AVAILABLE,NOT_AVAILABLE,atlas_4S456_system_labels.csv (+PROVENANCE); Yeo-7 prefixes on cortical labels,P2-v1.0.0,HIGH,MAPPED_HIGH_CONFIDENCE,0.00016335756706364998,66.0,7708.238615773618,-1.1656952578556126e-05,0.0001308135446625035,-inf,1.0,1.0,100,114.0,34.0,False,33.0,33.0
400,atlas_4S456Parcels,400,LH-Pu,L,Subcortex,Putamen,NOT_AVAILABLE,SUBCORTICAL,NOT_AVAILABLE,NOT_AVAILABLE,NOT_AVAILABLE,NOT_AVAILABLE,NOT_AVAILABLE,NOT_AVAILABLE,NOT_AVAILABLE,subcortical,NOT_AVAILABLE,NOT_AVAILABLE,NOT_AVAILABLE,atlas_4S456_system_labels.csv (+PROVENANCE); Yeo-7 prefixes on cortical labels,P2-v1.0.0,HIGH,MAPPED_LOW_CONFIDENCE,0.00390979030629335,227.5,58254.90742171556,0.003878140607431496,0.0001164567835541079,23.30078922787913,2.1761616387746556e-120,2.3409078261845626e-118,100,2.0,45.0,True,113.75,113.75
401,atlas_4S456Parcels,401,LH-Ca,L,Subcortex,Caudate,NOT_AVAILABLE,SUBCORTICAL,NOT_AVAILABLE,NOT_AVAILABLE,NOT_AVAILABLE,NOT_AVAILABLE,NOT_AVAILABLE,NOT_AVAILABLE,NOT_AVAILABLE,subcortical,NOT_AVAILABLE,NOT_AVAILABLE,NOT_AVAILABLE,atlas_4S456_system_labels.csv (+PROVENANCE); Yeo-7 prefixes on cortical labels,P2-v1.0.0,HIGH,MAPPED_LOW_CONFIDENCE,0.00313766621987615,214.0,50250.99736560136,0.0033208798501837104,-0.00011759934841247717,23.27356693365989,4.1068558354115144e-120,2.3409078261845626e-118,100,4.0,398.0,True,107.0,107.0
402,atlas_4S456Parcels,402,LH-NAC,L,Subcortex,Nucleus Accumbens,NOT_AVAILABLE,SUBCORTICAL,NOT_AVAILABLE,NOT_AVAILABLE,NOT_AVAILABLE,NOT_AVAILABLE,NOT_AVAILABLE,NOT_AVAILABLE,NOT_AVAILABLE,subcortical,NOT_AVAILABLE,NOT_AVAILABLE,NOT_AVAILABLE,atlas_4S456_system_labels.csv (+PROVENANCE); Yeo-7 prefixes on cortical labels,P2-v1.0.0,HIGH,MAPPED_LOW_CONFIDENCE,-4.235546215322206e-05,44.0,4119.44246724993,-0.00030735739971875676,0.0002602737914369311,23.27356693365989,4.1068558354115144e-120,2.3409078261845626e-118,100,243.0,4.0,True,22.0,22.0
403,atlas_4S456Parcels,403,LH-EXA,L,Subcortex,Extended Amygdala,NOT_AVAILABLE,SUBCORTICAL,NOT_AVAILABLE,NOT_AVAILABLE,NOT_AVAILABLE,NOT_AVAILABLE,NOT_AVAILABLE,NOT_AVAILABLE,NOT_AVAILABLE,subcortical,NOT_AVAILABLE,NOT_AVAILABLE,NOT_AVAILABLE,atlas_4S456_system_labels.csv (+PROVENANCE); Yeo-7 prefixes on cortical labels,P2-v1.0.0,HIGH,MAPPED_LOW_CONFIDENCE,-0.00022033974545830002,33.0,2194.7391652315855,-0.0004837697225608333,0.0002341367904647372,-inf,1.0,1.0,100,363.0,6.0,False,16.5,16.5
404,atlas_4S456Parcels,404,LH-GPe,L,Subcortex,Globus Pallidus external,NOT_AVAILABLE,SUBCORTICAL,NOT_AVAILABLE,NOT_AVAILABLE,NOT_AVAILABLE,NOT_AVAILABLE,NOT_AVAILABLE,NOT_AVAILABLE,NOT_AVAILABLE,subcortical,NOT_AVAILABLE,NOT_AVAILABLE,NOT_AVAILABLE,atlas_4S456_system_labels.csv (+PROVENANCE); Yeo-7 prefixes on cortical labels,P2-v1.0.0,HIGH,MAPPED_LOW_CONFIDENCE,0.0004773965204526,104.0,8454.892506882548,0.0005541601138615237,-8.628547759049901e-05,20.01351177545036,2.099961654486782e-89,2.8164191601352133e-88,100,34.0,353.0,True,52.0,52.0
405,atlas_4S456Parcels,405,LH-GPi,L,Subcortex,Globus Pallidus internal,NOT_AVAILABLE,SUBCORTICAL,NOT_AVAILABLE,NOT_AVAILABLE,NOT_AVAILABLE,NOT_AVAILABLE,NOT_AVAILABLE,NOT_AVAILABLE,NOT_AVAILABLE,subcortical,NOT_AVAILABLE,NOT_AVAILABLE,NOT_AVAILABLE,atlas_4S456_system_labels.csv (+PROVENANCE); Yeo-7 prefixes on cortical labels,P2-v1.0.0,HIGH,MAPPED_LOW_CONFIDENCE,8.29591033816168e-05,63.0,3840.743509232998,-3.519159750666419e-05,0.0001119743514388788,-inf,1.0,1.0,100,158.0,49.0,False,31.5,31.5
406,atlas_4S456Parcels,406,LH-SNc_PBP_VTA,L,Brainstem,Substantia Nigra / VTA complex,NOT_AVAILABLE,SUBCORTICAL,NOT_AVAILABLE,NOT_AVAILABLE,NOT_AVAILABLE,NOT_AVAILABLE,NOT_AVAILABLE,NOT_AVAILABLE,NOT_AVAILABLE,subcortical,NOT_AVAILABLE,NOT_AVAILABLE,NOT_AVAILABLE,atlas_4S456_system_labels.csv (+PROVENANCE); Yeo-7 prefixes on cortical labels,P2-v1.0.0,HIGH,MAPPED_LOW_CONFIDENCE,-0.00015787848324375,43.0,2474.5916333049536,-0.0003378554336261766,0.00014822069621934234,-inf,1.0,1.0,100,332.0,22.0,False,21.5,21.5
407,atlas_4S456Parcels,407,LH-RN,L,Brainstem,Red Nucleus,NOT_AVAILABLE,SUBCORTICAL,NOT_AVAILABLE,NOT_AVAILABLE,NOT_AVAILABLE,NOT_AVAILABLE,NOT_AVAILABLE,NOT_AVAILABLE,NOT_AVAILABLE,subcortical,NOT_AVAILABLE,NOT_AVAILABLE,NOT_AVAILABLE,atlas_4S456_system_labels.csv (+PROVENANCE); Yeo-7 prefixes on cortical labels,P2-v1.0.0,HIGH,MAPPED_LOW_CONFIDENCE,5.645577033140439e-05,61.0,4688.52956610918,-7.325967028755053e-05,0.00011102033752305945,19.81778497566749,1.045561377448494e-87,1.288583751666252e-86,100,177.0,51.0,True,30.5,30.5
408,atlas_4S456Parcels,408,LH-SNr,L,Brainstem,Substantia Nigra pars reticulata,NOT_AVAILABLE,SUBCORTICAL,NOT_AVAILABLE,NOT_AVAILABLE,NOT_AVAILABLE,NOT_AVAILABLE,NOT_AVAILABLE,NOT_AVAILABLE,NOT_AVAILABLE,subcortical,NOT_AVAILABLE,NOT_AVAILABLE,NOT_AVAILABLE,atlas_4S456_system_labels.csv (+PROVENANCE); Yeo-7 prefixes on cortical labels,P2-v1.0.0,HIGH,MAPPED_LOW_CONFIDENCE,-0.00030949751291809997,32.0,1609.9066736921668,-0.0005095330800466189,0.00014444823821991828,14.644544506377676,7.298811851645161e-49,7.924424296071888e-48,100,401.0,25.0,True,16.0,16.0
409,atlas_4S456Parcels,409,LH-VeP,L,Brainstem,Ventral Tegmental area (label as provided),NOT_AVAILABLE,SUBCORTICAL,NOT_AVAILABLE,NOT_AVAILABLE,NOT_AVAILABLE,NOT_AVAILABLE,NOT_AVAILABLE,NOT_AVAILABLE,NOT_AVAILABLE,subcortical,NOT_AVAILABLE,NOT_AVAILABLE,NOT_AVAILABLE,atlas_4S456_system_labels.csv (+PROVENANCE); Yeo-7 prefixes on cortical labels,P2-v1.0.0,HIGH,MAPPED_LOW_CONFIDENCE,-0.00029659213935219995,23.5,1189.3213559761643,-0.0006187733505365466,0.00031858250480691,20.86468354219957,5.606708600123508e-97,7.989559755175998e-96,100,394.0,2.0,True,11.75,11.75
410,atlas_4S456Parcels,410,LH-HN,L,Brainstem,Habenula (label as provided),NOT_AVAILABLE,SUBCORTICAL,NOT_AVAILABLE,NOT_AVAILABLE,NOT_AVAILABLE,NOT_AVAILABLE,NOT_AVAILABLE,NOT_AVAILABLE,NOT_AVAILABLE,subcortical,NOT_AVAILABLE,NOT_AVAILABLE,NOT_AVAILABLE,atlas_4S456_system_labels.csv (+PROVENANCE); Yeo-7 prefixes on cortical labels,P2-v1.0.0,HIGH,MAPPED_LOW_CONFIDENCE,-0.0004371547265574,18.0,906.6736281141639,-0.0006680857395243707,0.00021408898634066157,-inf,1.0,1.0,100,440.0,7.0,False,9.0,9.0
411,atlas_4S456Parcels,411,LH-HTH,L,Subcortex,Hypothalamus,NOT_AVAILABLE,SUBCORTICAL,NOT_AVAILABLE,NOT_AVAILABLE,NOT_AVAILABLE,NOT_AVAILABLE,NOT_AVAILABLE,NOT_AVAILABLE,NOT_AVAILABLE,subcortical,NOT_AVAILABLE,NOT_AVAILABLE,NOT_AVAILABLE,atlas_4S456_system_labels.csv (+PROVENANCE); Yeo-7 prefixes on cortical labels,P2-v1.0.0,HIGH,MAPPED_LOW_CONFIDENCE,0.00069660119353625,115.0,12663.764354646206,0.0007345518682869495,-5.944682971498606e-06,23.10719991463494,1.9596190026361196e-118,6.382759037157646e-117,100,16.0,249.0,True,57.5,57.5
412,atlas_4S456Parcels,412,LH-MN,L,Brainstem,Mammillary Nuclei (label as provided),NOT_AVAILABLE,SUBCORTICAL,NOT_AVAILABLE,NOT_AVAILABLE,NOT_AVAILABLE,NOT_AVAILABLE,NOT_AVAILABLE,NOT_AVAILABLE,NOT_AVAILABLE,subcortical,NOT_AVAILABLE,NOT_AVAILABLE,NOT_AVAILABLE,atlas_4S456_system_labels.csv (+PROVENANCE); Yeo-7 prefixes on cortical labels,P2-v1.0.0,HIGH,MAPPED_LOW_CONFIDENCE,-0.0007155210391013,8.0,351.3084199205041,-0.0007593662013029352,6.112460667978331e-05,18.37661309940371,1.0110309057681968e-75,1.1821284436674305e-74,100,455.0,118.0,True,4.0,4.0
413,atlas_4S456Parcels,413,LH-STH,L,Subcortex,Subthalamus,NOT_AVAILABLE,SUBCORTICAL,NOT_AVAILABLE,NOT_AVAILABLE,NOT_AVAILABLE,NOT_AVAILABLE,NOT_AVAILABLE,NOT_AVAILABLE,NOT_AVAILABLE,subcortical,NOT_AVAILABLE,NOT_AVAILABLE,NOT_AVAILABLE,atlas_4S456_system_labels.csv (+PROVENANCE); Yeo-7 prefixes on cortical labels,P2-v1.0.0,HIGH,MAPPED_LOW_CONFIDENCE,-0.00039207383105595,30.0,1555.8314570859075,-0.0005416957643505968,0.00011126287867264603,-inf,1.0,1.0,100,423.0,50.0,False,15.0,15.0
414,atlas_4S456Parcels,414,RH-Pu,R,Subcortex,Putamen,NOT_AVAILABLE,SUBCORTICAL,NOT_AVAILABLE,NOT_AVAILABLE,NOT_AVAILABLE,NOT_AVAILABLE,NOT_AVAILABLE,NOT_AVAILABLE,NOT_AVAILABLE,subcortical,NOT_AVAILABLE,NOT_AVAILABLE,NOT_AVAILABLE,atlas_4S456_system_labels.csv (+PROVENANCE); Yeo-7 prefixes on cortical labels,P2-v1.0.0,HIGH,MAPPED_LOW_CONFIDENCE,0.0041940103635617,235.0,65628.3604310751,0.004315536305277465,-0.00014856279166671794,23.27356693365989,4.1068558354115144e-120,2.3409078261845626e-118,100,1.0,435.0,True,117.5,117.5
415,atlas_4S456Parcels,415,RH-Ca,R,Subcortex,Caudate,NOT_AVAILABLE,SUBCORTICAL,NOT_AVAILABLE,NOT_AVAILABLE,NOT_AVAILABLE,NOT_AVAILABLE,NOT_AVAILABLE,NOT_AVAILABLE,NOT_AVAILABLE,subcortical,NOT_AVAILABLE,NOT_AVAILABLE,NOT_AVAILABLE,atlas_4S456_system_labels.csv (+PROVENANCE); Yeo-7 prefixes on cortical labels,P2-v1.0.0,HIGH,MAPPED_LOW_CONFIDENCE,0.0034695115132426,230.0,60491.9574008435,0.004037952234314622,-0.000376997246850609,23.30078922787913,2.1761616387746556e-120,2.3409078261845626e-118,100,3.0,456.0,True,115.0,115.0
416,atlas_4S456Parcels,416,RH-NAC,R,Subcortex,Nucleus Accumbens,NOT_AVAILABLE,SUBCORTICAL,NOT_AVAILABLE,NOT_AVAILABLE,NOT_AVAILABLE,NOT_AVAILABLE,NOT_AVAILABLE,NOT_AVAILABLE,NOT_AVAILABLE,subcortical,NOT_AVAILABLE,NOT_AVAILABLE,NOT_AVAILABLE,atlas_4S456_system_labels.csv (+PROVENANCE); Yeo-7 prefixes on cortical labels,P2-v1.0.0,HIGH,MAPPED_LOW_CONFIDENCE,4.759631919856588e-05,55.0,5627.200870476663,-0.00014398471318721121,0.00019357669013868924,22.398854009069915,2.0191632221982776e-111,3.682953717289658e-110,100,184.0,10.0,True,27.5,27.5
417,atlas_4S456Parcels,417,RH-EXA,R,Subcortex,Extended Amygdala,NOT_AVAILABLE,SUBCORTICAL,NOT_AVAILABLE,NOT_AVAILABLE,NOT_AVAILABLE,NOT_AVAILABLE,NOT_AVAILABLE,NOT_AVAILABLE,NOT_AVAILABLE,subcortical,NOT_AVAILABLE,NOT_AVAILABLE,NOT_AVAILABLE,atlas_4S456_system_labels.csv (+PROVENANCE); Yeo-7 prefixes on cortical labels,P2-v1.0.0,HIGH,MAPPED_LOW_CONFIDENCE,-0.0001086764502694,40.0,2609.5177442505956,-0.0003815662895858815,0.0002456618389629754,19.55186440642688,1.9885859641341855e-85,2.386303156961023e-84,100,290.0,5.0,True,20.0,20.0
418,atlas_4S456Parcels,418,RH-GPe,R,Subcortex,Globus Pallidus external,NOT_AVAILABLE,SUBCORTICAL,NOT_AVAILABLE,NOT_AVAILABLE,NOT_AVAILABLE,NOT_AVAILABLE,NOT_AVAILABLE,NOT_AVAILABLE,NOT_AVAILABLE,subcortical,NOT_AVAILABLE,NOT_AVAILABLE,NOT_AVAILABLE,atlas_4S456_system_labels.csv (+PROVENANCE); Yeo-7 prefixes on cortical labels,P2-v1.0.0,HIGH,MAPPED_LOW_CONFIDENCE,0.0006904561747909,125.0,10200.596929132938,0.0008924469873555175,-0.00019619158118929652,20.692619300132627,2.0183886787000854e-95,2.7890461742037544e-94,100,17.0,450.0,True,62.5,62.5
419,atlas_4S456Parcels,419,RH-GPi,R,Subcortex,Globus Pallidus internal,NOT_AVAILABLE,SUBCORTICAL,NOT_AVAILABLE,NOT_AVAILABLE,NOT_AVAILABLE,NOT_AVAILABLE,NOT_AVAILABLE,NOT_AVAILABLE,NOT_AVAILABLE,subcortical,NOT_AVAILABLE,NOT_AVAILABLE,NOT_AVAILABLE,atlas_4S456_system_labels.csv (+PROVENANCE); Yeo-7 prefixes on cortical labels,P2-v1.0.0,HIGH,MAPPED_LOW_CONFIDENCE,0.0002859432465692,82.0,5364.990108206868,0.00022051292217030048,5.39441671143645e-05,21.427892716856427,3.67145541903864e-102,5.580612236938732e-101,100,65.0,134.0,True,41.0,41.0
420,atlas_4S456Parcels,420,RH-SNc_PBP_VTA,R,Brainstem,Substantia Nigra / VTA complex,NOT_AVAILABLE,SUBCORTICAL,NOT_AVAILABLE,NOT_AVAILABLE,NOT_AVAILABLE,NOT_AVAILABLE,NOT_AVAILABLE,NOT_AVAILABLE,NOT_AVAILABLE,subcortical,NOT_AVAILABLE,NOT_AVAILABLE,NOT_AVAILABLE,atlas_4S456_system_labels.csv (+PROVENANCE); Yeo-7 prefixes on cortical labels,P2-v1.0.0,HIGH,MAPPED_LOW_CONFIDENCE,-0.00022792002561195,38.0,2148.724211320281,-0.00041859509898075384,0.00016556858870443665,17.20246289097424,1.2724054033813945e-66,1.4151630827851605e-65,100,369.0,19.0,True,19.0,19.0
421,atlas_4S456Parcels,421,RH-RN,R,Brainstem,Red Nucleus,NOT_AVAILABLE,SUBCORTICAL,NOT_AVAILABLE,NOT_AVAILABLE,NOT_AVAILABLE,NOT_AVAILABLE,NOT_AVAILABLE,NOT_AVAILABLE,NOT_AVAILABLE,subcortical,NOT_AVAILABLE,NOT_AVAILABLE,NOT_AVAILABLE,atlas_4S456_system_labels.csv (+PROVENANCE); Yeo-7 prefixes on cortical labels,P2-v1.0.0,HIGH,MAPPED_LOW_CONFIDENCE,4.804738843030768e-05,59.0,4474.29909221828,-9.56542979097637e-05,0.00012358136418119374,19.875692347987247,3.303437038555821e-88,4.184353582170707e-87,100,182.0,39.0,True,29.5,29.5
422,atlas_4S456Parcels,422,RH-SNr,R,Brainstem,Substantia Nigra pars reticulata,NOT_AVAILABLE,SUBCORTICAL,NOT_AVAILABLE,NOT_AVAILABLE,NOT_AVAILABLE,NOT_AVAILABLE,NOT_AVAILABLE,NOT_AVAILABLE,NOT_AVAILABLE,subcortical,NOT_AVAILABLE,NOT_AVAILABLE,NOT_AVAILABLE,atlas_4S456_system_labels.csv (+PROVENANCE); Yeo-7 prefixes on cortical labels,P2-v1.0.0,HIGH,MAPPED_LOW_CONFIDENCE,-0.00033559040870745,30.0,1509.5361448600888,-0.0005277611242175073,0.00015419074756307556,-inf,1.0,1.0,100,408.0,21.0,False,15.0,15.0
423,atlas_4S456Parcels,423,RH-VeP,R,Brainstem,Ventral Tegmental area (label as provided),NOT_AVAILABLE,SUBCORTICAL,NOT_AVAILABLE,NOT_AVAILABLE,NOT_AVAILABLE,NOT_AVAILABLE,NOT_AVAILABLE,NOT_AVAILABLE,NOT_AVAILABLE,subcortical,NOT_AVAILABLE,NOT_AVAILABLE,NOT_AVAILABLE,atlas_4S456_system_labels.csv (+PROVENANCE); Yeo-7 prefixes on cortical labels,P2-v1.0.0,HIGH,MAPPED_LOW_CONFIDENCE,-0.00023729705275895002,30.0,1587.305954053998,-0.0005410554503227462,0.00028507339404966876,-inf,1.0,1.0,100,370.0,3.0,False,15.0,15.0
424,atlas_4S456Parcels,424,RH-HN,R,Brainstem,Habenula (label as provided),NOT_AVAILABLE,SUBCORTICAL,NOT_AVAILABLE,NOT_AVAILABLE,NOT_AVAILABLE,NOT_AVAILABLE,NOT_AVAILABLE,NOT_AVAILABLE,NOT_AVAILABLE,subcortical,NOT_AVAILABLE,NOT_AVAILABLE,NOT_AVAILABLE,atlas_4S456_system_labels.csv (+PROVENANCE); Yeo-7 prefixes on cortical labels,P2-v1.0.0,HIGH,MAPPED_LOW_CONFIDENCE,-0.00047683309133315,17.0,950.2997469305992,-0.000673553651657502,0.00020355670718966628,-inf,1.0,1.0,100,445.0,8.0,False,8.5,8.5
425,atlas_4S456Parcels,425,RH-HTH,R,Subcortex,Hypothalamus,NOT_AVAILABLE,SUBCORTICAL,NOT_AVAILABLE,NOT_AVAILABLE,NOT_AVAILABLE,NOT_AVAILABLE,NOT_AVAILABLE,NOT_AVAILABLE,NOT_AVAILABLE,subcortical,NOT_AVAILABLE,NOT_AVAILABLE,NOT_AVAILABLE,atlas_4S456_system_labels.csv (+PROVENANCE); Yeo-7 prefixes on cortical labels,P2-v1.0.0,HIGH,MAPPED_LOW_CONFIDENCE,0.00072335774742795,117.0,12858.902690686285,0.0007759667843750966,-1.612071251325196e-05,23.2191223452214,1.459426848137305e-119,7.394429363895679e-118,100,15.0,260.0,True,58.5,58.5
426,atlas_4S456Parcels,426,RH-MN,R,Brainstem,Mammillary Nuclei (label as provided),NOT_AVAILABLE,SUBCORTICAL,NOT_AVAILABLE,NOT_AVAILABLE,NOT_AVAILABLE,NOT_AVAILABLE,NOT_AVAILABLE,NOT_AVAILABLE,NOT_AVAILABLE,subcortical,NOT_AVAILABLE,NOT_AVAILABLE,NOT_AVAILABLE,atlas_4S456_system_labels.csv (+PROVENANCE); Yeo-7 prefixes on cortical labels,P2-v1.0.0,HIGH,MAPPED_LOW_CONFIDENCE,-0.00076150649354365,8.0,331.3775725066662,-0.0007657477914237384,2.2063574248597033e-05,18.205879275094848,2.31775511510224e-74,2.642240831216553e-73,100,456.0,194.0,True,4.0,4.0
427,atlas_4S456Parcels,427,RH-STH,R,Subcortex,Subthalamus,NOT_AVAILABLE,SUBCORTICAL,NOT_AVAILABLE,NOT_AVAILABLE,NOT_AVAILABLE,NOT_AVAILABLE,NOT_AVAILABLE,NOT_AVAILABLE,NOT_AVAILABLE,subcortical,NOT_AVAILABLE,NOT_AVAILABLE,NOT_AVAILABLE,atlas_4S456_system_labels.csv (+PROVENANCE); Yeo-7 prefixes on cortical labels,P2-v1.0.0,HIGH,MAPPED_LOW_CONFIDENCE,-0.00039741329873425,27.0,1359.0254003703594,-0.0005818193071633568,0.00014449125975942882,14.006648735086092,7.097341731018484e-45,7.526483324056811e-44,100,426.0,24.0,True,13.5,13.5
428,atlas_4S456Parcels,428,LH-Pulvinar,L,Thalamus,Pulvinar,NOT_AVAILABLE,SUBCORTICAL,NOT_AVAILABLE,NOT_AVAILABLE,NOT_AVAILABLE,NOT_AVAILABLE,NOT_AVAILABLE,NOT_AVAILABLE,NOT_AVAILABLE,subcortical,NOT_AVAILABLE,NOT_AVAILABLE,NOT_AVAILABLE,atlas_4S456_system_labels.csv (+PROVENANCE); Yeo-7 prefixes on cortical labels,P2-v1.0.0,HIGH,MAPPED_LOW_CONFIDENCE,0.0009073714030350499,133.0,12417.022821933031,0.0010278094834624185,-9.298424792375716e-05,23.19190005100215,2.7481276394338584e-119,1.2531462035818394e-117,100,12.0,364.0,True,66.5,66.5
429,atlas_4S456Parcels,429,LH-Anterior,L,Thalamus,Anterior nuclei,NOT_AVAILABLE,SUBCORTICAL,NOT_AVAILABLE,NOT_AVAILABLE,NOT_AVAILABLE,NOT_AVAILABLE,NOT_AVAILABLE,NOT_AVAILABLE,NOT_AVAILABLE,subcortical,NOT_AVAILABLE,NOT_AVAILABLE,NOT_AVAILABLE,atlas_4S456_system_labels.csv (+PROVENANCE); Yeo-7 prefixes on cortical labels,P2-v1.0.0,HIGH,MAPPED_LOW_CONFIDENCE,0.00041311540317495,92.0,8162.2994278892875,0.00037120396433674643,5.0906541740569264e-05,-inf,1.0,1.0,100,44.0,138.0,False,46.0,46.0
430,atlas_4S456Parcels,430,LH-Medio_Dorsal,L,Thalamus,Mediodorsal nuclei,NOT_AVAILABLE,SUBCORTICAL,NOT_AVAILABLE,NOT_AVAILABLE,NOT_AVAILABLE,NOT_AVAILABLE,NOT_AVAILABLE,NOT_AVAILABLE,NOT_AVAILABLE,subcortical,NOT_AVAILABLE,NOT_AVAILABLE,NOT_AVAILABLE,atlas_4S456_system_labels.csv (+PROVENANCE); Yeo-7 prefixes on cortical labels,P2-v1.0.0,HIGH,MAPPED_LOW_CONFIDENCE,0.0007527766112484,122.0,17262.952585853636,0.0008209379792417882,-6.148841735439665e-05,22.886745055056803,3.1484952330312614e-116,7.9761879236791955e-115,100,14.0,320.0,True,61.0,61.0
431,atlas_4S456Parcels,431,LH-Ventral_Latero_Dorsal,L,Thalamus,Ventrolateral-dorsal nuclei,NOT_AVAILABLE,SUBCORTICAL,NOT_AVAILABLE,NOT_AVAILABLE,NOT_AVAILABLE,NOT_AVAILABLE,NOT_AVAILABLE,NOT_AVAILABLE,NOT_AVAILABLE,subcortical,NOT_AVAILABLE,NOT_AVAILABLE,NOT_AVAILABLE,atlas_4S456_system_labels.csv (+PROVENANCE); Yeo-7 prefixes on cortical labels,P2-v1.0.0,HIGH,MAPPED_LOW_CONFIDENCE,0.0005190536595564999,107.0,9701.748812936246,0.0005925527141274923,-7.963816713872749e-05,22.082066285466293,2.350480125104298e-108,3.969699766842815e-107,100,27.0,341.0,True,53.5,53.5
432,atlas_4S456Parcels,432,LH-Central_Lateral-Lateral_Posterior-Medial_Pulvinar,L,Thalamus,Central lateral / lateral posterior / medial pulvinar,NOT_AVAILABLE,SUBCORTICAL,NOT_AVAILABLE,NOT_AVAILABLE,NOT_AVAILABLE,NOT_AVAILABLE,NOT_AVAILABLE,NOT_AVAILABLE,NOT_AVAILABLE,subcortical,NOT_AVAILABLE,NOT_AVAILABLE,NOT_AVAILABLE,atlas_4S456_system_labels.csv (+PROVENANCE); Yeo-7 prefixes on cortical labels,P2-v1.0.0,HIGH,MAPPED_LOW_CONFIDENCE,0.00101587286464425,147.0,15438.642704695463,0.0012138056376552173,-0.00018534651797647006,22.707819168236576,1.8749782374497273e-114,4.0713813156051214e-113,100,10.0,448.0,True,73.5,73.5
433,atlas_4S456Parcels,433,LH-Ventral_Anterior,L,Thalamus,Ventral anterior nuclei,NOT_AVAILABLE,SUBCORTICAL,NOT_AVAILABLE,NOT_AVAILABLE,NOT_AVAILABLE,NOT_AVAILABLE,NOT_AVAILABLE,NOT_AVAILABLE,NOT_AVAILABLE,subcortical,NOT_AVAILABLE,NOT_AVAILABLE,NOT_AVAILABLE,atlas_4S456_system_labels.csv (+PROVENANCE); Yeo-7 prefixes on cortical labels,P2-v1.0.0,HIGH,MAPPED_LOW_CONFIDENCE,0.00052671999269745,106.0,10634.27529425919,0.0005937531660855338,-6.173828769274916e-05,22.36532509368065,4.282866244616595e-111,7.511488490558336e-110,100,25.0,321.0,True,53.0,53.0
434,atlas_4S456Parcels,434,LH-Ventral_Latero_Ventral,L,Thalamus,Ventrocaudal nuclei (label as provided),NOT_AVAILABLE,SUBCORTICAL,NOT_AVAILABLE,NOT_AVAILABLE,NOT_AVAILABLE,NOT_AVAILABLE,NOT_AVAILABLE,NOT_AVAILABLE,NOT_AVAILABLE,subcortical,NOT_AVAILABLE,NOT_AVAILABLE,NOT_AVAILABLE,atlas_4S456_system_labels.csv (+PROVENANCE); Yeo-7 prefixes on cortical labels,P2-v1.0.0,HIGH,MAPPED_LOW_CONFIDENCE,0.00017651094319190002,75.0,5948.7197358980775,0.00011719048772826544,5.006903824608585e-05,-inf,1.0,1.0,100,104.0,143.0,False,37.5,37.5
435,atlas_4S456Parcels,435,RH-Pulvinar,R,Thalamus,Pulvinar,NOT_AVAILABLE,SUBCORTICAL,NOT_AVAILABLE,NOT_AVAILABLE,NOT_AVAILABLE,NOT_AVAILABLE,NOT_AVAILABLE,NOT_AVAILABLE,NOT_AVAILABLE,subcortical,NOT_AVAILABLE,NOT_AVAILABLE,NOT_AVAILABLE,atlas_4S456_system_labels.csv (+PROVENANCE); Yeo-7 prefixes on cortical labels,P2-v1.0.0,HIGH,MAPPED_LOW_CONFIDENCE,0.0007932639653891,131.0,14925.33042601496,0.0009801286466995754,-0.00015794142459705943,22.60232560377292,2.0556967589492017e-113,4.075642269916678e-112,100,13.0,440.0,True,65.5,65.5
436,atlas_4S456Parcels,436,RH-Anterior,R,Thalamus,Anterior nuclei,NOT_AVAILABLE,SUBCORTICAL,NOT_AVAILABLE,NOT_AVAILABLE,NOT_AVAILABLE,NOT_AVAILABLE,NOT_AVAILABLE,NOT_AVAILABLE,NOT_AVAILABLE,subcortical,NOT_AVAILABLE,NOT_AVAILABLE,NOT_AVAILABLE,atlas_4S456_system_labels.csv (+PROVENANCE); Yeo-7 prefixes on cortical labels,P2-v1.0.0,HIGH,MAPPED_LOW_CONFIDENCE,0.0004948363969661501,102.0,9484.882444992661,0.0005369743141610877,-1.103923088435928e-05,22.98774795556248,3.0906902008373304e-117,8.29032195048131e-116,100,30.0,254.0,True,51.0,51.0
437,atlas_4S456Parcels,437,RH-Medio_Dorsal,R,Thalamus,Mediodorsal nuclei,NOT_AVAILABLE,SUBCORTICAL,NOT_AVAILABLE,NOT_AVAILABLE,NOT_AVAILABLE,NOT_AVAILABLE,NOT_AVAILABLE,NOT_AVAILABLE,NOT_AVAILABLE,subcortical,NOT_AVAILABLE,NOT_AVAILABLE,NOT_AVAILABLE,atlas_4S456_system_labels.csv (+PROVENANCE); Yeo-7 prefixes on cortical labels,P2-v1.0.0,HIGH,MAPPED_LOW_CONFIDENCE,0.0006254472288763,109.0,12917.907588839531,0.0006497865609360089,1.4353914838870392e-05,23.022289287492963,1.394135624554405e-117,3.973286529980055e-116,100,19.0,203.0,True,54.5,54.5
438,atlas_4S456Parcels,438,RH-Ventral_Latero_Dorsal,R,Thalamus,Ventrolateral-dorsal nuclei,NOT_AVAILABLE,SUBCORTICAL,NOT_AVAILABLE,NOT_AVAILABLE,NOT_AVAILABLE,NOT_AVAILABLE,NOT_AVAILABLE,NOT_AVAILABLE,NOT_AVAILABLE,subcortical,NOT_AVAILABLE,NOT_AVAILABLE,NOT_AVAILABLE,atlas_4S456_system_labels.csv (+PROVENANCE); Yeo-7 prefixes on cortical labels,P2-v1.0.0,HIGH,MAPPED_LOW_CONFIDENCE,0.0004526924608447,102.0,9259.152918107808,0.0005138643580044681,-6.973905336818338e-05,22.71523381920157,1.5838740775624365e-114,3.611232896842356e-113,100,38.0,331.0,True,51.0,51.0
439,atlas_4S456Parcels,439,RH-Central_Lateral-Lateral_Posterior-Medial_Pulvinar,R,Thalamus,Central lateral / lateral posterior / medial pulvinar,NOT_AVAILABLE,SUBCORTICAL,NOT_AVAILABLE,NOT_AVAILABLE,NOT_AVAILABLE,NOT_AVAILABLE,NOT_AVAILABLE,NOT_AVAILABLE,NOT_AVAILABLE,subcortical,NOT_AVAILABLE,NOT_AVAILABLE,NOT_AVAILABLE,atlas_4S456_system_labels.csv (+PROVENANCE); Yeo-7 prefixes on cortical labels,P2-v1.0.0,HIGH,MAPPED_LOW_CONFIDENCE,0.00099627535580355,148.0,18543.04353542626,0.0012437924319678418,-0.0002293283882521108,22.74499586185872,8.0418559263956575e-115,1.9300454223349578e-113,100,11.0,453.0,True,74.0,74.0
440,atlas_4S456Parcels,440,RH-Ventral_Anterior,R,Thalamus,Ventral anterior nuclei,NOT_AVAILABLE,SUBCORTICAL,NOT_AVAILABLE,NOT_AVAILABLE,NOT_AVAILABLE,NOT_AVAILABLE,NOT_AVAILABLE,NOT_AVAILABLE,NOT_AVAILABLE,subcortical,NOT_AVAILABLE,NOT_AVAILABLE,NOT_AVAILABLE,atlas_4S456_system_labels.csv (+PROVENANCE); Yeo-7 prefixes on cortical labels,P2-v1.0.0,HIGH,MAPPED_LOW_CONFIDENCE,0.00052388132132635,108.0,10775.227992735803,0.0006260876107630481,-0.00010162719735319408,22.05378213433307,4.393247026258049e-108,7.154716585620249e-107,100,26.0,378.0,True,54.0,54.0
441,atlas_4S456Parcels,441,RH-Ventral_Latero_Ventral,R,Thalamus,Ventrocaudal nuclei (label as provided),NOT_AVAILABLE,SUBCORTICAL,NOT_AVAILABLE,NOT_AVAILABLE,NOT_AVAILABLE,NOT_AVAILABLE,NOT_AVAILABLE,NOT_AVAILABLE,NOT_AVAILABLE,subcortical,NOT_AVAILABLE,NOT_AVAILABLE,NOT_AVAILABLE,atlas_4S456_system_labels.csv (+PROVENANCE); Yeo-7 prefixes on cortical labels,P2-v1.0.0,HIGH,MAPPED_LOW_CONFIDENCE,0.00016977891362945002,75.0,6494.699952341616,0.00014126084677493455,2.9086538057821665e-05,-inf,1.0,1.0,100,107.0,188.0,False,37.5,37.5
442,atlas_4S456Parcels,442,LH_Hippocampus,L,Subcortex,Hippocampus,NOT_AVAILABLE,SUBCORTICAL,NOT_AVAILABLE,NOT_AVAILABLE,NOT_AVAILABLE,NOT_AVAILABLE,NOT_AVAILABLE,NOT_AVAILABLE,NOT_AVAILABLE,subcortical,NOT_AVAILABLE,NOT_AVAILABLE,NOT_AVAILABLE,atlas_4S456_system_labels.csv (+PROVENANCE); Yeo-7 prefixes on cortical labels,P2-v1.0.0,HIGH,MAPPED_LOW_CONFIDENCE,0.0016862487738481,160.0,36764.826384559274,0.0014843182354666803,0.00019966260789593278,23.30078922787913,2.1761616387746556e-120,2.3409078261845626e-118,100,6.0,9.0,True,80.0,80.0
443,atlas_4S456Parcels,443,LH_Amygdala,L,Subcortex,Amygdala,NOT_AVAILABLE,SUBCORTICAL,NOT_AVAILABLE,NOT_AVAILABLE,NOT_AVAILABLE,NOT_AVAILABLE,NOT_AVAILABLE,NOT_AVAILABLE,NOT_AVAILABLE,subcortical,NOT_AVAILABLE,NOT_AVAILABLE,NOT_AVAILABLE,atlas_4S456_system_labels.csv (+PROVENANCE); Yeo-7 prefixes on cortical labels,P2-v1.0.0,HIGH,MAPPED_LOW_CONFIDENCE,0.000148481968146,69.0,14018.856909699738,2.623307280624895e-05,9.16939315585786e-05,21.239383212149782,2.06640296623592e-100,3.0396121051728366e-99,100,118.0,70.0,True,34.5,34.5
444,atlas_4S456Parcels,444,RH_Hippocampus,R,Subcortex,Hippocampus,NOT_AVAILABLE,SUBCORTICAL,NOT_AVAILABLE,NOT_AVAILABLE,NOT_AVAILABLE,NOT_AVAILABLE,NOT_AVAILABLE,NOT_AVAILABLE,NOT_AVAILABLE,subcortical,NOT_AVAILABLE,NOT_AVAILABLE,NOT_AVAILABLE,atlas_4S456_system_labels.csv (+PROVENANCE); Yeo-7 prefixes on cortical labels,P2-v1.0.0,HIGH,MAPPED_LOW_CONFIDENCE,0.00148939016221725,156.0,42651.90808938444,0.0014467656401339728,8.314289238390378e-05,23.27356693365989,4.1068558354115144e-120,2.3409078261845626e-118,100,7.0,89.0,True,78.0,78.0
445,atlas_4S456Parcels,445,RH_Amygdala,R,Subcortex,Amygdala,NOT_AVAILABLE,SUBCORTICAL,NOT_AVAILABLE,NOT_AVAILABLE,NOT_AVAILABLE,NOT_AVAILABLE,NOT_AVAILABLE,NOT_AVAILABLE,NOT_AVAILABLE,subcortical,NOT_AVAILABLE,NOT_AVAILABLE,NOT_AVAILABLE,atlas_4S456_system_labels.csv (+PROVENANCE); Yeo-7 prefixes on cortical labels,P2-v1.0.0,HIGH,MAPPED_LOW_CONFIDENCE,0.00023126812050189998,76.0,14498.26473980397,0.00017075316590349466,3.1503753111593514e-05,-inf,1.0,1.0,100,80.0,178.0,False,38.0,38.0
446,atlas_4S456Parcels,446,Cerebellar_Region1,BILATERAL_MIDLINE,Cerebellum,Cerebellar region (numbered),NOT_AVAILABLE,CEREBELLUM,NOT_AVAILABLE,NOT_AVAILABLE,NOT_AVAILABLE,NOT_AVAILABLE,NOT_AVAILABLE,NOT_AVAILABLE,NOT_AVAILABLE,cerebellar,NOT_AVAILABLE,NOT_AVAILABLE,NOT_AVAILABLE,atlas_4S456_system_labels.csv (+PROVENANCE); Yeo-7 prefixes on cortical labels,P2-v1.0.0,HIGH,MAPPED_LOW_CONFIDENCE,0.0005481818664034,99.0,107288.04424202442,0.0004994878637599,0.00012440051964941767,23.18103098856224,3.537435404388009e-119,1.3442254536674434e-117,100,23.0,38.0,True,49.5,49.5
447,atlas_4S456Parcels,447,Cerebellar_Region2,BILATERAL_MIDLINE,Cerebellum,Cerebellar region (numbered),NOT_AVAILABLE,CEREBELLUM,NOT_AVAILABLE,NOT_AVAILABLE,NOT_AVAILABLE,NOT_AVAILABLE,NOT_AVAILABLE,NOT_AVAILABLE,NOT_AVAILABLE,cerebellar,NOT_AVAILABLE,NOT_AVAILABLE,NOT_AVAILABLE,atlas_4S456_system_labels.csv (+PROVENANCE); Yeo-7 prefixes on cortical labels,P2-v1.0.0,HIGH,MAPPED_LOW_CONFIDENCE,0.00048918224487115,96.0,95799.56356836855,0.000455424030904514,5.7745767810199965e-05,23.08494022717108,3.279928344881863e-118,9.970982168440862e-117,100,31.0,126.0,True,48.0,48.0
448,atlas_4S456Parcels,448,Cerebellar_Region3,BILATERAL_MIDLINE,Cerebellum,Cerebellar region (numbered),NOT_AVAILABLE,CEREBELLUM,NOT_AVAILABLE,NOT_AVAILABLE,NOT_AVAILABLE,NOT_AVAILABLE,NOT_AVAILABLE,NOT_AVAILABLE,NOT_AVAILABLE,cerebellar,NOT_AVAILABLE,NOT_AVAILABLE,NOT_AVAILABLE,atlas_4S456_system_labels.csv (+PROVENANCE); Yeo-7 prefixes on cortical labels,P2-v1.0.0,HIGH,MAPPED_LOW_CONFIDENCE,0.00030504645679385004,80.0,95288.50517259538,0.00022228860098641613,0.00010179631295207362,22.501244473049443,2.0178940441157518e-112,3.8339986838199296e-111,100,61.0,64.0,True,40.0,40.0
449,atlas_4S456Parcels,449,Cerebellar_Region4,BILATERAL_MIDLINE,Cerebellum,Cerebellar region (numbered),NOT_AVAILABLE,CEREBELLUM,NOT_AVAILABLE,NOT_AVAILABLE,NOT_AVAILABLE,NOT_AVAILABLE,NOT_AVAILABLE,NOT_AVAILABLE,NOT_AVAILABLE,cerebellar,NOT_AVAILABLE,NOT_AVAILABLE,NOT_AVAILABLE,atlas_4S456_system_labels.csv (+PROVENANCE); Yeo-7 prefixes on cortical labels,P2-v1.0.0,HIGH,MAPPED_LOW_CONFIDENCE,8.92118472876061e-05,61.0,37366.9379594475,-5.969843637810647e-05,0.0001386933946858206,-inf,1.0,1.0,100,153.0,27.0,False,30.5,30.5
450,atlas_4S456Parcels,450,Cerebellar_Region5,BILATERAL_MIDLINE,Cerebellum,Cerebellar region (numbered),NOT_AVAILABLE,CEREBELLUM,NOT_AVAILABLE,NOT_AVAILABLE,NOT_AVAILABLE,NOT_AVAILABLE,NOT_AVAILABLE,NOT_AVAILABLE,NOT_AVAILABLE,cerebellar,NOT_AVAILABLE,NOT_AVAILABLE,NOT_AVAILABLE,atlas_4S456_system_labels.csv (+PROVENANCE); Yeo-7 prefixes on cortical labels,P2-v1.0.0,HIGH,MAPPED_LOW_CONFIDENCE,0.0003911649921501,85.0,101828.60550794005,0.0002931250634002484,0.00012045453836822325,23.18103098856224,3.537435404388009e-119,1.3442254536674434e-117,100,46.0,42.0,True,42.5,42.5
451,atlas_4S456Parcels,451,Cerebellar_Region6,BILATERAL_MIDLINE,Cerebellum,Cerebellar region (numbered),NOT_AVAILABLE,CEREBELLUM,NOT_AVAILABLE,NOT_AVAILABLE,NOT_AVAILABLE,NOT_AVAILABLE,NOT_AVAILABLE,NOT_AVAILABLE,NOT_AVAILABLE,cerebellar,NOT_AVAILABLE,NOT_AVAILABLE,NOT_AVAILABLE,atlas_4S456_system_labels.csv (+PROVENANCE); Yeo-7 prefixes on cortical labels,P2-v1.0.0,HIGH,MAPPED_LOW_CONFIDENCE,0.00170603622840925,142.0,173846.91785878688,0.0011935753388048972,0.000497263870266347,23.30078922787913,2.1761616387746556e-120,2.3409078261845626e-118,100,5.0,1.0,True,71.0,71.0
452,atlas_4S456Parcels,452,Cerebellar_Region7,BILATERAL_MIDLINE,Cerebellum,Cerebellar region (numbered),NOT_AVAILABLE,CEREBELLUM,NOT_AVAILABLE,NOT_AVAILABLE,NOT_AVAILABLE,NOT_AVAILABLE,NOT_AVAILABLE,NOT_AVAILABLE,NOT_AVAILABLE,cerebellar,NOT_AVAILABLE,NOT_AVAILABLE,NOT_AVAILABLE,atlas_4S456_system_labels.csv (+PROVENANCE); Yeo-7 prefixes on cortical labels,P2-v1.0.0,HIGH,MAPPED_LOW_CONFIDENCE,7.572268555740418e-05,58.0,45994.532277047634,-9.31386958876582e-05,0.0001354666998851469,-inf,1.0,1.0,100,164.0,32.0,False,29.0,29.0
453,atlas_4S456Parcels,453,Cerebellar_Region8,BILATERAL_MIDLINE,Cerebellum,Cerebellar region (numbered),NOT_AVAILABLE,CEREBELLUM,NOT_AVAILABLE,NOT_AVAILABLE,NOT_AVAILABLE,NOT_AVAILABLE,NOT_AVAILABLE,NOT_AVAILABLE,NOT_AVAILABLE,cerebellar,NOT_AVAILABLE,NOT_AVAILABLE,NOT_AVAILABLE,atlas_4S456_system_labels.csv (+PROVENANCE); Yeo-7 prefixes on cortical labels,P2-v1.0.0,HIGH,MAPPED_LOW_CONFIDENCE,0.0001639042328579,67.0,68670.07740971446,2.7046598496039557e-05,0.00012304817886362,-inf,1.0,1.0,100,112.0,40.0,False,33.5,33.5
454,atlas_4S456Parcels,454,Cerebellar_Region9,BILATERAL_MIDLINE,Cerebellum,Cerebellar region (numbered),NOT_AVAILABLE,CEREBELLUM,NOT_AVAILABLE,NOT_AVAILABLE,NOT_AVAILABLE,NOT_AVAILABLE,NOT_AVAILABLE,NOT_AVAILABLE,NOT_AVAILABLE,cerebellar,NOT_AVAILABLE,NOT_AVAILABLE,NOT_AVAILABLE,atlas_4S456_system_labels.csv (+PROVENANCE); Yeo-7 prefixes on cortical labels,P2-v1.0.0,HIGH,MAPPED_LOW_CONFIDENCE,-9.098762590494736e-06,50.5,35594.18345327675,-0.00022900591012549491,0.0001735336358382761,-inf,1.0,1.0,100,216.0,15.0,False,25.25,25.25
455,atlas_4S456Parcels,455,Cerebellar_Region10,BILATERAL_MIDLINE,Cerebellum,Cerebellar region (numbered),NOT_AVAILABLE,CEREBELLUM,NOT_AVAILABLE,NOT_AVAILABLE,NOT_AVAILABLE,NOT_AVAILABLE,NOT_AVAILABLE,NOT_AVAILABLE,NOT_AVAILABLE,cerebellar,NOT_AVAILABLE,NOT_AVAILABLE,NOT_AVAILABLE,atlas_4S456_system_labels.csv (+PROVENANCE); Yeo-7 prefixes on cortical labels,P2-v1.0.0,HIGH,MAPPED_LOW_CONFIDENCE,-0.00033247582999885,32.0,26811.4728076905,-0.000495866960054288,0.00013214803757630663,-inf,1.0,1.0,100,407.0,33.0,False,16.0,16.0
