node_id,atlas,parcel_id,parcel_name,hemisphere,lobe,major_structure,substructure,x,y,z,coordinate_system,source,source_version,annotation_status
0,atlas_4S456Parcels,0,LH_Vis_1,L,NOT_AVAILABLE,CORTEX,cortical parcel (visual network),NOT_AVAILABLE,NOT_AVAILABLE,NOT_AVAILABLE,NOT_AVAILABLE,connectomes_part_1.zip::atlas_4S456Parcels_region_labels,extracted 2026-09-23 (PROVENANCE txt),MAPPED_HIGH_CONFIDENCE
1,atlas_4S456Parcels,1,LH_Vis_2,L,NOT_AVAILABLE,CORTEX,cortical parcel (visual network),NOT_AVAILABLE,NOT_AVAILABLE,NOT_AVAILABLE,NOT_AVAILABLE,connectomes_part_1.zip::atlas_4S456Parcels_region_labels,extracted 2026-09-23 (PROVENANCE txt),MAPPED_HIGH_CONFIDENCE
2,atlas_4S456Parcels,2,LH_Vis_3,L,NOT_AVAILABLE,CORTEX,cortical parcel (visual network),NOT_AVAILABLE,NOT_AVAILABLE,NOT_AVAILABLE,NOT_AVAILABLE,connectomes_part_1.zip::atlas_4S456Parcels_region_labels,extracted 2026-09-23 (PROVENANCE txt),MAPPED_HIGH_CONFIDENCE
3,atlas_4S456Parcels,3,LH_Vis_4,L,NOT_AVAILABLE,CORTEX,cortical parcel (visual network),NOT_AVAILABLE,NOT_AVAILABLE,NOT_AVAILABLE,NOT_AVAILABLE,connectomes_part_1.zip::atlas_4S456Parcels_region_labels,extracted 2026-09-23 (PROVENANCE txt),MAPPED_HIGH_CONFIDENCE
4,atlas_4S456Parcels,4,LH_Vis_5,L,NOT_AVAILABLE,CORTEX,cortical parcel (visual network),NOT_AVAILABLE,NOT_AVAILABLE,NOT_AVAILABLE,NOT_AVAILABLE,connectomes_part_1.zip::atlas_4S456Parcels_region_labels,extracted 2026-09-23 (PROVENANCE txt),MAPPED_HIGH_CONFIDENCE
5,atlas_4S456Parcels,5,LH_Vis_6,L,NOT_AVAILABLE,CORTEX,cortical parcel (visual network),NOT_AVAILABLE,NOT_AVAILABLE,NOT_AVAILABLE,NOT_AVAILABLE,connectomes_part_1.zip::atlas_4S456Parcels_region_labels,extracted 2026-09-23 (PROVENANCE txt),MAPPED_HIGH_CONFIDENCE
6,atlas_4S456Parcels,6,LH_Vis_7,L,NOT_AVAILABLE,CORTEX,cortical parcel (visual network),NOT_AVAILABLE,NOT_AVAILABLE,NOT_AVAILABLE,NOT_AVAILABLE,connectomes_part_1.zip::atlas_4S456Parcels_region_labels,extracted 2026-09-23 (PROVENANCE txt),MAPPED_HIGH_CONFIDENCE
7,atlas_4S456Parcels,7,LH_Vis_8,L,NOT_AVAILABLE,CORTEX,cortical parcel (visual network),NOT_AVAILABLE,NOT_AVAILABLE,NOT_AVAILABLE,NOT_AVAILABLE,connectomes_part_1.zip::atlas_4S456Parcels_region_labels,extracted 2026-09-23 (PROVENANCE txt),MAPPED_HIGH_CONFIDENCE
8,atlas_4S456Parcels,8,LH_Vis_9,L,NOT_AVAILABLE,CORTEX,cortical parcel (visual network),NOT_AVAILABLE,NOT_AVAILABLE,NOT_AVAILABLE,NOT_AVAILABLE,connectomes_part_1.zip::atlas_4S456Parcels_region_labels,extracted 2026-09-23 (PROVENANCE txt),MAPPED_HIGH_CONFIDENCE
9,atlas_4S456Parcels,9,LH_Vis_10,L,NOT_AVAILABLE,CORTEX,cortical parcel (visual network),NOT_AVAILABLE,NOT_AVAILABLE,NOT_AVAILABLE,NOT_AVAILABLE,connectomes_part_1.zip::atlas_4S456Parcels_region_labels,extracted 2026-09-23 (PROVENANCE txt),MAPPED_HIGH_CONFIDENCE
10,atlas_4S456Parcels,10,LH_Vis_11,L,NOT_AVAILABLE,CORTEX,cortical parcel (visual network),NOT_AVAILABLE,NOT_AVAILABLE,NOT_AVAILABLE,NOT_AVAILABLE,connectomes_part_1.zip::atlas_4S456Parcels_region_labels,extracted 2026-09-23 (PROVENANCE txt),MAPPED_HIGH_CONFIDENCE
11,atlas_4S456Parcels,11,LH_Vis_12,L,NOT_AVAILABLE,CORTEX,cortical parcel (visual network),NOT_AVAILABLE,NOT_AVAILABLE,NOT_AVAILABLE,NOT_AVAILABLE,connectomes_part_1.zip::atlas_4S456Parcels_region_labels,extracted 2026-09-23 (PROVENANCE txt),MAPPED_HIGH_CONFIDENCE
12,atlas_4S456Parcels,12,LH_Vis_13,L,NOT_AVAILABLE,CORTEX,cortical parcel (visual network),NOT_AVAILABLE,NOT_AVAILABLE,NOT_AVAILABLE,NOT_AVAILABLE,connectomes_part_1.zip::atlas_4S456Parcels_region_labels,extracted 2026-09-23 (PROVENANCE txt),MAPPED_HIGH_CONFIDENCE
13,atlas_4S456Parcels,13,LH_Vis_14,L,NOT_AVAILABLE,CORTEX,cortical parcel (visual network),NOT_AVAILABLE,NOT_AVAILABLE,NOT_AVAILABLE,NOT_AVAILABLE,connectomes_part_1.zip::atlas_4S456Parcels_region_labels,extracted 2026-09-23 (PROVENANCE txt),MAPPED_HIGH_CONFIDENCE
14,atlas_4S456Parcels,14,LH_Vis_15,L,NOT_AVAILABLE,CORTEX,cortical parcel (visual network),NOT_AVAILABLE,NOT_AVAILABLE,NOT_AVAILABLE,NOT_AVAILABLE,connectomes_part_1.zip::atlas_4S456Parcels_region_labels,extracted 2026-09-23 (PROVENANCE txt),MAPPED_HIGH_CONFIDENCE
15,atlas_4S456Parcels,15,LH_Vis_16,L,NOT_AVAILABLE,CORTEX,cortical parcel (visual network),NOT_AVAILABLE,NOT_AVAILABLE,NOT_AVAILABLE,NOT_AVAILABLE,connectomes_part_1.zip::atlas_4S456Parcels_region_labels,extracted 2026-09-23 (PROVENANCE txt),MAPPED_HIGH_CONFIDENCE
16,atlas_4S456Parcels,16,LH_Vis_17,L,NOT_AVAILABLE,CORTEX,cortical parcel (visual network),NOT_AVAILABLE,NOT_AVAILABLE,NOT_AVAILABLE,NOT_AVAILABLE,connectomes_part_1.zip::atlas_4S456Parcels_region_labels,extracted 2026-09-23 (PROVENANCE txt),MAPPED_HIGH_CONFIDENCE
17,atlas_4S456Parcels,17,LH_Vis_18,L,NOT_AVAILABLE,CORTEX,cortical parcel (visual network),NOT_AVAILABLE,NOT_AVAILABLE,NOT_AVAILABLE,NOT_AVAILABLE,connectomes_part_1.zip::atlas_4S456Parcels_region_labels,extracted 2026-09-23 (PROVENANCE txt),MAPPED_HIGH_CONFIDENCE
18,atlas_4S456Parcels,18,LH_Vis_19,L,NOT_AVAILABLE,CORTEX,cortical parcel (visual network),NOT_AVAILABLE,NOT_AVAILABLE,NOT_AVAILABLE,NOT_AVAILABLE,connectomes_part_1.zip::atlas_4S456Parcels_region_labels,extracted 2026-09-23 (PROVENANCE txt),MAPPED_HIGH_CONFIDENCE
19,atlas_4S456Parcels,19,LH_Vis_20,L,NOT_AVAILABLE,CORTEX,cortical parcel (visual network),NOT_AVAILABLE,NOT_AVAILABLE,NOT_AVAILABLE,NOT_AVAILABLE,connectomes_part_1.zip::atlas_4S456Parcels_region_labels,extracted 2026-09-23 (PROVENANCE txt),MAPPED_HIGH_CONFIDENCE
20,atlas_4S456Parcels,20,LH_Vis_21,L,NOT_AVAILABLE,CORTEX,cortical parcel (visual network),NOT_AVAILABLE,NOT_AVAILABLE,NOT_AVAILABLE,NOT_AVAILABLE,connectomes_part_1.zip::atlas_4S456Parcels_region_labels,extracted 2026-09-23 (PROVENANCE txt),MAPPED_HIGH_CONFIDENCE
21,atlas_4S456Parcels,21,LH_Vis_22,L,NOT_AVAILABLE,CORTEX,cortical parcel (visual network),NOT_AVAILABLE,NOT_AVAILABLE,NOT_AVAILABLE,NOT_AVAILABLE,connectomes_part_1.zip::atlas_4S456Parcels_region_labels,extracted 2026-09-23 (PROVENANCE txt),MAPPED_HIGH_CONFIDENCE
22,atlas_4S456Parcels,22,LH_Vis_23,L,NOT_AVAILABLE,CORTEX,cortical parcel (visual network),NOT_AVAILABLE,NOT_AVAILABLE,NOT_AVAILABLE,NOT_AVAILABLE,connectomes_part_1.zip::atlas_4S456Parcels_region_labels,extracted 2026-09-23 (PROVENANCE txt),MAPPED_HIGH_CONFIDENCE
23,atlas_4S456Parcels,23,LH_Vis_24,L,NOT_AVAILABLE,CORTEX,cortical parcel (visual network),NOT_AVAILABLE,NOT_AVAILABLE,NOT_AVAILABLE,NOT_AVAILABLE,connectomes_part_1.zip::atlas_4S456Parcels_region_labels,extracted 2026-09-23 (PROVENANCE txt),MAPPED_HIGH_CONFIDENCE
24,atlas_4S456Parcels,24,LH_Vis_25,L,NOT_AVAILABLE,CORTEX,cortical parcel (visual network),NOT_AVAILABLE,NOT_AVAILABLE,NOT_AVAILABLE,NOT_AVAILABLE,connectomes_part_1.zip::atlas_4S456Parcels_region_labels,extracted 2026-09-23 (PROVENANCE txt),MAPPED_HIGH_CONFIDENCE
25,atlas_4S456Parcels,25,LH_Vis_26,L,NOT_AVAILABLE,CORTEX,cortical parcel (visual network),NOT_AVAILABLE,NOT_AVAILABLE,NOT_AVAILABLE,NOT_AVAILABLE,connectomes_part_1.zip::atlas_4S456Parcels_region_labels,extracted 2026-09-23 (PROVENANCE txt),MAPPED_HIGH_CONFIDENCE
26,atlas_4S456Parcels,26,LH_Vis_27,L,NOT_AVAILABLE,CORTEX,cortical parcel (visual network),NOT_AVAILABLE,NOT_AVAILABLE,NOT_AVAILABLE,NOT_AVAILABLE,connectomes_part_1.zip::atlas_4S456Parcels_region_labels,extracted 2026-09-23 (PROVENANCE txt),MAPPED_HIGH_CONFIDENCE
27,atlas_4S456Parcels,27,LH_Vis_28,L,NOT_AVAILABLE,CORTEX,cortical parcel (visual network),NOT_AVAILABLE,NOT_AVAILABLE,NOT_AVAILABLE,NOT_AVAILABLE,connectomes_part_1.zip::atlas_4S456Parcels_region_labels,extracted 2026-09-23 (PROVENANCE txt),MAPPED_HIGH_CONFIDENCE
28,atlas_4S456Parcels,28,LH_Vis_29,L,NOT_AVAILABLE,CORTEX,cortical parcel (visual network),NOT_AVAILABLE,NOT_AVAILABLE,NOT_AVAILABLE,NOT_AVAILABLE,connectomes_part_1.zip::atlas_4S456Parcels_region_labels,extracted 2026-09-23 (PROVENANCE txt),MAPPED_HIGH_CONFIDENCE
29,atlas_4S456Parcels,29,LH_Vis_30,L,NOT_AVAILABLE,CORTEX,cortical parcel (visual network),NOT_AVAILABLE,NOT_AVAILABLE,NOT_AVAILABLE,NOT_AVAILABLE,connectomes_part_1.zip::atlas_4S456Parcels_region_labels,extracted 2026-09-23 (PROVENANCE txt),MAPPED_HIGH_CONFIDENCE
30,atlas_4S456Parcels,30,LH_Vis_31,L,NOT_AVAILABLE,CORTEX,cortical parcel (visual network),NOT_AVAILABLE,NOT_AVAILABLE,NOT_AVAILABLE,NOT_AVAILABLE,connectomes_part_1.zip::atlas_4S456Parcels_region_labels,extracted 2026-09-23 (PROVENANCE txt),MAPPED_HIGH_CONFIDENCE
31,atlas_4S456Parcels,31,LH_SomMot_1,L,NOT_AVAILABLE,CORTEX,cortical parcel (somatomotor network),NOT_AVAILABLE,NOT_AVAILABLE,NOT_AVAILABLE,NOT_AVAILABLE,connectomes_part_1.zip::atlas_4S456Parcels_region_labels,extracted 2026-09-23 (PROVENANCE txt),MAPPED_HIGH_CONFIDENCE
32,atlas_4S456Parcels,32,LH_SomMot_2,L,NOT_AVAILABLE,CORTEX,cortical parcel (somatomotor network),NOT_AVAILABLE,NOT_AVAILABLE,NOT_AVAILABLE,NOT_AVAILABLE,connectomes_part_1.zip::atlas_4S456Parcels_region_labels,extracted 2026-09-23 (PROVENANCE txt),MAPPED_HIGH_CONFIDENCE
33,atlas_4S456Parcels,33,LH_SomMot_3,L,NOT_AVAILABLE,CORTEX,cortical parcel (somatomotor network),NOT_AVAILABLE,NOT_AVAILABLE,NOT_AVAILABLE,NOT_AVAILABLE,connectomes_part_1.zip::atlas_4S456Parcels_region_labels,extracted 2026-09-23 (PROVENANCE txt),MAPPED_HIGH_CONFIDENCE
34,atlas_4S456Parcels,34,LH_SomMot_4,L,NOT_AVAILABLE,CORTEX,cortical parcel (somatomotor network),NOT_AVAILABLE,NOT_AVAILABLE,NOT_AVAILABLE,NOT_AVAILABLE,connectomes_part_1.zip::atlas_4S456Parcels_region_labels,extracted 2026-09-23 (PROVENANCE txt),MAPPED_HIGH_CONFIDENCE
35,atlas_4S456Parcels,35,LH_SomMot_5,L,NOT_AVAILABLE,CORTEX,cortical parcel (somatomotor network),NOT_AVAILABLE,NOT_AVAILABLE,NOT_AVAILABLE,NOT_AVAILABLE,connectomes_part_1.zip::atlas_4S456Parcels_region_labels,extracted 2026-09-23 (PROVENANCE txt),MAPPED_HIGH_CONFIDENCE
36,atlas_4S456Parcels,36,LH_SomMot_6,L,NOT_AVAILABLE,CORTEX,cortical parcel (somatomotor network),NOT_AVAILABLE,NOT_AVAILABLE,NOT_AVAILABLE,NOT_AVAILABLE,connectomes_part_1.zip::atlas_4S456Parcels_region_labels,extracted 2026-09-23 (PROVENANCE txt),MAPPED_HIGH_CONFIDENCE
37,atlas_4S456Parcels,37,LH_SomMot_7,L,NOT_AVAILABLE,CORTEX,cortical parcel (somatomotor network),NOT_AVAILABLE,NOT_AVAILABLE,NOT_AVAILABLE,NOT_AVAILABLE,connectomes_part_1.zip::atlas_4S456Parcels_region_labels,extracted 2026-09-23 (PROVENANCE txt),MAPPED_HIGH_CONFIDENCE
38,atlas_4S456Parcels,38,LH_SomMot_8,L,NOT_AVAILABLE,CORTEX,cortical parcel (somatomotor network),NOT_AVAILABLE,NOT_AVAILABLE,NOT_AVAILABLE,NOT_AVAILABLE,connectomes_part_1.zip::atlas_4S456Parcels_region_labels,extracted 2026-09-23 (PROVENANCE txt),MAPPED_HIGH_CONFIDENCE
39,atlas_4S456Parcels,39,LH_SomMot_9,L,NOT_AVAILABLE,CORTEX,cortical parcel (somatomotor network),NOT_AVAILABLE,NOT_AVAILABLE,NOT_AVAILABLE,NOT_AVAILABLE,connectomes_part_1.zip::atlas_4S456Parcels_region_labels,extracted 2026-09-23 (PROVENANCE txt),MAPPED_HIGH_CONFIDENCE
40,atlas_4S456Parcels,40,LH_SomMot_10,L,NOT_AVAILABLE,CORTEX,cortical parcel (somatomotor network),NOT_AVAILABLE,NOT_AVAILABLE,NOT_AVAILABLE,NOT_AVAILABLE,connectomes_part_1.zip::atlas_4S456Parcels_region_labels,extracted 2026-09-23 (PROVENANCE txt),MAPPED_HIGH_CONFIDENCE
41,atlas_4S456Parcels,41,LH_SomMot_11,L,NOT_AVAILABLE,CORTEX,cortical parcel (somatomotor network),NOT_AVAILABLE,NOT_AVAILABLE,NOT_AVAILABLE,NOT_AVAILABLE,connectomes_part_1.zip::atlas_4S456Parcels_region_labels,extracted 2026-09-23 (PROVENANCE txt),MAPPED_HIGH_CONFIDENCE
42,atlas_4S456Parcels,42,LH_SomMot_12,L,NOT_AVAILABLE,CORTEX,cortical parcel (somatomotor network),NOT_AVAILABLE,NOT_AVAILABLE,NOT_AVAILABLE,NOT_AVAILABLE,connectomes_part_1.zip::atlas_4S456Parcels_region_labels,extracted 2026-09-23 (PROVENANCE txt),MAPPED_HIGH_CONFIDENCE
43,atlas_4S456Parcels,43,LH_SomMot_13,L,NOT_AVAILABLE,CORTEX,cortical parcel (somatomotor network),NOT_AVAILABLE,NOT_AVAILABLE,NOT_AVAILABLE,NOT_AVAILABLE,connectomes_part_1.zip::atlas_4S456Parcels_region_labels,extracted 2026-09-23 (PROVENANCE txt),MAPPED_HIGH_CONFIDENCE
44,atlas_4S456Parcels,44,LH_SomMot_14,L,NOT_AVAILABLE,CORTEX,cortical parcel (somatomotor network),NOT_AVAILABLE,NOT_AVAILABLE,NOT_AVAILABLE,NOT_AVAILABLE,connectomes_part_1.zip::atlas_4S456Parcels_region_labels,extracted 2026-09-23 (PROVENANCE txt),MAPPED_HIGH_CONFIDENCE
45,atlas_4S456Parcels,45,LH_SomMot_15,L,NOT_AVAILABLE,CORTEX,cortical parcel (somatomotor network),NOT_AVAILABLE,NOT_AVAILABLE,NOT_AVAILABLE,NOT_AVAILABLE,connectomes_part_1.zip::atlas_4S456Parcels_region_labels,extracted 2026-09-23 (PROVENANCE txt),MAPPED_HIGH_CONFIDENCE
46,atlas_4S456Parcels,46,LH_SomMot_16,L,NOT_AVAILABLE,CORTEX,cortical parcel (somatomotor network),NOT_AVAILABLE,NOT_AVAILABLE,NOT_AVAILABLE,NOT_AVAILABLE,connectomes_part_1.zip::atlas_4S456Parcels_region_labels,extracted 2026-09-23 (PROVENANCE txt),MAPPED_HIGH_CONFIDENCE
47,atlas_4S456Parcels,47,LH_SomMot_17,L,NOT_AVAILABLE,CORTEX,cortical parcel (somatomotor network),NOT_AVAILABLE,NOT_AVAILABLE,NOT_AVAILABLE,NOT_AVAILABLE,connectomes_part_1.zip::atlas_4S456Parcels_region_labels,extracted 2026-09-23 (PROVENANCE txt),MAPPED_HIGH_CONFIDENCE
48,atlas_4S456Parcels,48,LH_SomMot_18,L,NOT_AVAILABLE,CORTEX,cortical parcel (somatomotor network),NOT_AVAILABLE,NOT_AVAILABLE,NOT_AVAILABLE,NOT_AVAILABLE,connectomes_part_1.zip::atlas_4S456Parcels_region_labels,extracted 2026-09-23 (PROVENANCE txt),MAPPED_HIGH_CONFIDENCE
49,atlas_4S456Parcels,49,LH_SomMot_19,L,NOT_AVAILABLE,CORTEX,cortical parcel (somatomotor network),NOT_AVAILABLE,NOT_AVAILABLE,NOT_AVAILABLE,NOT_AVAILABLE,connectomes_part_1.zip::atlas_4S456Parcels_region_labels,extracted 2026-09-23 (PROVENANCE txt),MAPPED_HIGH_CONFIDENCE
50,atlas_4S456Parcels,50,LH_SomMot_20,L,NOT_AVAILABLE,CORTEX,cortical parcel (somatomotor network),NOT_AVAILABLE,NOT_AVAILABLE,NOT_AVAILABLE,NOT_AVAILABLE,connectomes_part_1.zip::atlas_4S456Parcels_region_labels,extracted 2026-09-23 (PROVENANCE txt),MAPPED_HIGH_CONFIDENCE
51,atlas_4S456Parcels,51,LH_SomMot_21,L,NOT_AVAILABLE,CORTEX,cortical parcel (somatomotor network),NOT_AVAILABLE,NOT_AVAILABLE,NOT_AVAILABLE,NOT_AVAILABLE,connectomes_part_1.zip::atlas_4S456Parcels_region_labels,extracted 2026-09-23 (PROVENANCE txt),MAPPED_HIGH_CONFIDENCE
52,atlas_4S456Parcels,52,LH_SomMot_22,L,NOT_AVAILABLE,CORTEX,cortical parcel (somatomotor network),NOT_AVAILABLE,NOT_AVAILABLE,NOT_AVAILABLE,NOT_AVAILABLE,connectomes_part_1.zip::atlas_4S456Parcels_region_labels,extracted 2026-09-23 (PROVENANCE txt),MAPPED_HIGH_CONFIDENCE
53,atlas_4S456Parcels,53,LH_SomMot_23,L,NOT_AVAILABLE,CORTEX,cortical parcel (somatomotor network),NOT_AVAILABLE,NOT_AVAILABLE,NOT_AVAILABLE,NOT_AVAILABLE,connectomes_part_1.zip::atlas_4S456Parcels_region_labels,extracted 2026-09-23 (PROVENANCE txt),MAPPED_HIGH_CONFIDENCE
54,atlas_4S456Parcels,54,LH_SomMot_24,L,NOT_AVAILABLE,CORTEX,cortical parcel (somatomotor network),NOT_AVAILABLE,NOT_AVAILABLE,NOT_AVAILABLE,NOT_AVAILABLE,connectomes_part_1.zip::atlas_4S456Parcels_region_labels,extracted 2026-09-23 (PROVENANCE txt),MAPPED_HIGH_CONFIDENCE
55,atlas_4S456Parcels,55,LH_SomMot_25,L,NOT_AVAILABLE,CORTEX,cortical parcel (somatomotor network),NOT_AVAILABLE,NOT_AVAILABLE,NOT_AVAILABLE,NOT_AVAILABLE,connectomes_part_1.zip::atlas_4S456Parcels_region_labels,extracted 2026-09-23 (PROVENANCE txt),MAPPED_HIGH_CONFIDENCE
56,atlas_4S456Parcels,56,LH_SomMot_26,L,NOT_AVAILABLE,CORTEX,cortical parcel (somatomotor network),NOT_AVAILABLE,NOT_AVAILABLE,NOT_AVAILABLE,NOT_AVAILABLE,connectomes_part_1.zip::atlas_4S456Parcels_region_labels,extracted 2026-09-23 (PROVENANCE txt),MAPPED_HIGH_CONFIDENCE
57,atlas_4S456Parcels,57,LH_SomMot_27,L,NOT_AVAILABLE,CORTEX,cortical parcel (somatomotor network),NOT_AVAILABLE,NOT_AVAILABLE,NOT_AVAILABLE,NOT_AVAILABLE,connectomes_part_1.zip::atlas_4S456Parcels_region_labels,extracted 2026-09-23 (PROVENANCE txt),MAPPED_HIGH_CONFIDENCE
58,atlas_4S456Parcels,58,LH_SomMot_28,L,NOT_AVAILABLE,CORTEX,cortical parcel (somatomotor network),NOT_AVAILABLE,NOT_AVAILABLE,NOT_AVAILABLE,NOT_AVAILABLE,connectomes_part_1.zip::atlas_4S456Parcels_region_labels,extracted 2026-09-23 (PROVENANCE txt),MAPPED_HIGH_CONFIDENCE
59,atlas_4S456Parcels,59,LH_SomMot_29,L,NOT_AVAILABLE,CORTEX,cortical parcel (somatomotor network),NOT_AVAILABLE,NOT_AVAILABLE,NOT_AVAILABLE,NOT_AVAILABLE,connectomes_part_1.zip::atlas_4S456Parcels_region_labels,extracted 2026-09-23 (PROVENANCE txt),MAPPED_HIGH_CONFIDENCE
60,atlas_4S456Parcels,60,LH_SomMot_30,L,NOT_AVAILABLE,CORTEX,cortical parcel (somatomotor network),NOT_AVAILABLE,NOT_AVAILABLE,NOT_AVAILABLE,NOT_AVAILABLE,connectomes_part_1.zip::atlas_4S456Parcels_region_labels,extracted 2026-09-23 (PROVENANCE txt),MAPPED_HIGH_CONFIDENCE
61,atlas_4S456Parcels,61,LH_SomMot_31,L,NOT_AVAILABLE,CORTEX,cortical parcel (somatomotor network),NOT_AVAILABLE,NOT_AVAILABLE,NOT_AVAILABLE,NOT_AVAILABLE,connectomes_part_1.zip::atlas_4S456Parcels_region_labels,extracted 2026-09-23 (PROVENANCE txt),MAPPED_HIGH_CONFIDENCE
62,atlas_4S456Parcels,62,LH_SomMot_32,L,NOT_AVAILABLE,CORTEX,cortical parcel (somatomotor network),NOT_AVAILABLE,NOT_AVAILABLE,NOT_AVAILABLE,NOT_AVAILABLE,connectomes_part_1.zip::atlas_4S456Parcels_region_labels,extracted 2026-09-23 (PROVENANCE txt),MAPPED_HIGH_CONFIDENCE
63,atlas_4S456Parcels,63,LH_SomMot_33,L,NOT_AVAILABLE,CORTEX,cortical parcel (somatomotor network),NOT_AVAILABLE,NOT_AVAILABLE,NOT_AVAILABLE,NOT_AVAILABLE,connectomes_part_1.zip::atlas_4S456Parcels_region_labels,extracted 2026-09-23 (PROVENANCE txt),MAPPED_HIGH_CONFIDENCE
64,atlas_4S456Parcels,64,LH_SomMot_34,L,NOT_AVAILABLE,CORTEX,cortical parcel (somatomotor network),NOT_AVAILABLE,NOT_AVAILABLE,NOT_AVAILABLE,NOT_AVAILABLE,connectomes_part_1.zip::atlas_4S456Parcels_region_labels,extracted 2026-09-23 (PROVENANCE txt),MAPPED_HIGH_CONFIDENCE
65,atlas_4S456Parcels,65,LH_SomMot_35,L,NOT_AVAILABLE,CORTEX,cortical parcel (somatomotor network),NOT_AVAILABLE,NOT_AVAILABLE,NOT_AVAILABLE,NOT_AVAILABLE,connectomes_part_1.zip::atlas_4S456Parcels_region_labels,extracted 2026-09-23 (PROVENANCE txt),MAPPED_HIGH_CONFIDENCE
66,atlas_4S456Parcels,66,LH_SomMot_36,L,NOT_AVAILABLE,CORTEX,cortical parcel (somatomotor network),NOT_AVAILABLE,NOT_AVAILABLE,NOT_AVAILABLE,NOT_AVAILABLE,connectomes_part_1.zip::atlas_4S456Parcels_region_labels,extracted 2026-09-23 (PROVENANCE txt),MAPPED_HIGH_CONFIDENCE
67,atlas_4S456Parcels,67,LH_SomMot_37,L,NOT_AVAILABLE,CORTEX,cortical parcel (somatomotor network),NOT_AVAILABLE,NOT_AVAILABLE,NOT_AVAILABLE,NOT_AVAILABLE,connectomes_part_1.zip::atlas_4S456Parcels_region_labels,extracted 2026-09-23 (PROVENANCE txt),MAPPED_HIGH_CONFIDENCE
68,atlas_4S456Parcels,68,LH_DorsAttn_Post_1,L,NOT_AVAILABLE,CORTEX,cortical parcel (dorsal attention network),NOT_AVAILABLE,NOT_AVAILABLE,NOT_AVAILABLE,NOT_AVAILABLE,connectomes_part_1.zip::atlas_4S456Parcels_region_labels,extracted 2026-09-23 (PROVENANCE txt),MAPPED_HIGH_CONFIDENCE
69,atlas_4S456Parcels,69,LH_DorsAttn_Post_2,L,NOT_AVAILABLE,CORTEX,cortical parcel (dorsal attention network),NOT_AVAILABLE,NOT_AVAILABLE,NOT_AVAILABLE,NOT_AVAILABLE,connectomes_part_1.zip::atlas_4S456Parcels_region_labels,extracted 2026-09-23 (PROVENANCE txt),MAPPED_HIGH_CONFIDENCE
70,atlas_4S456Parcels,70,LH_DorsAttn_Post_3,L,NOT_AVAILABLE,CORTEX,cortical parcel (dorsal attention network),NOT_AVAILABLE,NOT_AVAILABLE,NOT_AVAILABLE,NOT_AVAILABLE,connectomes_part_1.zip::atlas_4S456Parcels_region_labels,extracted 2026-09-23 (PROVENANCE txt),MAPPED_HIGH_CONFIDENCE
71,atlas_4S456Parcels,71,LH_DorsAttn_Post_4,L,NOT_AVAILABLE,CORTEX,cortical parcel (dorsal attention network),NOT_AVAILABLE,NOT_AVAILABLE,NOT_AVAILABLE,NOT_AVAILABLE,connectomes_part_1.zip::atlas_4S456Parcels_region_labels,extracted 2026-09-23 (PROVENANCE txt),MAPPED_HIGH_CONFIDENCE
72,atlas_4S456Parcels,72,LH_DorsAttn_Post_5,L,NOT_AVAILABLE,CORTEX,cortical parcel (dorsal attention network),NOT_AVAILABLE,NOT_AVAILABLE,NOT_AVAILABLE,NOT_AVAILABLE,connectomes_part_1.zip::atlas_4S456Parcels_region_labels,extracted 2026-09-23 (PROVENANCE txt),MAPPED_HIGH_CONFIDENCE
73,atlas_4S456Parcels,73,LH_DorsAttn_Post_6,L,NOT_AVAILABLE,CORTEX,cortical parcel (dorsal attention network),NOT_AVAILABLE,NOT_AVAILABLE,NOT_AVAILABLE,NOT_AVAILABLE,connectomes_part_1.zip::atlas_4S456Parcels_region_labels,extracted 2026-09-23 (PROVENANCE txt),MAPPED_HIGH_CONFIDENCE
74,atlas_4S456Parcels,74,LH_DorsAttn_Post_7,L,NOT_AVAILABLE,CORTEX,cortical parcel (dorsal attention network),NOT_AVAILABLE,NOT_AVAILABLE,NOT_AVAILABLE,NOT_AVAILABLE,connectomes_part_1.zip::atlas_4S456Parcels_region_labels,extracted 2026-09-23 (PROVENANCE txt),MAPPED_HIGH_CONFIDENCE
75,atlas_4S456Parcels,75,LH_DorsAttn_Post_8,L,NOT_AVAILABLE,CORTEX,cortical parcel (dorsal attention network),NOT_AVAILABLE,NOT_AVAILABLE,NOT_AVAILABLE,NOT_AVAILABLE,connectomes_part_1.zip::atlas_4S456Parcels_region_labels,extracted 2026-09-23 (PROVENANCE txt),MAPPED_HIGH_CONFIDENCE
76,atlas_4S456Parcels,76,LH_DorsAttn_Post_9,L,NOT_AVAILABLE,CORTEX,cortical parcel (dorsal attention network),NOT_AVAILABLE,NOT_AVAILABLE,NOT_AVAILABLE,NOT_AVAILABLE,connectomes_part_1.zip::atlas_4S456Parcels_region_labels,extracted 2026-09-23 (PROVENANCE txt),MAPPED_HIGH_CONFIDENCE
77,atlas_4S456Parcels,77,LH_DorsAttn_Post_10,L,NOT_AVAILABLE,CORTEX,cortical parcel (dorsal attention network),NOT_AVAILABLE,NOT_AVAILABLE,NOT_AVAILABLE,NOT_AVAILABLE,connectomes_part_1.zip::atlas_4S456Parcels_region_labels,extracted 2026-09-23 (PROVENANCE txt),MAPPED_HIGH_CONFIDENCE
78,atlas_4S456Parcels,78,LH_DorsAttn_Post_11,L,NOT_AVAILABLE,CORTEX,cortical parcel (dorsal attention network),NOT_AVAILABLE,NOT_AVAILABLE,NOT_AVAILABLE,NOT_AVAILABLE,connectomes_part_1.zip::atlas_4S456Parcels_region_labels,extracted 2026-09-23 (PROVENANCE txt),MAPPED_HIGH_CONFIDENCE
79,atlas_4S456Parcels,79,LH_DorsAttn_Post_12,L,NOT_AVAILABLE,CORTEX,cortical parcel (dorsal attention network),NOT_AVAILABLE,NOT_AVAILABLE,NOT_AVAILABLE,NOT_AVAILABLE,connectomes_part_1.zip::atlas_4S456Parcels_region_labels,extracted 2026-09-23 (PROVENANCE txt),MAPPED_HIGH_CONFIDENCE
80,atlas_4S456Parcels,80,LH_DorsAttn_Post_13,L,NOT_AVAILABLE,CORTEX,cortical parcel (dorsal attention network),NOT_AVAILABLE,NOT_AVAILABLE,NOT_AVAILABLE,NOT_AVAILABLE,connectomes_part_1.zip::atlas_4S456Parcels_region_labels,extracted 2026-09-23 (PROVENANCE txt),MAPPED_HIGH_CONFIDENCE
81,atlas_4S456Parcels,81,LH_DorsAttn_Post_14,L,NOT_AVAILABLE,CORTEX,cortical parcel (dorsal attention network),NOT_AVAILABLE,NOT_AVAILABLE,NOT_AVAILABLE,NOT_AVAILABLE,connectomes_part_1.zip::atlas_4S456Parcels_region_labels,extracted 2026-09-23 (PROVENANCE txt),MAPPED_HIGH_CONFIDENCE
82,atlas_4S456Parcels,82,LH_DorsAttn_Post_15,L,NOT_AVAILABLE,CORTEX,cortical parcel (dorsal attention network),NOT_AVAILABLE,NOT_AVAILABLE,NOT_AVAILABLE,NOT_AVAILABLE,connectomes_part_1.zip::atlas_4S456Parcels_region_labels,extracted 2026-09-23 (PROVENANCE txt),MAPPED_HIGH_CONFIDENCE
83,atlas_4S456Parcels,83,LH_DorsAttn_Post_16,L,NOT_AVAILABLE,CORTEX,cortical parcel (dorsal attention network),NOT_AVAILABLE,NOT_AVAILABLE,NOT_AVAILABLE,NOT_AVAILABLE,connectomes_part_1.zip::atlas_4S456Parcels_region_labels,extracted 2026-09-23 (PROVENANCE txt),MAPPED_HIGH_CONFIDENCE
84,atlas_4S456Parcels,84,LH_DorsAttn_Post_17,L,NOT_AVAILABLE,CORTEX,cortical parcel (dorsal attention network),NOT_AVAILABLE,NOT_AVAILABLE,NOT_AVAILABLE,NOT_AVAILABLE,connectomes_part_1.zip::atlas_4S456Parcels_region_labels,extracted 2026-09-23 (PROVENANCE txt),MAPPED_HIGH_CONFIDENCE
85,atlas_4S456Parcels,85,LH_DorsAttn_FEF_1,L,NOT_AVAILABLE,CORTEX,cortical parcel (dorsal attention network),NOT_AVAILABLE,NOT_AVAILABLE,NOT_AVAILABLE,NOT_AVAILABLE,connectomes_part_1.zip::atlas_4S456Parcels_region_labels,extracted 2026-09-23 (PROVENANCE txt),MAPPED_HIGH_CONFIDENCE
86,atlas_4S456Parcels,86,LH_DorsAttn_FEF_2,L,NOT_AVAILABLE,CORTEX,cortical parcel (dorsal attention network),NOT_AVAILABLE,NOT_AVAILABLE,NOT_AVAILABLE,NOT_AVAILABLE,connectomes_part_1.zip::atlas_4S456Parcels_region_labels,extracted 2026-09-23 (PROVENANCE txt),MAPPED_HIGH_CONFIDENCE
87,atlas_4S456Parcels,87,LH_DorsAttn_FEF_3,L,NOT_AVAILABLE,CORTEX,cortical parcel (dorsal attention network),NOT_AVAILABLE,NOT_AVAILABLE,NOT_AVAILABLE,NOT_AVAILABLE,connectomes_part_1.zip::atlas_4S456Parcels_region_labels,extracted 2026-09-23 (PROVENANCE txt),MAPPED_HIGH_CONFIDENCE
88,atlas_4S456Parcels,88,LH_DorsAttn_FEF_4,L,NOT_AVAILABLE,CORTEX,cortical parcel (dorsal attention network),NOT_AVAILABLE,NOT_AVAILABLE,NOT_AVAILABLE,NOT_AVAILABLE,connectomes_part_1.zip::atlas_4S456Parcels_region_labels,extracted 2026-09-23 (PROVENANCE txt),MAPPED_HIGH_CONFIDENCE
89,atlas_4S456Parcels,89,LH_DorsAttn_PrCv_1,L,NOT_AVAILABLE,CORTEX,cortical parcel (dorsal attention network),NOT_AVAILABLE,NOT_AVAILABLE,NOT_AVAILABLE,NOT_AVAILABLE,connectomes_part_1.zip::atlas_4S456Parcels_region_labels,extracted 2026-09-23 (PROVENANCE txt),MAPPED_HIGH_CONFIDENCE
90,atlas_4S456Parcels,90,LH_DorsAttn_PrCv_2,L,NOT_AVAILABLE,CORTEX,cortical parcel (dorsal attention network),NOT_AVAILABLE,NOT_AVAILABLE,NOT_AVAILABLE,NOT_AVAILABLE,connectomes_part_1.zip::atlas_4S456Parcels_region_labels,extracted 2026-09-23 (PROVENANCE txt),MAPPED_HIGH_CONFIDENCE
91,atlas_4S456Parcels,91,LH_SalVentAttn_ParOper_1,L,NOT_AVAILABLE,CORTEX,cortical parcel (ventral attention/salience network),NOT_AVAILABLE,NOT_AVAILABLE,NOT_AVAILABLE,NOT_AVAILABLE,connectomes_part_1.zip::atlas_4S456Parcels_region_labels,extracted 2026-09-23 (PROVENANCE txt),MAPPED_HIGH_CONFIDENCE
92,atlas_4S456Parcels,92,LH_SalVentAttn_ParOper_2,L,NOT_AVAILABLE,CORTEX,cortical parcel (ventral attention/salience network),NOT_AVAILABLE,NOT_AVAILABLE,NOT_AVAILABLE,NOT_AVAILABLE,connectomes_part_1.zip::atlas_4S456Parcels_region_labels,extracted 2026-09-23 (PROVENANCE txt),MAPPED_HIGH_CONFIDENCE
93,atlas_4S456Parcels,93,LH_SalVentAttn_ParOper_3,L,NOT_AVAILABLE,CORTEX,cortical parcel (ventral attention/salience network),NOT_AVAILABLE,NOT_AVAILABLE,NOT_AVAILABLE,NOT_AVAILABLE,connectomes_part_1.zip::atlas_4S456Parcels_region_labels,extracted 2026-09-23 (PROVENANCE txt),MAPPED_HIGH_CONFIDENCE
94,atlas_4S456Parcels,94,LH_SalVentAttn_ParOper_4,L,NOT_AVAILABLE,CORTEX,cortical parcel (ventral attention/salience network),NOT_AVAILABLE,NOT_AVAILABLE,NOT_AVAILABLE,NOT_AVAILABLE,connectomes_part_1.zip::atlas_4S456Parcels_region_labels,extracted 2026-09-23 (PROVENANCE txt),MAPPED_HIGH_CONFIDENCE
95,atlas_4S456Parcels,95,LH_SalVentAttn_TempOcc_1,L,NOT_AVAILABLE,CORTEX,cortical parcel (ventral attention/salience network),NOT_AVAILABLE,NOT_AVAILABLE,NOT_AVAILABLE,NOT_AVAILABLE,connectomes_part_1.zip::atlas_4S456Parcels_region_labels,extracted 2026-09-23 (PROVENANCE txt),MAPPED_HIGH_CONFIDENCE
96,atlas_4S456Parcels,96,LH_SalVentAttn_FrOperIns_1,L,NOT_AVAILABLE,CORTEX,cortical parcel (ventral attention/salience network),NOT_AVAILABLE,NOT_AVAILABLE,NOT_AVAILABLE,NOT_AVAILABLE,connectomes_part_1.zip::atlas_4S456Parcels_region_labels,extracted 2026-09-23 (PROVENANCE txt),MAPPED_HIGH_CONFIDENCE
97,atlas_4S456Parcels,97,LH_SalVentAttn_FrOperIns_2,L,NOT_AVAILABLE,CORTEX,cortical parcel (ventral attention/salience network),NOT_AVAILABLE,NOT_AVAILABLE,NOT_AVAILABLE,NOT_AVAILABLE,connectomes_part_1.zip::atlas_4S456Parcels_region_labels,extracted 2026-09-23 (PROVENANCE txt),MAPPED_HIGH_CONFIDENCE
98,atlas_4S456Parcels,98,LH_SalVentAttn_FrOperIns_3,L,NOT_AVAILABLE,CORTEX,cortical parcel (ventral attention/salience network),NOT_AVAILABLE,NOT_AVAILABLE,NOT_AVAILABLE,NOT_AVAILABLE,connectomes_part_1.zip::atlas_4S456Parcels_region_labels,extracted 2026-09-23 (PROVENANCE txt),MAPPED_HIGH_CONFIDENCE
99,atlas_4S456Parcels,99,LH_SalVentAttn_FrOperIns_4,L,NOT_AVAILABLE,CORTEX,cortical parcel (ventral attention/salience network),NOT_AVAILABLE,NOT_AVAILABLE,NOT_AVAILABLE,NOT_AVAILABLE,connectomes_part_1.zip::atlas_4S456Parcels_region_labels,extracted 2026-09-23 (PROVENANCE txt),MAPPED_HIGH_CONFIDENCE
100,atlas_4S456Parcels,100,LH_SalVentAttn_FrOperIns_5,L,NOT_AVAILABLE,CORTEX,cortical parcel (ventral attention/salience network),NOT_AVAILABLE,NOT_AVAILABLE,NOT_AVAILABLE,NOT_AVAILABLE,connectomes_part_1.zip::atlas_4S456Parcels_region_labels,extracted 2026-09-23 (PROVENANCE txt),MAPPED_HIGH_CONFIDENCE
101,atlas_4S456Parcels,101,LH_SalVentAttn_FrOperIns_6,L,NOT_AVAILABLE,CORTEX,cortical parcel (ventral attention/salience network),NOT_AVAILABLE,NOT_AVAILABLE,NOT_AVAILABLE,NOT_AVAILABLE,connectomes_part_1.zip::atlas_4S456Parcels_region_labels,extracted 2026-09-23 (PROVENANCE txt),MAPPED_HIGH_CONFIDENCE
102,atlas_4S456Parcels,102,LH_SalVentAttn_FrOperIns_7,L,NOT_AVAILABLE,CORTEX,cortical parcel (ventral attention/salience network),NOT_AVAILABLE,NOT_AVAILABLE,NOT_AVAILABLE,NOT_AVAILABLE,connectomes_part_1.zip::atlas_4S456Parcels_region_labels,extracted 2026-09-23 (PROVENANCE txt),MAPPED_HIGH_CONFIDENCE
103,atlas_4S456Parcels,103,LH_SalVentAttn_FrOperIns_8,L,NOT_AVAILABLE,CORTEX,cortical parcel (ventral attention/salience network),NOT_AVAILABLE,NOT_AVAILABLE,NOT_AVAILABLE,NOT_AVAILABLE,connectomes_part_1.zip::atlas_4S456Parcels_region_labels,extracted 2026-09-23 (PROVENANCE txt),MAPPED_HIGH_CONFIDENCE
104,atlas_4S456Parcels,104,LH_SalVentAttn_FrOperIns_9,L,NOT_AVAILABLE,CORTEX,cortical parcel (ventral attention/salience network),NOT_AVAILABLE,NOT_AVAILABLE,NOT_AVAILABLE,NOT_AVAILABLE,connectomes_part_1.zip::atlas_4S456Parcels_region_labels,extracted 2026-09-23 (PROVENANCE txt),MAPPED_HIGH_CONFIDENCE
105,atlas_4S456Parcels,105,LH_SalVentAttn_PFCl_1,L,NOT_AVAILABLE,CORTEX,cortical parcel (ventral attention/salience network),NOT_AVAILABLE,NOT_AVAILABLE,NOT_AVAILABLE,NOT_AVAILABLE,connectomes_part_1.zip::atlas_4S456Parcels_region_labels,extracted 2026-09-23 (PROVENANCE txt),MAPPED_HIGH_CONFIDENCE
106,atlas_4S456Parcels,106,LH_SalVentAttn_Med_1,L,NOT_AVAILABLE,CORTEX,cortical parcel (ventral attention/salience network),NOT_AVAILABLE,NOT_AVAILABLE,NOT_AVAILABLE,NOT_AVAILABLE,connectomes_part_1.zip::atlas_4S456Parcels_region_labels,extracted 2026-09-23 (PROVENANCE txt),MAPPED_HIGH_CONFIDENCE
107,atlas_4S456Parcels,107,LH_SalVentAttn_Med_2,L,NOT_AVAILABLE,CORTEX,cortical parcel (ventral attention/salience network),NOT_AVAILABLE,NOT_AVAILABLE,NOT_AVAILABLE,NOT_AVAILABLE,connectomes_part_1.zip::atlas_4S456Parcels_region_labels,extracted 2026-09-23 (PROVENANCE txt),MAPPED_HIGH_CONFIDENCE
108,atlas_4S456Parcels,108,LH_SalVentAttn_Med_3,L,NOT_AVAILABLE,CORTEX,cortical parcel (ventral attention/salience network),NOT_AVAILABLE,NOT_AVAILABLE,NOT_AVAILABLE,NOT_AVAILABLE,connectomes_part_1.zip::atlas_4S456Parcels_region_labels,extracted 2026-09-23 (PROVENANCE txt),MAPPED_HIGH_CONFIDENCE
109,atlas_4S456Parcels,109,LH_SalVentAttn_Med_4,L,NOT_AVAILABLE,CORTEX,cortical parcel (ventral attention/salience network),NOT_AVAILABLE,NOT_AVAILABLE,NOT_AVAILABLE,NOT_AVAILABLE,connectomes_part_1.zip::atlas_4S456Parcels_region_labels,extracted 2026-09-23 (PROVENANCE txt),MAPPED_HIGH_CONFIDENCE
110,atlas_4S456Parcels,110,LH_SalVentAttn_Med_5,L,NOT_AVAILABLE,CORTEX,cortical parcel (ventral attention/salience network),NOT_AVAILABLE,NOT_AVAILABLE,NOT_AVAILABLE,NOT_AVAILABLE,connectomes_part_1.zip::atlas_4S456Parcels_region_labels,extracted 2026-09-23 (PROVENANCE txt),MAPPED_HIGH_CONFIDENCE
111,atlas_4S456Parcels,111,LH_SalVentAttn_Med_6,L,NOT_AVAILABLE,CORTEX,cortical parcel (ventral attention/salience network),NOT_AVAILABLE,NOT_AVAILABLE,NOT_AVAILABLE,NOT_AVAILABLE,connectomes_part_1.zip::atlas_4S456Parcels_region_labels,extracted 2026-09-23 (PROVENANCE txt),MAPPED_HIGH_CONFIDENCE
112,atlas_4S456Parcels,112,LH_SalVentAttn_Med_7,L,NOT_AVAILABLE,CORTEX,cortical parcel (ventral attention/salience network),NOT_AVAILABLE,NOT_AVAILABLE,NOT_AVAILABLE,NOT_AVAILABLE,connectomes_part_1.zip::atlas_4S456Parcels_region_labels,extracted 2026-09-23 (PROVENANCE txt),MAPPED_HIGH_CONFIDENCE
113,atlas_4S456Parcels,113,LH_Limbic_OFC_1,L,NOT_AVAILABLE,CORTEX,cortical parcel (limbic network),NOT_AVAILABLE,NOT_AVAILABLE,NOT_AVAILABLE,NOT_AVAILABLE,connectomes_part_1.zip::atlas_4S456Parcels_region_labels,extracted 2026-09-23 (PROVENANCE txt),MAPPED_HIGH_CONFIDENCE
114,atlas_4S456Parcels,114,LH_Limbic_OFC_2,L,NOT_AVAILABLE,CORTEX,cortical parcel (limbic network),NOT_AVAILABLE,NOT_AVAILABLE,NOT_AVAILABLE,NOT_AVAILABLE,connectomes_part_1.zip::atlas_4S456Parcels_region_labels,extracted 2026-09-23 (PROVENANCE txt),MAPPED_HIGH_CONFIDENCE
115,atlas_4S456Parcels,115,LH_Limbic_OFC_3,L,NOT_AVAILABLE,CORTEX,cortical parcel (limbic network),NOT_AVAILABLE,NOT_AVAILABLE,NOT_AVAILABLE,NOT_AVAILABLE,connectomes_part_1.zip::atlas_4S456Parcels_region_labels,extracted 2026-09-23 (PROVENANCE txt),MAPPED_HIGH_CONFIDENCE
116,atlas_4S456Parcels,116,LH_Limbic_OFC_4,L,NOT_AVAILABLE,CORTEX,cortical parcel (limbic network),NOT_AVAILABLE,NOT_AVAILABLE,NOT_AVAILABLE,NOT_AVAILABLE,connectomes_part_1.zip::atlas_4S456Parcels_region_labels,extracted 2026-09-23 (PROVENANCE txt),MAPPED_HIGH_CONFIDENCE
117,atlas_4S456Parcels,117,LH_Limbic_OFC_5,L,NOT_AVAILABLE,CORTEX,cortical parcel (limbic network),NOT_AVAILABLE,NOT_AVAILABLE,NOT_AVAILABLE,NOT_AVAILABLE,connectomes_part_1.zip::atlas_4S456Parcels_region_labels,extracted 2026-09-23 (PROVENANCE txt),MAPPED_HIGH_CONFIDENCE
118,atlas_4S456Parcels,118,LH_Limbic_TempPole_1,L,NOT_AVAILABLE,CORTEX,cortical parcel (limbic network),NOT_AVAILABLE,NOT_AVAILABLE,NOT_AVAILABLE,NOT_AVAILABLE,connectomes_part_1.zip::atlas_4S456Parcels_region_labels,extracted 2026-09-23 (PROVENANCE txt),MAPPED_HIGH_CONFIDENCE
119,atlas_4S456Parcels,119,LH_Limbic_TempPole_2,L,NOT_AVAILABLE,CORTEX,cortical parcel (limbic network),NOT_AVAILABLE,NOT_AVAILABLE,NOT_AVAILABLE,NOT_AVAILABLE,connectomes_part_1.zip::atlas_4S456Parcels_region_labels,extracted 2026-09-23 (PROVENANCE txt),MAPPED_HIGH_CONFIDENCE
120,atlas_4S456Parcels,120,LH_Limbic_TempPole_3,L,NOT_AVAILABLE,CORTEX,cortical parcel (limbic network),NOT_AVAILABLE,NOT_AVAILABLE,NOT_AVAILABLE,NOT_AVAILABLE,connectomes_part_1.zip::atlas_4S456Parcels_region_labels,extracted 2026-09-23 (PROVENANCE txt),MAPPED_HIGH_CONFIDENCE
121,atlas_4S456Parcels,121,LH_Limbic_TempPole_4,L,NOT_AVAILABLE,CORTEX,cortical parcel (limbic network),NOT_AVAILABLE,NOT_AVAILABLE,NOT_AVAILABLE,NOT_AVAILABLE,connectomes_part_1.zip::atlas_4S456Parcels_region_labels,extracted 2026-09-23 (PROVENANCE txt),MAPPED_HIGH_CONFIDENCE
122,atlas_4S456Parcels,122,LH_Limbic_TempPole_5,L,NOT_AVAILABLE,CORTEX,cortical parcel (limbic network),NOT_AVAILABLE,NOT_AVAILABLE,NOT_AVAILABLE,NOT_AVAILABLE,connectomes_part_1.zip::atlas_4S456Parcels_region_labels,extracted 2026-09-23 (PROVENANCE txt),MAPPED_HIGH_CONFIDENCE
123,atlas_4S456Parcels,123,LH_Limbic_TempPole_6,L,NOT_AVAILABLE,CORTEX,cortical parcel (limbic network),NOT_AVAILABLE,NOT_AVAILABLE,NOT_AVAILABLE,NOT_AVAILABLE,connectomes_part_1.zip::atlas_4S456Parcels_region_labels,extracted 2026-09-23 (PROVENANCE txt),MAPPED_HIGH_CONFIDENCE
124,atlas_4S456Parcels,124,LH_Limbic_TempPole_7,L,NOT_AVAILABLE,CORTEX,cortical parcel (limbic network),NOT_AVAILABLE,NOT_AVAILABLE,NOT_AVAILABLE,NOT_AVAILABLE,connectomes_part_1.zip::atlas_4S456Parcels_region_labels,extracted 2026-09-23 (PROVENANCE txt),MAPPED_HIGH_CONFIDENCE
125,atlas_4S456Parcels,125,LH_Limbic_TempPole_8,L,NOT_AVAILABLE,CORTEX,cortical parcel (limbic network),NOT_AVAILABLE,NOT_AVAILABLE,NOT_AVAILABLE,NOT_AVAILABLE,connectomes_part_1.zip::atlas_4S456Parcels_region_labels,extracted 2026-09-23 (PROVENANCE txt),MAPPED_HIGH_CONFIDENCE
126,atlas_4S456Parcels,126,LH_Cont_Par_1,L,NOT_AVAILABLE,CORTEX,cortical parcel (frontoparietal control network),NOT_AVAILABLE,NOT_AVAILABLE,NOT_AVAILABLE,NOT_AVAILABLE,connectomes_part_1.zip::atlas_4S456Parcels_region_labels,extracted 2026-09-23 (PROVENANCE txt),MAPPED_HIGH_CONFIDENCE
127,atlas_4S456Parcels,127,LH_Cont_Par_2,L,NOT_AVAILABLE,CORTEX,cortical parcel (frontoparietal control network),NOT_AVAILABLE,NOT_AVAILABLE,NOT_AVAILABLE,NOT_AVAILABLE,connectomes_part_1.zip::atlas_4S456Parcels_region_labels,extracted 2026-09-23 (PROVENANCE txt),MAPPED_HIGH_CONFIDENCE
128,atlas_4S456Parcels,128,LH_Cont_Par_3,L,NOT_AVAILABLE,CORTEX,cortical parcel (frontoparietal control network),NOT_AVAILABLE,NOT_AVAILABLE,NOT_AVAILABLE,NOT_AVAILABLE,connectomes_part_1.zip::atlas_4S456Parcels_region_labels,extracted 2026-09-23 (PROVENANCE txt),MAPPED_HIGH_CONFIDENCE
129,atlas_4S456Parcels,129,LH_Cont_Par_4,L,NOT_AVAILABLE,CORTEX,cortical parcel (frontoparietal control network),NOT_AVAILABLE,NOT_AVAILABLE,NOT_AVAILABLE,NOT_AVAILABLE,connectomes_part_1.zip::atlas_4S456Parcels_region_labels,extracted 2026-09-23 (PROVENANCE txt),MAPPED_HIGH_CONFIDENCE
130,atlas_4S456Parcels,130,LH_Cont_Par_5,L,NOT_AVAILABLE,CORTEX,cortical parcel (frontoparietal control network),NOT_AVAILABLE,NOT_AVAILABLE,NOT_AVAILABLE,NOT_AVAILABLE,connectomes_part_1.zip::atlas_4S456Parcels_region_labels,extracted 2026-09-23 (PROVENANCE txt),MAPPED_HIGH_CONFIDENCE
131,atlas_4S456Parcels,131,LH_Cont_Par_6,L,NOT_AVAILABLE,CORTEX,cortical parcel (frontoparietal control network),NOT_AVAILABLE,NOT_AVAILABLE,NOT_AVAILABLE,NOT_AVAILABLE,connectomes_part_1.zip::atlas_4S456Parcels_region_labels,extracted 2026-09-23 (PROVENANCE txt),MAPPED_HIGH_CONFIDENCE
132,atlas_4S456Parcels,132,LH_Cont_Temp_1,L,NOT_AVAILABLE,CORTEX,cortical parcel (frontoparietal control network),NOT_AVAILABLE,NOT_AVAILABLE,NOT_AVAILABLE,NOT_AVAILABLE,connectomes_part_1.zip::atlas_4S456Parcels_region_labels,extracted 2026-09-23 (PROVENANCE txt),MAPPED_HIGH_CONFIDENCE
133,atlas_4S456Parcels,133,LH_Cont_OFC_1,L,NOT_AVAILABLE,CORTEX,cortical parcel (frontoparietal control network),NOT_AVAILABLE,NOT_AVAILABLE,NOT_AVAILABLE,NOT_AVAILABLE,connectomes_part_1.zip::atlas_4S456Parcels_region_labels,extracted 2026-09-23 (PROVENANCE txt),MAPPED_HIGH_CONFIDENCE
134,atlas_4S456Parcels,134,LH_Cont_PFCl_1,L,NOT_AVAILABLE,CORTEX,cortical parcel (frontoparietal control network),NOT_AVAILABLE,NOT_AVAILABLE,NOT_AVAILABLE,NOT_AVAILABLE,connectomes_part_1.zip::atlas_4S456Parcels_region_labels,extracted 2026-09-23 (PROVENANCE txt),MAPPED_HIGH_CONFIDENCE
135,atlas_4S456Parcels,135,LH_Cont_PFCl_2,L,NOT_AVAILABLE,CORTEX,cortical parcel (frontoparietal control network),NOT_AVAILABLE,NOT_AVAILABLE,NOT_AVAILABLE,NOT_AVAILABLE,connectomes_part_1.zip::atlas_4S456Parcels_region_labels,extracted 2026-09-23 (PROVENANCE txt),MAPPED_HIGH_CONFIDENCE
136,atlas_4S456Parcels,136,LH_Cont_PFCl_3,L,NOT_AVAILABLE,CORTEX,cortical parcel (frontoparietal control network),NOT_AVAILABLE,NOT_AVAILABLE,NOT_AVAILABLE,NOT_AVAILABLE,connectomes_part_1.zip::atlas_4S456Parcels_region_labels,extracted 2026-09-23 (PROVENANCE txt),MAPPED_HIGH_CONFIDENCE
137,atlas_4S456Parcels,137,LH_Cont_PFCl_4,L,NOT_AVAILABLE,CORTEX,cortical parcel (frontoparietal control network),NOT_AVAILABLE,NOT_AVAILABLE,NOT_AVAILABLE,NOT_AVAILABLE,connectomes_part_1.zip::atlas_4S456Parcels_region_labels,extracted 2026-09-23 (PROVENANCE txt),MAPPED_HIGH_CONFIDENCE
138,atlas_4S456Parcels,138,LH_Cont_PFCl_5,L,NOT_AVAILABLE,CORTEX,cortical parcel (frontoparietal control network),NOT_AVAILABLE,NOT_AVAILABLE,NOT_AVAILABLE,NOT_AVAILABLE,connectomes_part_1.zip::atlas_4S456Parcels_region_labels,extracted 2026-09-23 (PROVENANCE txt),MAPPED_HIGH_CONFIDENCE
139,atlas_4S456Parcels,139,LH_Cont_PFCl_6,L,NOT_AVAILABLE,CORTEX,cortical parcel (frontoparietal control network),NOT_AVAILABLE,NOT_AVAILABLE,NOT_AVAILABLE,NOT_AVAILABLE,connectomes_part_1.zip::atlas_4S456Parcels_region_labels,extracted 2026-09-23 (PROVENANCE txt),MAPPED_HIGH_CONFIDENCE
140,atlas_4S456Parcels,140,LH_Cont_PFCl_7,L,NOT_AVAILABLE,CORTEX,cortical parcel (frontoparietal control network),NOT_AVAILABLE,NOT_AVAILABLE,NOT_AVAILABLE,NOT_AVAILABLE,connectomes_part_1.zip::atlas_4S456Parcels_region_labels,extracted 2026-09-23 (PROVENANCE txt),MAPPED_HIGH_CONFIDENCE
141,atlas_4S456Parcels,141,LH_Cont_PFCl_8,L,NOT_AVAILABLE,CORTEX,cortical parcel (frontoparietal control network),NOT_AVAILABLE,NOT_AVAILABLE,NOT_AVAILABLE,NOT_AVAILABLE,connectomes_part_1.zip::atlas_4S456Parcels_region_labels,extracted 2026-09-23 (PROVENANCE txt),MAPPED_HIGH_CONFIDENCE
142,atlas_4S456Parcels,142,LH_Cont_PFCv_1,L,NOT_AVAILABLE,CORTEX,cortical parcel (frontoparietal control network),NOT_AVAILABLE,NOT_AVAILABLE,NOT_AVAILABLE,NOT_AVAILABLE,connectomes_part_1.zip::atlas_4S456Parcels_region_labels,extracted 2026-09-23 (PROVENANCE txt),MAPPED_HIGH_CONFIDENCE
143,atlas_4S456Parcels,143,LH_Cont_pCun_1,L,NOT_AVAILABLE,CORTEX,cortical parcel (frontoparietal control network),NOT_AVAILABLE,NOT_AVAILABLE,NOT_AVAILABLE,NOT_AVAILABLE,connectomes_part_1.zip::atlas_4S456Parcels_region_labels,extracted 2026-09-23 (PROVENANCE txt),MAPPED_HIGH_CONFIDENCE
144,atlas_4S456Parcels,144,LH_Cont_pCun_2,L,NOT_AVAILABLE,CORTEX,cortical parcel (frontoparietal control network),NOT_AVAILABLE,NOT_AVAILABLE,NOT_AVAILABLE,NOT_AVAILABLE,connectomes_part_1.zip::atlas_4S456Parcels_region_labels,extracted 2026-09-23 (PROVENANCE txt),MAPPED_HIGH_CONFIDENCE
145,atlas_4S456Parcels,145,LH_Cont_Cing_1,L,NOT_AVAILABLE,CORTEX,cortical parcel (frontoparietal control network),NOT_AVAILABLE,NOT_AVAILABLE,NOT_AVAILABLE,NOT_AVAILABLE,connectomes_part_1.zip::atlas_4S456Parcels_region_labels,extracted 2026-09-23 (PROVENANCE txt),MAPPED_HIGH_CONFIDENCE
146,atlas_4S456Parcels,146,LH_Cont_Cing_2,L,NOT_AVAILABLE,CORTEX,cortical parcel (frontoparietal control network),NOT_AVAILABLE,NOT_AVAILABLE,NOT_AVAILABLE,NOT_AVAILABLE,connectomes_part_1.zip::atlas_4S456Parcels_region_labels,extracted 2026-09-23 (PROVENANCE txt),MAPPED_HIGH_CONFIDENCE
147,atlas_4S456Parcels,147,LH_Cont_PFCmp_1,L,NOT_AVAILABLE,CORTEX,cortical parcel (frontoparietal control network),NOT_AVAILABLE,NOT_AVAILABLE,NOT_AVAILABLE,NOT_AVAILABLE,connectomes_part_1.zip::atlas_4S456Parcels_region_labels,extracted 2026-09-23 (PROVENANCE txt),MAPPED_HIGH_CONFIDENCE
148,atlas_4S456Parcels,148,LH_Default_Temp_1,L,NOT_AVAILABLE,CORTEX,cortical parcel (default mode network),NOT_AVAILABLE,NOT_AVAILABLE,NOT_AVAILABLE,NOT_AVAILABLE,connectomes_part_1.zip::atlas_4S456Parcels_region_labels,extracted 2026-09-23 (PROVENANCE txt),MAPPED_HIGH_CONFIDENCE
149,atlas_4S456Parcels,149,LH_Default_Temp_2,L,NOT_AVAILABLE,CORTEX,cortical parcel (default mode network),NOT_AVAILABLE,NOT_AVAILABLE,NOT_AVAILABLE,NOT_AVAILABLE,connectomes_part_1.zip::atlas_4S456Parcels_region_labels,extracted 2026-09-23 (PROVENANCE txt),MAPPED_HIGH_CONFIDENCE
150,atlas_4S456Parcels,150,LH_Default_Temp_3,L,NOT_AVAILABLE,CORTEX,cortical parcel (default mode network),NOT_AVAILABLE,NOT_AVAILABLE,NOT_AVAILABLE,NOT_AVAILABLE,connectomes_part_1.zip::atlas_4S456Parcels_region_labels,extracted 2026-09-23 (PROVENANCE txt),MAPPED_HIGH_CONFIDENCE
151,atlas_4S456Parcels,151,LH_Default_Temp_4,L,NOT_AVAILABLE,CORTEX,cortical parcel (default mode network),NOT_AVAILABLE,NOT_AVAILABLE,NOT_AVAILABLE,NOT_AVAILABLE,connectomes_part_1.zip::atlas_4S456Parcels_region_labels,extracted 2026-09-23 (PROVENANCE txt),MAPPED_HIGH_CONFIDENCE
152,atlas_4S456Parcels,152,LH_Default_Temp_5,L,NOT_AVAILABLE,CORTEX,cortical parcel (default mode network),NOT_AVAILABLE,NOT_AVAILABLE,NOT_AVAILABLE,NOT_AVAILABLE,connectomes_part_1.zip::atlas_4S456Parcels_region_labels,extracted 2026-09-23 (PROVENANCE txt),MAPPED_HIGH_CONFIDENCE
153,atlas_4S456Parcels,153,LH_Default_Temp_6,L,NOT_AVAILABLE,CORTEX,cortical parcel (default mode network),NOT_AVAILABLE,NOT_AVAILABLE,NOT_AVAILABLE,NOT_AVAILABLE,connectomes_part_1.zip::atlas_4S456Parcels_region_labels,extracted 2026-09-23 (PROVENANCE txt),MAPPED_HIGH_CONFIDENCE
154,atlas_4S456Parcels,154,LH_Default_Temp_7,L,NOT_AVAILABLE,CORTEX,cortical parcel (default mode network),NOT_AVAILABLE,NOT_AVAILABLE,NOT_AVAILABLE,NOT_AVAILABLE,connectomes_part_1.zip::atlas_4S456Parcels_region_labels,extracted 2026-09-23 (PROVENANCE txt),MAPPED_HIGH_CONFIDENCE
155,atlas_4S456Parcels,155,LH_Default_Temp_8,L,NOT_AVAILABLE,CORTEX,cortical parcel (default mode network),NOT_AVAILABLE,NOT_AVAILABLE,NOT_AVAILABLE,NOT_AVAILABLE,connectomes_part_1.zip::atlas_4S456Parcels_region_labels,extracted 2026-09-23 (PROVENANCE txt),MAPPED_HIGH_CONFIDENCE
156,atlas_4S456Parcels,156,LH_Default_Temp_9,L,NOT_AVAILABLE,CORTEX,cortical parcel (default mode network),NOT_AVAILABLE,NOT_AVAILABLE,NOT_AVAILABLE,NOT_AVAILABLE,connectomes_part_1.zip::atlas_4S456Parcels_region_labels,extracted 2026-09-23 (PROVENANCE txt),MAPPED_HIGH_CONFIDENCE
157,atlas_4S456Parcels,157,LH_Default_Temp_10,L,NOT_AVAILABLE,CORTEX,cortical parcel (default mode network),NOT_AVAILABLE,NOT_AVAILABLE,NOT_AVAILABLE,NOT_AVAILABLE,connectomes_part_1.zip::atlas_4S456Parcels_region_labels,extracted 2026-09-23 (PROVENANCE txt),MAPPED_HIGH_CONFIDENCE
158,atlas_4S456Parcels,158,LH_Default_Par_1,L,NOT_AVAILABLE,CORTEX,cortical parcel (default mode network),NOT_AVAILABLE,NOT_AVAILABLE,NOT_AVAILABLE,NOT_AVAILABLE,connectomes_part_1.zip::atlas_4S456Parcels_region_labels,extracted 2026-09-23 (PROVENANCE txt),MAPPED_HIGH_CONFIDENCE
159,atlas_4S456Parcels,159,LH_Default_Par_2,L,NOT_AVAILABLE,CORTEX,cortical parcel (default mode network),NOT_AVAILABLE,NOT_AVAILABLE,NOT_AVAILABLE,NOT_AVAILABLE,connectomes_part_1.zip::atlas_4S456Parcels_region_labels,extracted 2026-09-23 (PROVENANCE txt),MAPPED_HIGH_CONFIDENCE
160,atlas_4S456Parcels,160,LH_Default_Par_3,L,NOT_AVAILABLE,CORTEX,cortical parcel (default mode network),NOT_AVAILABLE,NOT_AVAILABLE,NOT_AVAILABLE,NOT_AVAILABLE,connectomes_part_1.zip::atlas_4S456Parcels_region_labels,extracted 2026-09-23 (PROVENANCE txt),MAPPED_HIGH_CONFIDENCE
161,atlas_4S456Parcels,161,LH_Default_Par_4,L,NOT_AVAILABLE,CORTEX,cortical parcel (default mode network),NOT_AVAILABLE,NOT_AVAILABLE,NOT_AVAILABLE,NOT_AVAILABLE,connectomes_part_1.zip::atlas_4S456Parcels_region_labels,extracted 2026-09-23 (PROVENANCE txt),MAPPED_HIGH_CONFIDENCE
162,atlas_4S456Parcels,162,LH_Default_Par_5,L,NOT_AVAILABLE,CORTEX,cortical parcel (default mode network),NOT_AVAILABLE,NOT_AVAILABLE,NOT_AVAILABLE,NOT_AVAILABLE,connectomes_part_1.zip::atlas_4S456Parcels_region_labels,extracted 2026-09-23 (PROVENANCE txt),MAPPED_HIGH_CONFIDENCE
163,atlas_4S456Parcels,163,LH_Default_Par_6,L,NOT_AVAILABLE,CORTEX,cortical parcel (default mode network),NOT_AVAILABLE,NOT_AVAILABLE,NOT_AVAILABLE,NOT_AVAILABLE,connectomes_part_1.zip::atlas_4S456Parcels_region_labels,extracted 2026-09-23 (PROVENANCE txt),MAPPED_HIGH_CONFIDENCE
164,atlas_4S456Parcels,164,LH_Default_Par_7,L,NOT_AVAILABLE,CORTEX,cortical parcel (default mode network),NOT_AVAILABLE,NOT_AVAILABLE,NOT_AVAILABLE,NOT_AVAILABLE,connectomes_part_1.zip::atlas_4S456Parcels_region_labels,extracted 2026-09-23 (PROVENANCE txt),MAPPED_HIGH_CONFIDENCE
165,atlas_4S456Parcels,165,LH_Default_PFC_1,L,NOT_AVAILABLE,CORTEX,cortical parcel (default mode network),NOT_AVAILABLE,NOT_AVAILABLE,NOT_AVAILABLE,NOT_AVAILABLE,connectomes_part_1.zip::atlas_4S456Parcels_region_labels,extracted 2026-09-23 (PROVENANCE txt),MAPPED_HIGH_CONFIDENCE
166,atlas_4S456Parcels,166,LH_Default_PFC_2,L,NOT_AVAILABLE,CORTEX,cortical parcel (default mode network),NOT_AVAILABLE,NOT_AVAILABLE,NOT_AVAILABLE,NOT_AVAILABLE,connectomes_part_1.zip::atlas_4S456Parcels_region_labels,extracted 2026-09-23 (PROVENANCE txt),MAPPED_HIGH_CONFIDENCE
167,atlas_4S456Parcels,167,LH_Default_PFC_3,L,NOT_AVAILABLE,CORTEX,cortical parcel (default mode network),NOT_AVAILABLE,NOT_AVAILABLE,NOT_AVAILABLE,NOT_AVAILABLE,connectomes_part_1.zip::atlas_4S456Parcels_region_labels,extracted 2026-09-23 (PROVENANCE txt),MAPPED_HIGH_CONFIDENCE
168,atlas_4S456Parcels,168,LH_Default_PFC_4,L,NOT_AVAILABLE,CORTEX,cortical parcel (default mode network),NOT_AVAILABLE,NOT_AVAILABLE,NOT_AVAILABLE,NOT_AVAILABLE,connectomes_part_1.zip::atlas_4S456Parcels_region_labels,extracted 2026-09-23 (PROVENANCE txt),MAPPED_HIGH_CONFIDENCE
169,atlas_4S456Parcels,169,LH_Default_PFC_5,L,NOT_AVAILABLE,CORTEX,cortical parcel (default mode network),NOT_AVAILABLE,NOT_AVAILABLE,NOT_AVAILABLE,NOT_AVAILABLE,connectomes_part_1.zip::atlas_4S456Parcels_region_labels,extracted 2026-09-23 (PROVENANCE txt),MAPPED_HIGH_CONFIDENCE
170,atlas_4S456Parcels,170,LH_Default_PFC_6,L,NOT_AVAILABLE,CORTEX,cortical parcel (default mode network),NOT_AVAILABLE,NOT_AVAILABLE,NOT_AVAILABLE,NOT_AVAILABLE,connectomes_part_1.zip::atlas_4S456Parcels_region_labels,extracted 2026-09-23 (PROVENANCE txt),MAPPED_HIGH_CONFIDENCE
171,atlas_4S456Parcels,171,LH_Default_PFC_7,L,NOT_AVAILABLE,CORTEX,cortical parcel (default mode network),NOT_AVAILABLE,NOT_AVAILABLE,NOT_AVAILABLE,NOT_AVAILABLE,connectomes_part_1.zip::atlas_4S456Parcels_region_labels,extracted 2026-09-23 (PROVENANCE txt),MAPPED_HIGH_CONFIDENCE
172,atlas_4S456Parcels,172,LH_Default_PFC_8,L,NOT_AVAILABLE,CORTEX,cortical parcel (default mode network),NOT_AVAILABLE,NOT_AVAILABLE,NOT_AVAILABLE,NOT_AVAILABLE,connectomes_part_1.zip::atlas_4S456Parcels_region_labels,extracted 2026-09-23 (PROVENANCE txt),MAPPED_HIGH_CONFIDENCE
173,atlas_4S456Parcels,173,LH_Default_PFC_9,L,NOT_AVAILABLE,CORTEX,cortical parcel (default mode network),NOT_AVAILABLE,NOT_AVAILABLE,NOT_AVAILABLE,NOT_AVAILABLE,connectomes_part_1.zip::atlas_4S456Parcels_region_labels,extracted 2026-09-23 (PROVENANCE txt),MAPPED_HIGH_CONFIDENCE
174,atlas_4S456Parcels,174,LH_Default_PFC_10,L,NOT_AVAILABLE,CORTEX,cortical parcel (default mode network),NOT_AVAILABLE,NOT_AVAILABLE,NOT_AVAILABLE,NOT_AVAILABLE,connectomes_part_1.zip::atlas_4S456Parcels_region_labels,extracted 2026-09-23 (PROVENANCE txt),MAPPED_HIGH_CONFIDENCE
175,atlas_4S456Parcels,175,LH_Default_PFC_11,L,NOT_AVAILABLE,CORTEX,cortical parcel (default mode network),NOT_AVAILABLE,NOT_AVAILABLE,NOT_AVAILABLE,NOT_AVAILABLE,connectomes_part_1.zip::atlas_4S456Parcels_region_labels,extracted 2026-09-23 (PROVENANCE txt),MAPPED_HIGH_CONFIDENCE
176,atlas_4S456Parcels,176,LH_Default_PFC_12,L,NOT_AVAILABLE,CORTEX,cortical parcel (default mode network),NOT_AVAILABLE,NOT_AVAILABLE,NOT_AVAILABLE,NOT_AVAILABLE,connectomes_part_1.zip::atlas_4S456Parcels_region_labels,extracted 2026-09-23 (PROVENANCE txt),MAPPED_HIGH_CONFIDENCE
177,atlas_4S456Parcels,177,LH_Default_PFC_13,L,NOT_AVAILABLE,CORTEX,cortical parcel (default mode network),NOT_AVAILABLE,NOT_AVAILABLE,NOT_AVAILABLE,NOT_AVAILABLE,connectomes_part_1.zip::atlas_4S456Parcels_region_labels,extracted 2026-09-23 (PROVENANCE txt),MAPPED_HIGH_CONFIDENCE
178,atlas_4S456Parcels,178,LH_Default_PFC_14,L,NOT_AVAILABLE,CORTEX,cortical parcel (default mode network),NOT_AVAILABLE,NOT_AVAILABLE,NOT_AVAILABLE,NOT_AVAILABLE,connectomes_part_1.zip::atlas_4S456Parcels_region_labels,extracted 2026-09-23 (PROVENANCE txt),MAPPED_HIGH_CONFIDENCE
179,atlas_4S456Parcels,179,LH_Default_PFC_15,L,NOT_AVAILABLE,CORTEX,cortical parcel (default mode network),NOT_AVAILABLE,NOT_AVAILABLE,NOT_AVAILABLE,NOT_AVAILABLE,connectomes_part_1.zip::atlas_4S456Parcels_region_labels,extracted 2026-09-23 (PROVENANCE txt),MAPPED_HIGH_CONFIDENCE
180,atlas_4S456Parcels,180,LH_Default_PFC_16,L,NOT_AVAILABLE,CORTEX,cortical parcel (default mode network),NOT_AVAILABLE,NOT_AVAILABLE,NOT_AVAILABLE,NOT_AVAILABLE,connectomes_part_1.zip::atlas_4S456Parcels_region_labels,extracted 2026-09-23 (PROVENANCE txt),MAPPED_HIGH_CONFIDENCE
181,atlas_4S456Parcels,181,LH_Default_PFC_17,L,NOT_AVAILABLE,CORTEX,cortical parcel (default mode network),NOT_AVAILABLE,NOT_AVAILABLE,NOT_AVAILABLE,NOT_AVAILABLE,connectomes_part_1.zip::atlas_4S456Parcels_region_labels,extracted 2026-09-23 (PROVENANCE txt),MAPPED_HIGH_CONFIDENCE
182,atlas_4S456Parcels,182,LH_Default_PFC_18,L,NOT_AVAILABLE,CORTEX,cortical parcel (default mode network),NOT_AVAILABLE,NOT_AVAILABLE,NOT_AVAILABLE,NOT_AVAILABLE,connectomes_part_1.zip::atlas_4S456Parcels_region_labels,extracted 2026-09-23 (PROVENANCE txt),MAPPED_HIGH_CONFIDENCE
183,atlas_4S456Parcels,183,LH_Default_PFC_19,L,NOT_AVAILABLE,CORTEX,cortical parcel (default mode network),NOT_AVAILABLE,NOT_AVAILABLE,NOT_AVAILABLE,NOT_AVAILABLE,connectomes_part_1.zip::atlas_4S456Parcels_region_labels,extracted 2026-09-23 (PROVENANCE txt),MAPPED_HIGH_CONFIDENCE
184,atlas_4S456Parcels,184,LH_Default_PFC_20,L,NOT_AVAILABLE,CORTEX,cortical parcel (default mode network),NOT_AVAILABLE,NOT_AVAILABLE,NOT_AVAILABLE,NOT_AVAILABLE,connectomes_part_1.zip::atlas_4S456Parcels_region_labels,extracted 2026-09-23 (PROVENANCE txt),MAPPED_HIGH_CONFIDENCE
185,atlas_4S456Parcels,185,LH_Default_PFC_21,L,NOT_AVAILABLE,CORTEX,cortical parcel (default mode network),NOT_AVAILABLE,NOT_AVAILABLE,NOT_AVAILABLE,NOT_AVAILABLE,connectomes_part_1.zip::atlas_4S456Parcels_region_labels,extracted 2026-09-23 (PROVENANCE txt),MAPPED_HIGH_CONFIDENCE
186,atlas_4S456Parcels,186,LH_Default_PFC_22,L,NOT_AVAILABLE,CORTEX,cortical parcel (default mode network),NOT_AVAILABLE,NOT_AVAILABLE,NOT_AVAILABLE,NOT_AVAILABLE,connectomes_part_1.zip::atlas_4S456Parcels_region_labels,extracted 2026-09-23 (PROVENANCE txt),MAPPED_HIGH_CONFIDENCE
187,atlas_4S456Parcels,187,LH_Default_PFC_23,L,NOT_AVAILABLE,CORTEX,cortical parcel (default mode network),NOT_AVAILABLE,NOT_AVAILABLE,NOT_AVAILABLE,NOT_AVAILABLE,connectomes_part_1.zip::atlas_4S456Parcels_region_labels,extracted 2026-09-23 (PROVENANCE txt),MAPPED_HIGH_CONFIDENCE
188,atlas_4S456Parcels,188,LH_Default_PFC_24,L,NOT_AVAILABLE,CORTEX,cortical parcel (default mode network),NOT_AVAILABLE,NOT_AVAILABLE,NOT_AVAILABLE,NOT_AVAILABLE,connectomes_part_1.zip::atlas_4S456Parcels_region_labels,extracted 2026-09-23 (PROVENANCE txt),MAPPED_HIGH_CONFIDENCE
189,atlas_4S456Parcels,189,LH_Default_pCunPCC_1,L,NOT_AVAILABLE,CORTEX,cortical parcel (default mode network),NOT_AVAILABLE,NOT_AVAILABLE,NOT_AVAILABLE,NOT_AVAILABLE,connectomes_part_1.zip::atlas_4S456Parcels_region_labels,extracted 2026-09-23 (PROVENANCE txt),MAPPED_HIGH_CONFIDENCE
190,atlas_4S456Parcels,190,LH_Default_pCunPCC_2,L,NOT_AVAILABLE,CORTEX,cortical parcel (default mode network),NOT_AVAILABLE,NOT_AVAILABLE,NOT_AVAILABLE,NOT_AVAILABLE,connectomes_part_1.zip::atlas_4S456Parcels_region_labels,extracted 2026-09-23 (PROVENANCE txt),MAPPED_HIGH_CONFIDENCE
191,atlas_4S456Parcels,191,LH_Default_pCunPCC_3,L,NOT_AVAILABLE,CORTEX,cortical parcel (default mode network),NOT_AVAILABLE,NOT_AVAILABLE,NOT_AVAILABLE,NOT_AVAILABLE,connectomes_part_1.zip::atlas_4S456Parcels_region_labels,extracted 2026-09-23 (PROVENANCE txt),MAPPED_HIGH_CONFIDENCE
192,atlas_4S456Parcels,192,LH_Default_pCunPCC_4,L,NOT_AVAILABLE,CORTEX,cortical parcel (default mode network),NOT_AVAILABLE,NOT_AVAILABLE,NOT_AVAILABLE,NOT_AVAILABLE,connectomes_part_1.zip::atlas_4S456Parcels_region_labels,extracted 2026-09-23 (PROVENANCE txt),MAPPED_HIGH_CONFIDENCE
193,atlas_4S456Parcels,193,LH_Default_pCunPCC_5,L,NOT_AVAILABLE,CORTEX,cortical parcel (default mode network),NOT_AVAILABLE,NOT_AVAILABLE,NOT_AVAILABLE,NOT_AVAILABLE,connectomes_part_1.zip::atlas_4S456Parcels_region_labels,extracted 2026-09-23 (PROVENANCE txt),MAPPED_HIGH_CONFIDENCE
194,atlas_4S456Parcels,194,LH_Default_pCunPCC_6,L,NOT_AVAILABLE,CORTEX,cortical parcel (default mode network),NOT_AVAILABLE,NOT_AVAILABLE,NOT_AVAILABLE,NOT_AVAILABLE,connectomes_part_1.zip::atlas_4S456Parcels_region_labels,extracted 2026-09-23 (PROVENANCE txt),MAPPED_HIGH_CONFIDENCE
195,atlas_4S456Parcels,195,LH_Default_pCunPCC_7,L,NOT_AVAILABLE,CORTEX,cortical parcel (default mode network),NOT_AVAILABLE,NOT_AVAILABLE,NOT_AVAILABLE,NOT_AVAILABLE,connectomes_part_1.zip::atlas_4S456Parcels_region_labels,extracted 2026-09-23 (PROVENANCE txt),MAPPED_HIGH_CONFIDENCE
196,atlas_4S456Parcels,196,LH_Default_pCunPCC_8,L,NOT_AVAILABLE,CORTEX,cortical parcel (default mode network),NOT_AVAILABLE,NOT_AVAILABLE,NOT_AVAILABLE,NOT_AVAILABLE,connectomes_part_1.zip::atlas_4S456Parcels_region_labels,extracted 2026-09-23 (PROVENANCE txt),MAPPED_HIGH_CONFIDENCE
197,atlas_4S456Parcels,197,LH_Default_pCunPCC_9,L,NOT_AVAILABLE,CORTEX,cortical parcel (default mode network),NOT_AVAILABLE,NOT_AVAILABLE,NOT_AVAILABLE,NOT_AVAILABLE,connectomes_part_1.zip::atlas_4S456Parcels_region_labels,extracted 2026-09-23 (PROVENANCE txt),MAPPED_HIGH_CONFIDENCE
198,atlas_4S456Parcels,198,LH_Default_pCunPCC_10,L,NOT_AVAILABLE,CORTEX,cortical parcel (default mode network),NOT_AVAILABLE,NOT_AVAILABLE,NOT_AVAILABLE,NOT_AVAILABLE,connectomes_part_1.zip::atlas_4S456Parcels_region_labels,extracted 2026-09-23 (PROVENANCE txt),MAPPED_HIGH_CONFIDENCE
199,atlas_4S456Parcels,199,LH_Default_pCunPCC_11,L,NOT_AVAILABLE,CORTEX,cortical parcel (default mode network),NOT_AVAILABLE,NOT_AVAILABLE,NOT_AVAILABLE,NOT_AVAILABLE,connectomes_part_1.zip::atlas_4S456Parcels_region_labels,extracted 2026-09-23 (PROVENANCE txt),MAPPED_HIGH_CONFIDENCE
200,atlas_4S456Parcels,200,RH_Vis_1,R,NOT_AVAILABLE,CORTEX,cortical parcel (visual network),NOT_AVAILABLE,NOT_AVAILABLE,NOT_AVAILABLE,NOT_AVAILABLE,connectomes_part_1.zip::atlas_4S456Parcels_region_labels,extracted 2026-09-23 (PROVENANCE txt),MAPPED_HIGH_CONFIDENCE
201,atlas_4S456Parcels,201,RH_Vis_2,R,NOT_AVAILABLE,CORTEX,cortical parcel (visual network),NOT_AVAILABLE,NOT_AVAILABLE,NOT_AVAILABLE,NOT_AVAILABLE,connectomes_part_1.zip::atlas_4S456Parcels_region_labels,extracted 2026-09-23 (PROVENANCE txt),MAPPED_HIGH_CONFIDENCE
202,atlas_4S456Parcels,202,RH_Vis_3,R,NOT_AVAILABLE,CORTEX,cortical parcel (visual network),NOT_AVAILABLE,NOT_AVAILABLE,NOT_AVAILABLE,NOT_AVAILABLE,connectomes_part_1.zip::atlas_4S456Parcels_region_labels,extracted 2026-09-23 (PROVENANCE txt),MAPPED_HIGH_CONFIDENCE
203,atlas_4S456Parcels,203,RH_Vis_4,R,NOT_AVAILABLE,CORTEX,cortical parcel (visual network),NOT_AVAILABLE,NOT_AVAILABLE,NOT_AVAILABLE,NOT_AVAILABLE,connectomes_part_1.zip::atlas_4S456Parcels_region_labels,extracted 2026-09-23 (PROVENANCE txt),MAPPED_HIGH_CONFIDENCE
204,atlas_4S456Parcels,204,RH_Vis_5,R,NOT_AVAILABLE,CORTEX,cortical parcel (visual network),NOT_AVAILABLE,NOT_AVAILABLE,NOT_AVAILABLE,NOT_AVAILABLE,connectomes_part_1.zip::atlas_4S456Parcels_region_labels,extracted 2026-09-23 (PROVENANCE txt),MAPPED_HIGH_CONFIDENCE
205,atlas_4S456Parcels,205,RH_Vis_6,R,NOT_AVAILABLE,CORTEX,cortical parcel (visual network),NOT_AVAILABLE,NOT_AVAILABLE,NOT_AVAILABLE,NOT_AVAILABLE,connectomes_part_1.zip::atlas_4S456Parcels_region_labels,extracted 2026-09-23 (PROVENANCE txt),MAPPED_HIGH_CONFIDENCE
206,atlas_4S456Parcels,206,RH_Vis_7,R,NOT_AVAILABLE,CORTEX,cortical parcel (visual network),NOT_AVAILABLE,NOT_AVAILABLE,NOT_AVAILABLE,NOT_AVAILABLE,connectomes_part_1.zip::atlas_4S456Parcels_region_labels,extracted 2026-09-23 (PROVENANCE txt),MAPPED_HIGH_CONFIDENCE
207,atlas_4S456Parcels,207,RH_Vis_8,R,NOT_AVAILABLE,CORTEX,cortical parcel (visual network),NOT_AVAILABLE,NOT_AVAILABLE,NOT_AVAILABLE,NOT_AVAILABLE,connectomes_part_1.zip::atlas_4S456Parcels_region_labels,extracted 2026-09-23 (PROVENANCE txt),MAPPED_HIGH_CONFIDENCE
208,atlas_4S456Parcels,208,RH_Vis_9,R,NOT_AVAILABLE,CORTEX,cortical parcel (visual network),NOT_AVAILABLE,NOT_AVAILABLE,NOT_AVAILABLE,NOT_AVAILABLE,connectomes_part_1.zip::atlas_4S456Parcels_region_labels,extracted 2026-09-23 (PROVENANCE txt),MAPPED_HIGH_CONFIDENCE
209,atlas_4S456Parcels,209,RH_Vis_10,R,NOT_AVAILABLE,CORTEX,cortical parcel (visual network),NOT_AVAILABLE,NOT_AVAILABLE,NOT_AVAILABLE,NOT_AVAILABLE,connectomes_part_1.zip::atlas_4S456Parcels_region_labels,extracted 2026-09-23 (PROVENANCE txt),MAPPED_HIGH_CONFIDENCE
210,atlas_4S456Parcels,210,RH_Vis_11,R,NOT_AVAILABLE,CORTEX,cortical parcel (visual network),NOT_AVAILABLE,NOT_AVAILABLE,NOT_AVAILABLE,NOT_AVAILABLE,connectomes_part_1.zip::atlas_4S456Parcels_region_labels,extracted 2026-09-23 (PROVENANCE txt),MAPPED_HIGH_CONFIDENCE
211,atlas_4S456Parcels,211,RH_Vis_12,R,NOT_AVAILABLE,CORTEX,cortical parcel (visual network),NOT_AVAILABLE,NOT_AVAILABLE,NOT_AVAILABLE,NOT_AVAILABLE,connectomes_part_1.zip::atlas_4S456Parcels_region_labels,extracted 2026-09-23 (PROVENANCE txt),MAPPED_HIGH_CONFIDENCE
212,atlas_4S456Parcels,212,RH_Vis_13,R,NOT_AVAILABLE,CORTEX,cortical parcel (visual network),NOT_AVAILABLE,NOT_AVAILABLE,NOT_AVAILABLE,NOT_AVAILABLE,connectomes_part_1.zip::atlas_4S456Parcels_region_labels,extracted 2026-09-23 (PROVENANCE txt),MAPPED_HIGH_CONFIDENCE
213,atlas_4S456Parcels,213,RH_Vis_14,R,NOT_AVAILABLE,CORTEX,cortical parcel (visual network),NOT_AVAILABLE,NOT_AVAILABLE,NOT_AVAILABLE,NOT_AVAILABLE,connectomes_part_1.zip::atlas_4S456Parcels_region_labels,extracted 2026-09-23 (PROVENANCE txt),MAPPED_HIGH_CONFIDENCE
214,atlas_4S456Parcels,214,RH_Vis_15,R,NOT_AVAILABLE,CORTEX,cortical parcel (visual network),NOT_AVAILABLE,NOT_AVAILABLE,NOT_AVAILABLE,NOT_AVAILABLE,connectomes_part_1.zip::atlas_4S456Parcels_region_labels,extracted 2026-09-23 (PROVENANCE txt),MAPPED_HIGH_CONFIDENCE
215,atlas_4S456Parcels,215,RH_Vis_16,R,NOT_AVAILABLE,CORTEX,cortical parcel (visual network),NOT_AVAILABLE,NOT_AVAILABLE,NOT_AVAILABLE,NOT_AVAILABLE,connectomes_part_1.zip::atlas_4S456Parcels_region_labels,extracted 2026-09-23 (PROVENANCE txt),MAPPED_HIGH_CONFIDENCE
216,atlas_4S456Parcels,216,RH_Vis_17,R,NOT_AVAILABLE,CORTEX,cortical parcel (visual network),NOT_AVAILABLE,NOT_AVAILABLE,NOT_AVAILABLE,NOT_AVAILABLE,connectomes_part_1.zip::atlas_4S456Parcels_region_labels,extracted 2026-09-23 (PROVENANCE txt),MAPPED_HIGH_CONFIDENCE
217,atlas_4S456Parcels,217,RH_Vis_18,R,NOT_AVAILABLE,CORTEX,cortical parcel (visual network),NOT_AVAILABLE,NOT_AVAILABLE,NOT_AVAILABLE,NOT_AVAILABLE,connectomes_part_1.zip::atlas_4S456Parcels_region_labels,extracted 2026-09-23 (PROVENANCE txt),MAPPED_HIGH_CONFIDENCE
218,atlas_4S456Parcels,218,RH_Vis_19,R,NOT_AVAILABLE,CORTEX,cortical parcel (visual network),NOT_AVAILABLE,NOT_AVAILABLE,NOT_AVAILABLE,NOT_AVAILABLE,connectomes_part_1.zip::atlas_4S456Parcels_region_labels,extracted 2026-09-23 (PROVENANCE txt),MAPPED_HIGH_CONFIDENCE
219,atlas_4S456Parcels,219,RH_Vis_20,R,NOT_AVAILABLE,CORTEX,cortical parcel (visual network),NOT_AVAILABLE,NOT_AVAILABLE,NOT_AVAILABLE,NOT_AVAILABLE,connectomes_part_1.zip::atlas_4S456Parcels_region_labels,extracted 2026-09-23 (PROVENANCE txt),MAPPED_HIGH_CONFIDENCE
220,atlas_4S456Parcels,220,RH_Vis_21,R,NOT_AVAILABLE,CORTEX,cortical parcel (visual network),NOT_AVAILABLE,NOT_AVAILABLE,NOT_AVAILABLE,NOT_AVAILABLE,connectomes_part_1.zip::atlas_4S456Parcels_region_labels,extracted 2026-09-23 (PROVENANCE txt),MAPPED_HIGH_CONFIDENCE
221,atlas_4S456Parcels,221,RH_Vis_22,R,NOT_AVAILABLE,CORTEX,cortical parcel (visual network),NOT_AVAILABLE,NOT_AVAILABLE,NOT_AVAILABLE,NOT_AVAILABLE,connectomes_part_1.zip::atlas_4S456Parcels_region_labels,extracted 2026-09-23 (PROVENANCE txt),MAPPED_HIGH_CONFIDENCE
222,atlas_4S456Parcels,222,RH_Vis_23,R,NOT_AVAILABLE,CORTEX,cortical parcel (visual network),NOT_AVAILABLE,NOT_AVAILABLE,NOT_AVAILABLE,NOT_AVAILABLE,connectomes_part_1.zip::atlas_4S456Parcels_region_labels,extracted 2026-09-23 (PROVENANCE txt),MAPPED_HIGH_CONFIDENCE
223,atlas_4S456Parcels,223,RH_Vis_24,R,NOT_AVAILABLE,CORTEX,cortical parcel (visual network),NOT_AVAILABLE,NOT_AVAILABLE,NOT_AVAILABLE,NOT_AVAILABLE,connectomes_part_1.zip::atlas_4S456Parcels_region_labels,extracted 2026-09-23 (PROVENANCE txt),MAPPED_HIGH_CONFIDENCE
224,atlas_4S456Parcels,224,RH_Vis_25,R,NOT_AVAILABLE,CORTEX,cortical parcel (visual network),NOT_AVAILABLE,NOT_AVAILABLE,NOT_AVAILABLE,NOT_AVAILABLE,connectomes_part_1.zip::atlas_4S456Parcels_region_labels,extracted 2026-09-23 (PROVENANCE txt),MAPPED_HIGH_CONFIDENCE
225,atlas_4S456Parcels,225,RH_Vis_26,R,NOT_AVAILABLE,CORTEX,cortical parcel (visual network),NOT_AVAILABLE,NOT_AVAILABLE,NOT_AVAILABLE,NOT_AVAILABLE,connectomes_part_1.zip::atlas_4S456Parcels_region_labels,extracted 2026-09-23 (PROVENANCE txt),MAPPED_HIGH_CONFIDENCE
226,atlas_4S456Parcels,226,RH_Vis_27,R,NOT_AVAILABLE,CORTEX,cortical parcel (visual network),NOT_AVAILABLE,NOT_AVAILABLE,NOT_AVAILABLE,NOT_AVAILABLE,connectomes_part_1.zip::atlas_4S456Parcels_region_labels,extracted 2026-09-23 (PROVENANCE txt),MAPPED_HIGH_CONFIDENCE
227,atlas_4S456Parcels,227,RH_Vis_28,R,NOT_AVAILABLE,CORTEX,cortical parcel (visual network),NOT_AVAILABLE,NOT_AVAILABLE,NOT_AVAILABLE,NOT_AVAILABLE,connectomes_part_1.zip::atlas_4S456Parcels_region_labels,extracted 2026-09-23 (PROVENANCE txt),MAPPED_HIGH_CONFIDENCE
228,atlas_4S456Parcels,228,RH_Vis_29,R,NOT_AVAILABLE,CORTEX,cortical parcel (visual network),NOT_AVAILABLE,NOT_AVAILABLE,NOT_AVAILABLE,NOT_AVAILABLE,connectomes_part_1.zip::atlas_4S456Parcels_region_labels,extracted 2026-09-23 (PROVENANCE txt),MAPPED_HIGH_CONFIDENCE
229,atlas_4S456Parcels,229,RH_Vis_30,R,NOT_AVAILABLE,CORTEX,cortical parcel (visual network),NOT_AVAILABLE,NOT_AVAILABLE,NOT_AVAILABLE,NOT_AVAILABLE,connectomes_part_1.zip::atlas_4S456Parcels_region_labels,extracted 2026-09-23 (PROVENANCE txt),MAPPED_HIGH_CONFIDENCE
230,atlas_4S456Parcels,230,RH_SomMot_1,R,NOT_AVAILABLE,CORTEX,cortical parcel (somatomotor network),NOT_AVAILABLE,NOT_AVAILABLE,NOT_AVAILABLE,NOT_AVAILABLE,connectomes_part_1.zip::atlas_4S456Parcels_region_labels,extracted 2026-09-23 (PROVENANCE txt),MAPPED_HIGH_CONFIDENCE
231,atlas_4S456Parcels,231,RH_SomMot_2,R,NOT_AVAILABLE,CORTEX,cortical parcel (somatomotor network),NOT_AVAILABLE,NOT_AVAILABLE,NOT_AVAILABLE,NOT_AVAILABLE,connectomes_part_1.zip::atlas_4S456Parcels_region_labels,extracted 2026-09-23 (PROVENANCE txt),MAPPED_HIGH_CONFIDENCE
232,atlas_4S456Parcels,232,RH_SomMot_3,R,NOT_AVAILABLE,CORTEX,cortical parcel (somatomotor network),NOT_AVAILABLE,NOT_AVAILABLE,NOT_AVAILABLE,NOT_AVAILABLE,connectomes_part_1.zip::atlas_4S456Parcels_region_labels,extracted 2026-09-23 (PROVENANCE txt),MAPPED_HIGH_CONFIDENCE
233,atlas_4S456Parcels,233,RH_SomMot_4,R,NOT_AVAILABLE,CORTEX,cortical parcel (somatomotor network),NOT_AVAILABLE,NOT_AVAILABLE,NOT_AVAILABLE,NOT_AVAILABLE,connectomes_part_1.zip::atlas_4S456Parcels_region_labels,extracted 2026-09-23 (PROVENANCE txt),MAPPED_HIGH_CONFIDENCE
234,atlas_4S456Parcels,234,RH_SomMot_5,R,NOT_AVAILABLE,CORTEX,cortical parcel (somatomotor network),NOT_AVAILABLE,NOT_AVAILABLE,NOT_AVAILABLE,NOT_AVAILABLE,connectomes_part_1.zip::atlas_4S456Parcels_region_labels,extracted 2026-09-23 (PROVENANCE txt),MAPPED_HIGH_CONFIDENCE
235,atlas_4S456Parcels,235,RH_SomMot_6,R,NOT_AVAILABLE,CORTEX,cortical parcel (somatomotor network),NOT_AVAILABLE,NOT_AVAILABLE,NOT_AVAILABLE,NOT_AVAILABLE,connectomes_part_1.zip::atlas_4S456Parcels_region_labels,extracted 2026-09-23 (PROVENANCE txt),MAPPED_HIGH_CONFIDENCE
236,atlas_4S456Parcels,236,RH_SomMot_7,R,NOT_AVAILABLE,CORTEX,cortical parcel (somatomotor network),NOT_AVAILABLE,NOT_AVAILABLE,NOT_AVAILABLE,NOT_AVAILABLE,connectomes_part_1.zip::atlas_4S456Parcels_region_labels,extracted 2026-09-23 (PROVENANCE txt),MAPPED_HIGH_CONFIDENCE
237,atlas_4S456Parcels,237,RH_SomMot_8,R,NOT_AVAILABLE,CORTEX,cortical parcel (somatomotor network),NOT_AVAILABLE,NOT_AVAILABLE,NOT_AVAILABLE,NOT_AVAILABLE,connectomes_part_1.zip::atlas_4S456Parcels_region_labels,extracted 2026-09-23 (PROVENANCE txt),MAPPED_HIGH_CONFIDENCE
238,atlas_4S456Parcels,238,RH_SomMot_9,R,NOT_AVAILABLE,CORTEX,cortical parcel (somatomotor network),NOT_AVAILABLE,NOT_AVAILABLE,NOT_AVAILABLE,NOT_AVAILABLE,connectomes_part_1.zip::atlas_4S456Parcels_region_labels,extracted 2026-09-23 (PROVENANCE txt),MAPPED_HIGH_CONFIDENCE
239,atlas_4S456Parcels,239,RH_SomMot_10,R,NOT_AVAILABLE,CORTEX,cortical parcel (somatomotor network),NOT_AVAILABLE,NOT_AVAILABLE,NOT_AVAILABLE,NOT_AVAILABLE,connectomes_part_1.zip::atlas_4S456Parcels_region_labels,extracted 2026-09-23 (PROVENANCE txt),MAPPED_HIGH_CONFIDENCE
240,atlas_4S456Parcels,240,RH_SomMot_11,R,NOT_AVAILABLE,CORTEX,cortical parcel (somatomotor network),NOT_AVAILABLE,NOT_AVAILABLE,NOT_AVAILABLE,NOT_AVAILABLE,connectomes_part_1.zip::atlas_4S456Parcels_region_labels,extracted 2026-09-23 (PROVENANCE txt),MAPPED_HIGH_CONFIDENCE
241,atlas_4S456Parcels,241,RH_SomMot_12,R,NOT_AVAILABLE,CORTEX,cortical parcel (somatomotor network),NOT_AVAILABLE,NOT_AVAILABLE,NOT_AVAILABLE,NOT_AVAILABLE,connectomes_part_1.zip::atlas_4S456Parcels_region_labels,extracted 2026-09-23 (PROVENANCE txt),MAPPED_HIGH_CONFIDENCE
242,atlas_4S456Parcels,242,RH_SomMot_13,R,NOT_AVAILABLE,CORTEX,cortical parcel (somatomotor network),NOT_AVAILABLE,NOT_AVAILABLE,NOT_AVAILABLE,NOT_AVAILABLE,connectomes_part_1.zip::atlas_4S456Parcels_region_labels,extracted 2026-09-23 (PROVENANCE txt),MAPPED_HIGH_CONFIDENCE
243,atlas_4S456Parcels,243,RH_SomMot_14,R,NOT_AVAILABLE,CORTEX,cortical parcel (somatomotor network),NOT_AVAILABLE,NOT_AVAILABLE,NOT_AVAILABLE,NOT_AVAILABLE,connectomes_part_1.zip::atlas_4S456Parcels_region_labels,extracted 2026-09-23 (PROVENANCE txt),MAPPED_HIGH_CONFIDENCE
244,atlas_4S456Parcels,244,RH_SomMot_15,R,NOT_AVAILABLE,CORTEX,cortical parcel (somatomotor network),NOT_AVAILABLE,NOT_AVAILABLE,NOT_AVAILABLE,NOT_AVAILABLE,connectomes_part_1.zip::atlas_4S456Parcels_region_labels,extracted 2026-09-23 (PROVENANCE txt),MAPPED_HIGH_CONFIDENCE
245,atlas_4S456Parcels,245,RH_SomMot_16,R,NOT_AVAILABLE,CORTEX,cortical parcel (somatomotor network),NOT_AVAILABLE,NOT_AVAILABLE,NOT_AVAILABLE,NOT_AVAILABLE,connectomes_part_1.zip::atlas_4S456Parcels_region_labels,extracted 2026-09-23 (PROVENANCE txt),MAPPED_HIGH_CONFIDENCE
246,atlas_4S456Parcels,246,RH_SomMot_17,R,NOT_AVAILABLE,CORTEX,cortical parcel (somatomotor network),NOT_AVAILABLE,NOT_AVAILABLE,NOT_AVAILABLE,NOT_AVAILABLE,connectomes_part_1.zip::atlas_4S456Parcels_region_labels,extracted 2026-09-23 (PROVENANCE txt),MAPPED_HIGH_CONFIDENCE
247,atlas_4S456Parcels,247,RH_SomMot_18,R,NOT_AVAILABLE,CORTEX,cortical parcel (somatomotor network),NOT_AVAILABLE,NOT_AVAILABLE,NOT_AVAILABLE,NOT_AVAILABLE,connectomes_part_1.zip::atlas_4S456Parcels_region_labels,extracted 2026-09-23 (PROVENANCE txt),MAPPED_HIGH_CONFIDENCE
248,atlas_4S456Parcels,248,RH_SomMot_19,R,NOT_AVAILABLE,CORTEX,cortical parcel (somatomotor network),NOT_AVAILABLE,NOT_AVAILABLE,NOT_AVAILABLE,NOT_AVAILABLE,connectomes_part_1.zip::atlas_4S456Parcels_region_labels,extracted 2026-09-23 (PROVENANCE txt),MAPPED_HIGH_CONFIDENCE
249,atlas_4S456Parcels,249,RH_SomMot_20,R,NOT_AVAILABLE,CORTEX,cortical parcel (somatomotor network),NOT_AVAILABLE,NOT_AVAILABLE,NOT_AVAILABLE,NOT_AVAILABLE,connectomes_part_1.zip::atlas_4S456Parcels_region_labels,extracted 2026-09-23 (PROVENANCE txt),MAPPED_HIGH_CONFIDENCE
250,atlas_4S456Parcels,250,RH_SomMot_21,R,NOT_AVAILABLE,CORTEX,cortical parcel (somatomotor network),NOT_AVAILABLE,NOT_AVAILABLE,NOT_AVAILABLE,NOT_AVAILABLE,connectomes_part_1.zip::atlas_4S456Parcels_region_labels,extracted 2026-09-23 (PROVENANCE txt),MAPPED_HIGH_CONFIDENCE
251,atlas_4S456Parcels,251,RH_SomMot_22,R,NOT_AVAILABLE,CORTEX,cortical parcel (somatomotor network),NOT_AVAILABLE,NOT_AVAILABLE,NOT_AVAILABLE,NOT_AVAILABLE,connectomes_part_1.zip::atlas_4S456Parcels_region_labels,extracted 2026-09-23 (PROVENANCE txt),MAPPED_HIGH_CONFIDENCE
252,atlas_4S456Parcels,252,RH_SomMot_23,R,NOT_AVAILABLE,CORTEX,cortical parcel (somatomotor network),NOT_AVAILABLE,NOT_AVAILABLE,NOT_AVAILABLE,NOT_AVAILABLE,connectomes_part_1.zip::atlas_4S456Parcels_region_labels,extracted 2026-09-23 (PROVENANCE txt),MAPPED_HIGH_CONFIDENCE
253,atlas_4S456Parcels,253,RH_SomMot_24,R,NOT_AVAILABLE,CORTEX,cortical parcel (somatomotor network),NOT_AVAILABLE,NOT_AVAILABLE,NOT_AVAILABLE,NOT_AVAILABLE,connectomes_part_1.zip::atlas_4S456Parcels_region_labels,extracted 2026-09-23 (PROVENANCE txt),MAPPED_HIGH_CONFIDENCE
254,atlas_4S456Parcels,254,RH_SomMot_25,R,NOT_AVAILABLE,CORTEX,cortical parcel (somatomotor network),NOT_AVAILABLE,NOT_AVAILABLE,NOT_AVAILABLE,NOT_AVAILABLE,connectomes_part_1.zip::atlas_4S456Parcels_region_labels,extracted 2026-09-23 (PROVENANCE txt),MAPPED_HIGH_CONFIDENCE
255,atlas_4S456Parcels,255,RH_SomMot_26,R,NOT_AVAILABLE,CORTEX,cortical parcel (somatomotor network),NOT_AVAILABLE,NOT_AVAILABLE,NOT_AVAILABLE,NOT_AVAILABLE,connectomes_part_1.zip::atlas_4S456Parcels_region_labels,extracted 2026-09-23 (PROVENANCE txt),MAPPED_HIGH_CONFIDENCE
256,atlas_4S456Parcels,256,RH_SomMot_27,R,NOT_AVAILABLE,CORTEX,cortical parcel (somatomotor network),NOT_AVAILABLE,NOT_AVAILABLE,NOT_AVAILABLE,NOT_AVAILABLE,connectomes_part_1.zip::atlas_4S456Parcels_region_labels,extracted 2026-09-23 (PROVENANCE txt),MAPPED_HIGH_CONFIDENCE
257,atlas_4S456Parcels,257,RH_SomMot_28,R,NOT_AVAILABLE,CORTEX,cortical parcel (somatomotor network),NOT_AVAILABLE,NOT_AVAILABLE,NOT_AVAILABLE,NOT_AVAILABLE,connectomes_part_1.zip::atlas_4S456Parcels_region_labels,extracted 2026-09-23 (PROVENANCE txt),MAPPED_HIGH_CONFIDENCE
258,atlas_4S456Parcels,258,RH_SomMot_29,R,NOT_AVAILABLE,CORTEX,cortical parcel (somatomotor network),NOT_AVAILABLE,NOT_AVAILABLE,NOT_AVAILABLE,NOT_AVAILABLE,connectomes_part_1.zip::atlas_4S456Parcels_region_labels,extracted 2026-09-23 (PROVENANCE txt),MAPPED_HIGH_CONFIDENCE
259,atlas_4S456Parcels,259,RH_SomMot_30,R,NOT_AVAILABLE,CORTEX,cortical parcel (somatomotor network),NOT_AVAILABLE,NOT_AVAILABLE,NOT_AVAILABLE,NOT_AVAILABLE,connectomes_part_1.zip::atlas_4S456Parcels_region_labels,extracted 2026-09-23 (PROVENANCE txt),MAPPED_HIGH_CONFIDENCE
260,atlas_4S456Parcels,260,RH_SomMot_31,R,NOT_AVAILABLE,CORTEX,cortical parcel (somatomotor network),NOT_AVAILABLE,NOT_AVAILABLE,NOT_AVAILABLE,NOT_AVAILABLE,connectomes_part_1.zip::atlas_4S456Parcels_region_labels,extracted 2026-09-23 (PROVENANCE txt),MAPPED_HIGH_CONFIDENCE
261,atlas_4S456Parcels,261,RH_SomMot_32,R,NOT_AVAILABLE,CORTEX,cortical parcel (somatomotor network),NOT_AVAILABLE,NOT_AVAILABLE,NOT_AVAILABLE,NOT_AVAILABLE,connectomes_part_1.zip::atlas_4S456Parcels_region_labels,extracted 2026-09-23 (PROVENANCE txt),MAPPED_HIGH_CONFIDENCE
262,atlas_4S456Parcels,262,RH_SomMot_33,R,NOT_AVAILABLE,CORTEX,cortical parcel (somatomotor network),NOT_AVAILABLE,NOT_AVAILABLE,NOT_AVAILABLE,NOT_AVAILABLE,connectomes_part_1.zip::atlas_4S456Parcels_region_labels,extracted 2026-09-23 (PROVENANCE txt),MAPPED_HIGH_CONFIDENCE
263,atlas_4S456Parcels,263,RH_SomMot_34,R,NOT_AVAILABLE,CORTEX,cortical parcel (somatomotor network),NOT_AVAILABLE,NOT_AVAILABLE,NOT_AVAILABLE,NOT_AVAILABLE,connectomes_part_1.zip::atlas_4S456Parcels_region_labels,extracted 2026-09-23 (PROVENANCE txt),MAPPED_HIGH_CONFIDENCE
264,atlas_4S456Parcels,264,RH_SomMot_35,R,NOT_AVAILABLE,CORTEX,cortical parcel (somatomotor network),NOT_AVAILABLE,NOT_AVAILABLE,NOT_AVAILABLE,NOT_AVAILABLE,connectomes_part_1.zip::atlas_4S456Parcels_region_labels,extracted 2026-09-23 (PROVENANCE txt),MAPPED_HIGH_CONFIDENCE
265,atlas_4S456Parcels,265,RH_SomMot_36,R,NOT_AVAILABLE,CORTEX,cortical parcel (somatomotor network),NOT_AVAILABLE,NOT_AVAILABLE,NOT_AVAILABLE,NOT_AVAILABLE,connectomes_part_1.zip::atlas_4S456Parcels_region_labels,extracted 2026-09-23 (PROVENANCE txt),MAPPED_HIGH_CONFIDENCE
266,atlas_4S456Parcels,266,RH_SomMot_37,R,NOT_AVAILABLE,CORTEX,cortical parcel (somatomotor network),NOT_AVAILABLE,NOT_AVAILABLE,NOT_AVAILABLE,NOT_AVAILABLE,connectomes_part_1.zip::atlas_4S456Parcels_region_labels,extracted 2026-09-23 (PROVENANCE txt),MAPPED_HIGH_CONFIDENCE
267,atlas_4S456Parcels,267,RH_SomMot_38,R,NOT_AVAILABLE,CORTEX,cortical parcel (somatomotor network),NOT_AVAILABLE,NOT_AVAILABLE,NOT_AVAILABLE,NOT_AVAILABLE,connectomes_part_1.zip::atlas_4S456Parcels_region_labels,extracted 2026-09-23 (PROVENANCE txt),MAPPED_HIGH_CONFIDENCE
268,atlas_4S456Parcels,268,RH_SomMot_39,R,NOT_AVAILABLE,CORTEX,cortical parcel (somatomotor network),NOT_AVAILABLE,NOT_AVAILABLE,NOT_AVAILABLE,NOT_AVAILABLE,connectomes_part_1.zip::atlas_4S456Parcels_region_labels,extracted 2026-09-23 (PROVENANCE txt),MAPPED_HIGH_CONFIDENCE
269,atlas_4S456Parcels,269,RH_SomMot_40,R,NOT_AVAILABLE,CORTEX,cortical parcel (somatomotor network),NOT_AVAILABLE,NOT_AVAILABLE,NOT_AVAILABLE,NOT_AVAILABLE,connectomes_part_1.zip::atlas_4S456Parcels_region_labels,extracted 2026-09-23 (PROVENANCE txt),MAPPED_HIGH_CONFIDENCE
270,atlas_4S456Parcels,270,RH_DorsAttn_Post_1,R,NOT_AVAILABLE,CORTEX,cortical parcel (dorsal attention network),NOT_AVAILABLE,NOT_AVAILABLE,NOT_AVAILABLE,NOT_AVAILABLE,connectomes_part_1.zip::atlas_4S456Parcels_region_labels,extracted 2026-09-23 (PROVENANCE txt),MAPPED_HIGH_CONFIDENCE
271,atlas_4S456Parcels,271,RH_DorsAttn_Post_2,R,NOT_AVAILABLE,CORTEX,cortical parcel (dorsal attention network),NOT_AVAILABLE,NOT_AVAILABLE,NOT_AVAILABLE,NOT_AVAILABLE,connectomes_part_1.zip::atlas_4S456Parcels_region_labels,extracted 2026-09-23 (PROVENANCE txt),MAPPED_HIGH_CONFIDENCE
272,atlas_4S456Parcels,272,RH_DorsAttn_Post_3,R,NOT_AVAILABLE,CORTEX,cortical parcel (dorsal attention network),NOT_AVAILABLE,NOT_AVAILABLE,NOT_AVAILABLE,NOT_AVAILABLE,connectomes_part_1.zip::atlas_4S456Parcels_region_labels,extracted 2026-09-23 (PROVENANCE txt),MAPPED_HIGH_CONFIDENCE
273,atlas_4S456Parcels,273,RH_DorsAttn_Post_4,R,NOT_AVAILABLE,CORTEX,cortical parcel (dorsal attention network),NOT_AVAILABLE,NOT_AVAILABLE,NOT_AVAILABLE,NOT_AVAILABLE,connectomes_part_1.zip::atlas_4S456Parcels_region_labels,extracted 2026-09-23 (PROVENANCE txt),MAPPED_HIGH_CONFIDENCE
274,atlas_4S456Parcels,274,RH_DorsAttn_Post_5,R,NOT_AVAILABLE,CORTEX,cortical parcel (dorsal attention network),NOT_AVAILABLE,NOT_AVAILABLE,NOT_AVAILABLE,NOT_AVAILABLE,connectomes_part_1.zip::atlas_4S456Parcels_region_labels,extracted 2026-09-23 (PROVENANCE txt),MAPPED_HIGH_CONFIDENCE
275,atlas_4S456Parcels,275,RH_DorsAttn_Post_6,R,NOT_AVAILABLE,CORTEX,cortical parcel (dorsal attention network),NOT_AVAILABLE,NOT_AVAILABLE,NOT_AVAILABLE,NOT_AVAILABLE,connectomes_part_1.zip::atlas_4S456Parcels_region_labels,extracted 2026-09-23 (PROVENANCE txt),MAPPED_HIGH_CONFIDENCE
276,atlas_4S456Parcels,276,RH_DorsAttn_Post_7,R,NOT_AVAILABLE,CORTEX,cortical parcel (dorsal attention network),NOT_AVAILABLE,NOT_AVAILABLE,NOT_AVAILABLE,NOT_AVAILABLE,connectomes_part_1.zip::atlas_4S456Parcels_region_labels,extracted 2026-09-23 (PROVENANCE txt),MAPPED_HIGH_CONFIDENCE
277,atlas_4S456Parcels,277,RH_DorsAttn_Post_8,R,NOT_AVAILABLE,CORTEX,cortical parcel (dorsal attention network),NOT_AVAILABLE,NOT_AVAILABLE,NOT_AVAILABLE,NOT_AVAILABLE,connectomes_part_1.zip::atlas_4S456Parcels_region_labels,extracted 2026-09-23 (PROVENANCE txt),MAPPED_HIGH_CONFIDENCE
278,atlas_4S456Parcels,278,RH_DorsAttn_Post_9,R,NOT_AVAILABLE,CORTEX,cortical parcel (dorsal attention network),NOT_AVAILABLE,NOT_AVAILABLE,NOT_AVAILABLE,NOT_AVAILABLE,connectomes_part_1.zip::atlas_4S456Parcels_region_labels,extracted 2026-09-23 (PROVENANCE txt),MAPPED_HIGH_CONFIDENCE
279,atlas_4S456Parcels,279,RH_DorsAttn_Post_10,R,NOT_AVAILABLE,CORTEX,cortical parcel (dorsal attention network),NOT_AVAILABLE,NOT_AVAILABLE,NOT_AVAILABLE,NOT_AVAILABLE,connectomes_part_1.zip::atlas_4S456Parcels_region_labels,extracted 2026-09-23 (PROVENANCE txt),MAPPED_HIGH_CONFIDENCE
280,atlas_4S456Parcels,280,RH_DorsAttn_Post_11,R,NOT_AVAILABLE,CORTEX,cortical parcel (dorsal attention network),NOT_AVAILABLE,NOT_AVAILABLE,NOT_AVAILABLE,NOT_AVAILABLE,connectomes_part_1.zip::atlas_4S456Parcels_region_labels,extracted 2026-09-23 (PROVENANCE txt),MAPPED_HIGH_CONFIDENCE
281,atlas_4S456Parcels,281,RH_DorsAttn_Post_12,R,NOT_AVAILABLE,CORTEX,cortical parcel (dorsal attention network),NOT_AVAILABLE,NOT_AVAILABLE,NOT_AVAILABLE,NOT_AVAILABLE,connectomes_part_1.zip::atlas_4S456Parcels_region_labels,extracted 2026-09-23 (PROVENANCE txt),MAPPED_HIGH_CONFIDENCE
282,atlas_4S456Parcels,282,RH_DorsAttn_Post_13,R,NOT_AVAILABLE,CORTEX,cortical parcel (dorsal attention network),NOT_AVAILABLE,NOT_AVAILABLE,NOT_AVAILABLE,NOT_AVAILABLE,connectomes_part_1.zip::atlas_4S456Parcels_region_labels,extracted 2026-09-23 (PROVENANCE txt),MAPPED_HIGH_CONFIDENCE
283,atlas_4S456Parcels,283,RH_DorsAttn_Post_14,R,NOT_AVAILABLE,CORTEX,cortical parcel (dorsal attention network),NOT_AVAILABLE,NOT_AVAILABLE,NOT_AVAILABLE,NOT_AVAILABLE,connectomes_part_1.zip::atlas_4S456Parcels_region_labels,extracted 2026-09-23 (PROVENANCE txt),MAPPED_HIGH_CONFIDENCE
284,atlas_4S456Parcels,284,RH_DorsAttn_Post_15,R,NOT_AVAILABLE,CORTEX,cortical parcel (dorsal attention network),NOT_AVAILABLE,NOT_AVAILABLE,NOT_AVAILABLE,NOT_AVAILABLE,connectomes_part_1.zip::atlas_4S456Parcels_region_labels,extracted 2026-09-23 (PROVENANCE txt),MAPPED_HIGH_CONFIDENCE
285,atlas_4S456Parcels,285,RH_DorsAttn_Post_16,R,NOT_AVAILABLE,CORTEX,cortical parcel (dorsal attention network),NOT_AVAILABLE,NOT_AVAILABLE,NOT_AVAILABLE,NOT_AVAILABLE,connectomes_part_1.zip::atlas_4S456Parcels_region_labels,extracted 2026-09-23 (PROVENANCE txt),MAPPED_HIGH_CONFIDENCE
286,atlas_4S456Parcels,286,RH_DorsAttn_Post_17,R,NOT_AVAILABLE,CORTEX,cortical parcel (dorsal attention network),NOT_AVAILABLE,NOT_AVAILABLE,NOT_AVAILABLE,NOT_AVAILABLE,connectomes_part_1.zip::atlas_4S456Parcels_region_labels,extracted 2026-09-23 (PROVENANCE txt),MAPPED_HIGH_CONFIDENCE
287,atlas_4S456Parcels,287,RH_DorsAttn_Post_18,R,NOT_AVAILABLE,CORTEX,cortical parcel (dorsal attention network),NOT_AVAILABLE,NOT_AVAILABLE,NOT_AVAILABLE,NOT_AVAILABLE,connectomes_part_1.zip::atlas_4S456Parcels_region_labels,extracted 2026-09-23 (PROVENANCE txt),MAPPED_HIGH_CONFIDENCE
288,atlas_4S456Parcels,288,RH_DorsAttn_Post_19,R,NOT_AVAILABLE,CORTEX,cortical parcel (dorsal attention network),NOT_AVAILABLE,NOT_AVAILABLE,NOT_AVAILABLE,NOT_AVAILABLE,connectomes_part_1.zip::atlas_4S456Parcels_region_labels,extracted 2026-09-23 (PROVENANCE txt),MAPPED_HIGH_CONFIDENCE
289,atlas_4S456Parcels,289,RH_DorsAttn_FEF_1,R,NOT_AVAILABLE,CORTEX,cortical parcel (dorsal attention network),NOT_AVAILABLE,NOT_AVAILABLE,NOT_AVAILABLE,NOT_AVAILABLE,connectomes_part_1.zip::atlas_4S456Parcels_region_labels,extracted 2026-09-23 (PROVENANCE txt),MAPPED_HIGH_CONFIDENCE
290,atlas_4S456Parcels,290,RH_DorsAttn_FEF_2,R,NOT_AVAILABLE,CORTEX,cortical parcel (dorsal attention network),NOT_AVAILABLE,NOT_AVAILABLE,NOT_AVAILABLE,NOT_AVAILABLE,connectomes_part_1.zip::atlas_4S456Parcels_region_labels,extracted 2026-09-23 (PROVENANCE txt),MAPPED_HIGH_CONFIDENCE
291,atlas_4S456Parcels,291,RH_DorsAttn_FEF_3,R,NOT_AVAILABLE,CORTEX,cortical parcel (dorsal attention network),NOT_AVAILABLE,NOT_AVAILABLE,NOT_AVAILABLE,NOT_AVAILABLE,connectomes_part_1.zip::atlas_4S456Parcels_region_labels,extracted 2026-09-23 (PROVENANCE txt),MAPPED_HIGH_CONFIDENCE
292,atlas_4S456Parcels,292,RH_DorsAttn_PrCv_1,R,NOT_AVAILABLE,CORTEX,cortical parcel (dorsal attention network),NOT_AVAILABLE,NOT_AVAILABLE,NOT_AVAILABLE,NOT_AVAILABLE,connectomes_part_1.zip::atlas_4S456Parcels_region_labels,extracted 2026-09-23 (PROVENANCE txt),MAPPED_HIGH_CONFIDENCE
293,atlas_4S456Parcels,293,RH_SalVentAttn_TempOccPar_1,R,NOT_AVAILABLE,CORTEX,cortical parcel (ventral attention/salience network),NOT_AVAILABLE,NOT_AVAILABLE,NOT_AVAILABLE,NOT_AVAILABLE,connectomes_part_1.zip::atlas_4S456Parcels_region_labels,extracted 2026-09-23 (PROVENANCE txt),MAPPED_HIGH_CONFIDENCE
294,atlas_4S456Parcels,294,RH_SalVentAttn_TempOccPar_2,R,NOT_AVAILABLE,CORTEX,cortical parcel (ventral attention/salience network),NOT_AVAILABLE,NOT_AVAILABLE,NOT_AVAILABLE,NOT_AVAILABLE,connectomes_part_1.zip::atlas_4S456Parcels_region_labels,extracted 2026-09-23 (PROVENANCE txt),MAPPED_HIGH_CONFIDENCE
295,atlas_4S456Parcels,295,RH_SalVentAttn_TempOccPar_3,R,NOT_AVAILABLE,CORTEX,cortical parcel (ventral attention/salience network),NOT_AVAILABLE,NOT_AVAILABLE,NOT_AVAILABLE,NOT_AVAILABLE,connectomes_part_1.zip::atlas_4S456Parcels_region_labels,extracted 2026-09-23 (PROVENANCE txt),MAPPED_HIGH_CONFIDENCE
296,atlas_4S456Parcels,296,RH_SalVentAttn_TempOccPar_4,R,NOT_AVAILABLE,CORTEX,cortical parcel (ventral attention/salience network),NOT_AVAILABLE,NOT_AVAILABLE,NOT_AVAILABLE,NOT_AVAILABLE,connectomes_part_1.zip::atlas_4S456Parcels_region_labels,extracted 2026-09-23 (PROVENANCE txt),MAPPED_HIGH_CONFIDENCE
297,atlas_4S456Parcels,297,RH_SalVentAttn_TempOccPar_5,R,NOT_AVAILABLE,CORTEX,cortical parcel (ventral attention/salience network),NOT_AVAILABLE,NOT_AVAILABLE,NOT_AVAILABLE,NOT_AVAILABLE,connectomes_part_1.zip::atlas_4S456Parcels_region_labels,extracted 2026-09-23 (PROVENANCE txt),MAPPED_HIGH_CONFIDENCE
298,atlas_4S456Parcels,298,RH_SalVentAttn_TempOccPar_6,R,NOT_AVAILABLE,CORTEX,cortical parcel (ventral attention/salience network),NOT_AVAILABLE,NOT_AVAILABLE,NOT_AVAILABLE,NOT_AVAILABLE,connectomes_part_1.zip::atlas_4S456Parcels_region_labels,extracted 2026-09-23 (PROVENANCE txt),MAPPED_HIGH_CONFIDENCE
299,atlas_4S456Parcels,299,RH_SalVentAttn_TempOccPar_7,R,NOT_AVAILABLE,CORTEX,cortical parcel (ventral attention/salience network),NOT_AVAILABLE,NOT_AVAILABLE,NOT_AVAILABLE,NOT_AVAILABLE,connectomes_part_1.zip::atlas_4S456Parcels_region_labels,extracted 2026-09-23 (PROVENANCE txt),MAPPED_HIGH_CONFIDENCE
300,atlas_4S456Parcels,300,RH_SalVentAttn_PrC_1,R,NOT_AVAILABLE,CORTEX,cortical parcel (ventral attention/salience network),NOT_AVAILABLE,NOT_AVAILABLE,NOT_AVAILABLE,NOT_AVAILABLE,connectomes_part_1.zip::atlas_4S456Parcels_region_labels,extracted 2026-09-23 (PROVENANCE txt),MAPPED_HIGH_CONFIDENCE
301,atlas_4S456Parcels,301,RH_SalVentAttn_FrOperIns_1,R,NOT_AVAILABLE,CORTEX,cortical parcel (ventral attention/salience network),NOT_AVAILABLE,NOT_AVAILABLE,NOT_AVAILABLE,NOT_AVAILABLE,connectomes_part_1.zip::atlas_4S456Parcels_region_labels,extracted 2026-09-23 (PROVENANCE txt),MAPPED_HIGH_CONFIDENCE
302,atlas_4S456Parcels,302,RH_SalVentAttn_FrOperIns_2,R,NOT_AVAILABLE,CORTEX,cortical parcel (ventral attention/salience network),NOT_AVAILABLE,NOT_AVAILABLE,NOT_AVAILABLE,NOT_AVAILABLE,connectomes_part_1.zip::atlas_4S456Parcels_region_labels,extracted 2026-09-23 (PROVENANCE txt),MAPPED_HIGH_CONFIDENCE
303,atlas_4S456Parcels,303,RH_SalVentAttn_FrOperIns_3,R,NOT_AVAILABLE,CORTEX,cortical parcel (ventral attention/salience network),NOT_AVAILABLE,NOT_AVAILABLE,NOT_AVAILABLE,NOT_AVAILABLE,connectomes_part_1.zip::atlas_4S456Parcels_region_labels,extracted 2026-09-23 (PROVENANCE txt),MAPPED_HIGH_CONFIDENCE
304,atlas_4S456Parcels,304,RH_SalVentAttn_FrOperIns_4,R,NOT_AVAILABLE,CORTEX,cortical parcel (ventral attention/salience network),NOT_AVAILABLE,NOT_AVAILABLE,NOT_AVAILABLE,NOT_AVAILABLE,connectomes_part_1.zip::atlas_4S456Parcels_region_labels,extracted 2026-09-23 (PROVENANCE txt),MAPPED_HIGH_CONFIDENCE
305,atlas_4S456Parcels,305,RH_SalVentAttn_FrOperIns_5,R,NOT_AVAILABLE,CORTEX,cortical parcel (ventral attention/salience network),NOT_AVAILABLE,NOT_AVAILABLE,NOT_AVAILABLE,NOT_AVAILABLE,connectomes_part_1.zip::atlas_4S456Parcels_region_labels,extracted 2026-09-23 (PROVENANCE txt),MAPPED_HIGH_CONFIDENCE
306,atlas_4S456Parcels,306,RH_SalVentAttn_FrOperIns_6,R,NOT_AVAILABLE,CORTEX,cortical parcel (ventral attention/salience network),NOT_AVAILABLE,NOT_AVAILABLE,NOT_AVAILABLE,NOT_AVAILABLE,connectomes_part_1.zip::atlas_4S456Parcels_region_labels,extracted 2026-09-23 (PROVENANCE txt),MAPPED_HIGH_CONFIDENCE
307,atlas_4S456Parcels,307,RH_SalVentAttn_FrOperIns_7,R,NOT_AVAILABLE,CORTEX,cortical parcel (ventral attention/salience network),NOT_AVAILABLE,NOT_AVAILABLE,NOT_AVAILABLE,NOT_AVAILABLE,connectomes_part_1.zip::atlas_4S456Parcels_region_labels,extracted 2026-09-23 (PROVENANCE txt),MAPPED_HIGH_CONFIDENCE
308,atlas_4S456Parcels,308,RH_SalVentAttn_FrOperIns_8,R,NOT_AVAILABLE,CORTEX,cortical parcel (ventral attention/salience network),NOT_AVAILABLE,NOT_AVAILABLE,NOT_AVAILABLE,NOT_AVAILABLE,connectomes_part_1.zip::atlas_4S456Parcels_region_labels,extracted 2026-09-23 (PROVENANCE txt),MAPPED_HIGH_CONFIDENCE
309,atlas_4S456Parcels,309,RH_SalVentAttn_PFCl_1,R,NOT_AVAILABLE,CORTEX,cortical parcel (ventral attention/salience network),NOT_AVAILABLE,NOT_AVAILABLE,NOT_AVAILABLE,NOT_AVAILABLE,connectomes_part_1.zip::atlas_4S456Parcels_region_labels,extracted 2026-09-23 (PROVENANCE txt),MAPPED_HIGH_CONFIDENCE
310,atlas_4S456Parcels,310,RH_SalVentAttn_Med_1,R,NOT_AVAILABLE,CORTEX,cortical parcel (ventral attention/salience network),NOT_AVAILABLE,NOT_AVAILABLE,NOT_AVAILABLE,NOT_AVAILABLE,connectomes_part_1.zip::atlas_4S456Parcels_region_labels,extracted 2026-09-23 (PROVENANCE txt),MAPPED_HIGH_CONFIDENCE
311,atlas_4S456Parcels,311,RH_SalVentAttn_Med_2,R,NOT_AVAILABLE,CORTEX,cortical parcel (ventral attention/salience network),NOT_AVAILABLE,NOT_AVAILABLE,NOT_AVAILABLE,NOT_AVAILABLE,connectomes_part_1.zip::atlas_4S456Parcels_region_labels,extracted 2026-09-23 (PROVENANCE txt),MAPPED_HIGH_CONFIDENCE
312,atlas_4S456Parcels,312,RH_SalVentAttn_Med_3,R,NOT_AVAILABLE,CORTEX,cortical parcel (ventral attention/salience network),NOT_AVAILABLE,NOT_AVAILABLE,NOT_AVAILABLE,NOT_AVAILABLE,connectomes_part_1.zip::atlas_4S456Parcels_region_labels,extracted 2026-09-23 (PROVENANCE txt),MAPPED_HIGH_CONFIDENCE
313,atlas_4S456Parcels,313,RH_SalVentAttn_Med_4,R,NOT_AVAILABLE,CORTEX,cortical parcel (ventral attention/salience network),NOT_AVAILABLE,NOT_AVAILABLE,NOT_AVAILABLE,NOT_AVAILABLE,connectomes_part_1.zip::atlas_4S456Parcels_region_labels,extracted 2026-09-23 (PROVENANCE txt),MAPPED_HIGH_CONFIDENCE
314,atlas_4S456Parcels,314,RH_SalVentAttn_Med_5,R,NOT_AVAILABLE,CORTEX,cortical parcel (ventral attention/salience network),NOT_AVAILABLE,NOT_AVAILABLE,NOT_AVAILABLE,NOT_AVAILABLE,connectomes_part_1.zip::atlas_4S456Parcels_region_labels,extracted 2026-09-23 (PROVENANCE txt),MAPPED_HIGH_CONFIDENCE
315,atlas_4S456Parcels,315,RH_SalVentAttn_Med_6,R,NOT_AVAILABLE,CORTEX,cortical parcel (ventral attention/salience network),NOT_AVAILABLE,NOT_AVAILABLE,NOT_AVAILABLE,NOT_AVAILABLE,connectomes_part_1.zip::atlas_4S456Parcels_region_labels,extracted 2026-09-23 (PROVENANCE txt),MAPPED_HIGH_CONFIDENCE
316,atlas_4S456Parcels,316,RH_SalVentAttn_Med_7,R,NOT_AVAILABLE,CORTEX,cortical parcel (ventral attention/salience network),NOT_AVAILABLE,NOT_AVAILABLE,NOT_AVAILABLE,NOT_AVAILABLE,connectomes_part_1.zip::atlas_4S456Parcels_region_labels,extracted 2026-09-23 (PROVENANCE txt),MAPPED_HIGH_CONFIDENCE
317,atlas_4S456Parcels,317,RH_SalVentAttn_Med_8,R,NOT_AVAILABLE,CORTEX,cortical parcel (ventral attention/salience network),NOT_AVAILABLE,NOT_AVAILABLE,NOT_AVAILABLE,NOT_AVAILABLE,connectomes_part_1.zip::atlas_4S456Parcels_region_labels,extracted 2026-09-23 (PROVENANCE txt),MAPPED_HIGH_CONFIDENCE
318,atlas_4S456Parcels,318,RH_Limbic_OFC_1,R,NOT_AVAILABLE,CORTEX,cortical parcel (limbic network),NOT_AVAILABLE,NOT_AVAILABLE,NOT_AVAILABLE,NOT_AVAILABLE,connectomes_part_1.zip::atlas_4S456Parcels_region_labels,extracted 2026-09-23 (PROVENANCE txt),MAPPED_HIGH_CONFIDENCE
319,atlas_4S456Parcels,319,RH_Limbic_OFC_2,R,NOT_AVAILABLE,CORTEX,cortical parcel (limbic network),NOT_AVAILABLE,NOT_AVAILABLE,NOT_AVAILABLE,NOT_AVAILABLE,connectomes_part_1.zip::atlas_4S456Parcels_region_labels,extracted 2026-09-23 (PROVENANCE txt),MAPPED_HIGH_CONFIDENCE
320,atlas_4S456Parcels,320,RH_Limbic_OFC_3,R,NOT_AVAILABLE,CORTEX,cortical parcel (limbic network),NOT_AVAILABLE,NOT_AVAILABLE,NOT_AVAILABLE,NOT_AVAILABLE,connectomes_part_1.zip::atlas_4S456Parcels_region_labels,extracted 2026-09-23 (PROVENANCE txt),MAPPED_HIGH_CONFIDENCE
321,atlas_4S456Parcels,321,RH_Limbic_OFC_4,R,NOT_AVAILABLE,CORTEX,cortical parcel (limbic network),NOT_AVAILABLE,NOT_AVAILABLE,NOT_AVAILABLE,NOT_AVAILABLE,connectomes_part_1.zip::atlas_4S456Parcels_region_labels,extracted 2026-09-23 (PROVENANCE txt),MAPPED_HIGH_CONFIDENCE
322,atlas_4S456Parcels,322,RH_Limbic_OFC_5,R,NOT_AVAILABLE,CORTEX,cortical parcel (limbic network),NOT_AVAILABLE,NOT_AVAILABLE,NOT_AVAILABLE,NOT_AVAILABLE,connectomes_part_1.zip::atlas_4S456Parcels_region_labels,extracted 2026-09-23 (PROVENANCE txt),MAPPED_HIGH_CONFIDENCE
323,atlas_4S456Parcels,323,RH_Limbic_OFC_6,R,NOT_AVAILABLE,CORTEX,cortical parcel (limbic network),NOT_AVAILABLE,NOT_AVAILABLE,NOT_AVAILABLE,NOT_AVAILABLE,connectomes_part_1.zip::atlas_4S456Parcels_region_labels,extracted 2026-09-23 (PROVENANCE txt),MAPPED_HIGH_CONFIDENCE
324,atlas_4S456Parcels,324,RH_Limbic_TempPole_1,R,NOT_AVAILABLE,CORTEX,cortical parcel (limbic network),NOT_AVAILABLE,NOT_AVAILABLE,NOT_AVAILABLE,NOT_AVAILABLE,connectomes_part_1.zip::atlas_4S456Parcels_region_labels,extracted 2026-09-23 (PROVENANCE txt),MAPPED_HIGH_CONFIDENCE
325,atlas_4S456Parcels,325,RH_Limbic_TempPole_2,R,NOT_AVAILABLE,CORTEX,cortical parcel (limbic network),NOT_AVAILABLE,NOT_AVAILABLE,NOT_AVAILABLE,NOT_AVAILABLE,connectomes_part_1.zip::atlas_4S456Parcels_region_labels,extracted 2026-09-23 (PROVENANCE txt),MAPPED_HIGH_CONFIDENCE
326,atlas_4S456Parcels,326,RH_Limbic_TempPole_3,R,NOT_AVAILABLE,CORTEX,cortical parcel (limbic network),NOT_AVAILABLE,NOT_AVAILABLE,NOT_AVAILABLE,NOT_AVAILABLE,connectomes_part_1.zip::atlas_4S456Parcels_region_labels,extracted 2026-09-23 (PROVENANCE txt),MAPPED_HIGH_CONFIDENCE
327,atlas_4S456Parcels,327,RH_Limbic_TempPole_4,R,NOT_AVAILABLE,CORTEX,cortical parcel (limbic network),NOT_AVAILABLE,NOT_AVAILABLE,NOT_AVAILABLE,NOT_AVAILABLE,connectomes_part_1.zip::atlas_4S456Parcels_region_labels,extracted 2026-09-23 (PROVENANCE txt),MAPPED_HIGH_CONFIDENCE
328,atlas_4S456Parcels,328,RH_Limbic_TempPole_5,R,NOT_AVAILABLE,CORTEX,cortical parcel (limbic network),NOT_AVAILABLE,NOT_AVAILABLE,NOT_AVAILABLE,NOT_AVAILABLE,connectomes_part_1.zip::atlas_4S456Parcels_region_labels,extracted 2026-09-23 (PROVENANCE txt),MAPPED_HIGH_CONFIDENCE
329,atlas_4S456Parcels,329,RH_Limbic_TempPole_6,R,NOT_AVAILABLE,CORTEX,cortical parcel (limbic network),NOT_AVAILABLE,NOT_AVAILABLE,NOT_AVAILABLE,NOT_AVAILABLE,connectomes_part_1.zip::atlas_4S456Parcels_region_labels,extracted 2026-09-23 (PROVENANCE txt),MAPPED_HIGH_CONFIDENCE
330,atlas_4S456Parcels,330,RH_Limbic_TempPole_7,R,NOT_AVAILABLE,CORTEX,cortical parcel (limbic network),NOT_AVAILABLE,NOT_AVAILABLE,NOT_AVAILABLE,NOT_AVAILABLE,connectomes_part_1.zip::atlas_4S456Parcels_region_labels,extracted 2026-09-23 (PROVENANCE txt),MAPPED_HIGH_CONFIDENCE
331,atlas_4S456Parcels,331,RH_Cont_Par_1,R,NOT_AVAILABLE,CORTEX,cortical parcel (frontoparietal control network),NOT_AVAILABLE,NOT_AVAILABLE,NOT_AVAILABLE,NOT_AVAILABLE,connectomes_part_1.zip::atlas_4S456Parcels_region_labels,extracted 2026-09-23 (PROVENANCE txt),MAPPED_HIGH_CONFIDENCE
332,atlas_4S456Parcels,332,RH_Cont_Par_2,R,NOT_AVAILABLE,CORTEX,cortical parcel (frontoparietal control network),NOT_AVAILABLE,NOT_AVAILABLE,NOT_AVAILABLE,NOT_AVAILABLE,connectomes_part_1.zip::atlas_4S456Parcels_region_labels,extracted 2026-09-23 (PROVENANCE txt),MAPPED_HIGH_CONFIDENCE
333,atlas_4S456Parcels,333,RH_Cont_Par_3,R,NOT_AVAILABLE,CORTEX,cortical parcel (frontoparietal control network),NOT_AVAILABLE,NOT_AVAILABLE,NOT_AVAILABLE,NOT_AVAILABLE,connectomes_part_1.zip::atlas_4S456Parcels_region_labels,extracted 2026-09-23 (PROVENANCE txt),MAPPED_HIGH_CONFIDENCE
334,atlas_4S456Parcels,334,RH_Cont_Par_4,R,NOT_AVAILABLE,CORTEX,cortical parcel (frontoparietal control network),NOT_AVAILABLE,NOT_AVAILABLE,NOT_AVAILABLE,NOT_AVAILABLE,connectomes_part_1.zip::atlas_4S456Parcels_region_labels,extracted 2026-09-23 (PROVENANCE txt),MAPPED_HIGH_CONFIDENCE
335,atlas_4S456Parcels,335,RH_Cont_Par_5,R,NOT_AVAILABLE,CORTEX,cortical parcel (frontoparietal control network),NOT_AVAILABLE,NOT_AVAILABLE,NOT_AVAILABLE,NOT_AVAILABLE,connectomes_part_1.zip::atlas_4S456Parcels_region_labels,extracted 2026-09-23 (PROVENANCE txt),MAPPED_HIGH_CONFIDENCE
336,atlas_4S456Parcels,336,RH_Cont_Par_6,R,NOT_AVAILABLE,CORTEX,cortical parcel (frontoparietal control network),NOT_AVAILABLE,NOT_AVAILABLE,NOT_AVAILABLE,NOT_AVAILABLE,connectomes_part_1.zip::atlas_4S456Parcels_region_labels,extracted 2026-09-23 (PROVENANCE txt),MAPPED_HIGH_CONFIDENCE
337,atlas_4S456Parcels,337,RH_Cont_Temp_1,R,NOT_AVAILABLE,CORTEX,cortical parcel (frontoparietal control network),NOT_AVAILABLE,NOT_AVAILABLE,NOT_AVAILABLE,NOT_AVAILABLE,connectomes_part_1.zip::atlas_4S456Parcels_region_labels,extracted 2026-09-23 (PROVENANCE txt),MAPPED_HIGH_CONFIDENCE
338,atlas_4S456Parcels,338,RH_Cont_Temp_2,R,NOT_AVAILABLE,CORTEX,cortical parcel (frontoparietal control network),NOT_AVAILABLE,NOT_AVAILABLE,NOT_AVAILABLE,NOT_AVAILABLE,connectomes_part_1.zip::atlas_4S456Parcels_region_labels,extracted 2026-09-23 (PROVENANCE txt),MAPPED_HIGH_CONFIDENCE
339,atlas_4S456Parcels,339,RH_Cont_PFCv_1,R,NOT_AVAILABLE,CORTEX,cortical parcel (frontoparietal control network),NOT_AVAILABLE,NOT_AVAILABLE,NOT_AVAILABLE,NOT_AVAILABLE,connectomes_part_1.zip::atlas_4S456Parcels_region_labels,extracted 2026-09-23 (PROVENANCE txt),MAPPED_HIGH_CONFIDENCE
340,atlas_4S456Parcels,340,RH_Cont_PFCl_1,R,NOT_AVAILABLE,CORTEX,cortical parcel (frontoparietal control network),NOT_AVAILABLE,NOT_AVAILABLE,NOT_AVAILABLE,NOT_AVAILABLE,connectomes_part_1.zip::atlas_4S456Parcels_region_labels,extracted 2026-09-23 (PROVENANCE txt),MAPPED_HIGH_CONFIDENCE
341,atlas_4S456Parcels,341,RH_Cont_PFCl_2,R,NOT_AVAILABLE,CORTEX,cortical parcel (frontoparietal control network),NOT_AVAILABLE,NOT_AVAILABLE,NOT_AVAILABLE,NOT_AVAILABLE,connectomes_part_1.zip::atlas_4S456Parcels_region_labels,extracted 2026-09-23 (PROVENANCE txt),MAPPED_HIGH_CONFIDENCE
342,atlas_4S456Parcels,342,RH_Cont_PFCl_3,R,NOT_AVAILABLE,CORTEX,cortical parcel (frontoparietal control network),NOT_AVAILABLE,NOT_AVAILABLE,NOT_AVAILABLE,NOT_AVAILABLE,connectomes_part_1.zip::atlas_4S456Parcels_region_labels,extracted 2026-09-23 (PROVENANCE txt),MAPPED_HIGH_CONFIDENCE
343,atlas_4S456Parcels,343,RH_Cont_PFCl_4,R,NOT_AVAILABLE,CORTEX,cortical parcel (frontoparietal control network),NOT_AVAILABLE,NOT_AVAILABLE,NOT_AVAILABLE,NOT_AVAILABLE,connectomes_part_1.zip::atlas_4S456Parcels_region_labels,extracted 2026-09-23 (PROVENANCE txt),MAPPED_HIGH_CONFIDENCE
344,atlas_4S456Parcels,344,RH_Cont_PFCl_5,R,NOT_AVAILABLE,CORTEX,cortical parcel (frontoparietal control network),NOT_AVAILABLE,NOT_AVAILABLE,NOT_AVAILABLE,NOT_AVAILABLE,connectomes_part_1.zip::atlas_4S456Parcels_region_labels,extracted 2026-09-23 (PROVENANCE txt),MAPPED_HIGH_CONFIDENCE
345,atlas_4S456Parcels,345,RH_Cont_PFCl_6,R,NOT_AVAILABLE,CORTEX,cortical parcel (frontoparietal control network),NOT_AVAILABLE,NOT_AVAILABLE,NOT_AVAILABLE,NOT_AVAILABLE,connectomes_part_1.zip::atlas_4S456Parcels_region_labels,extracted 2026-09-23 (PROVENANCE txt),MAPPED_HIGH_CONFIDENCE
346,atlas_4S456Parcels,346,RH_Cont_PFCl_7,R,NOT_AVAILABLE,CORTEX,cortical parcel (frontoparietal control network),NOT_AVAILABLE,NOT_AVAILABLE,NOT_AVAILABLE,NOT_AVAILABLE,connectomes_part_1.zip::atlas_4S456Parcels_region_labels,extracted 2026-09-23 (PROVENANCE txt),MAPPED_HIGH_CONFIDENCE
347,atlas_4S456Parcels,347,RH_Cont_PFCl_8,R,NOT_AVAILABLE,CORTEX,cortical parcel (frontoparietal control network),NOT_AVAILABLE,NOT_AVAILABLE,NOT_AVAILABLE,NOT_AVAILABLE,connectomes_part_1.zip::atlas_4S456Parcels_region_labels,extracted 2026-09-23 (PROVENANCE txt),MAPPED_HIGH_CONFIDENCE
348,atlas_4S456Parcels,348,RH_Cont_PFCl_9,R,NOT_AVAILABLE,CORTEX,cortical parcel (frontoparietal control network),NOT_AVAILABLE,NOT_AVAILABLE,NOT_AVAILABLE,NOT_AVAILABLE,connectomes_part_1.zip::atlas_4S456Parcels_region_labels,extracted 2026-09-23 (PROVENANCE txt),MAPPED_HIGH_CONFIDENCE
349,atlas_4S456Parcels,349,RH_Cont_PFCl_10,R,NOT_AVAILABLE,CORTEX,cortical parcel (frontoparietal control network),NOT_AVAILABLE,NOT_AVAILABLE,NOT_AVAILABLE,NOT_AVAILABLE,connectomes_part_1.zip::atlas_4S456Parcels_region_labels,extracted 2026-09-23 (PROVENANCE txt),MAPPED_HIGH_CONFIDENCE
350,atlas_4S456Parcels,350,RH_Cont_PFCl_11,R,NOT_AVAILABLE,CORTEX,cortical parcel (frontoparietal control network),NOT_AVAILABLE,NOT_AVAILABLE,NOT_AVAILABLE,NOT_AVAILABLE,connectomes_part_1.zip::atlas_4S456Parcels_region_labels,extracted 2026-09-23 (PROVENANCE txt),MAPPED_HIGH_CONFIDENCE
351,atlas_4S456Parcels,351,RH_Cont_PFCl_12,R,NOT_AVAILABLE,CORTEX,cortical parcel (frontoparietal control network),NOT_AVAILABLE,NOT_AVAILABLE,NOT_AVAILABLE,NOT_AVAILABLE,connectomes_part_1.zip::atlas_4S456Parcels_region_labels,extracted 2026-09-23 (PROVENANCE txt),MAPPED_HIGH_CONFIDENCE
352,atlas_4S456Parcels,352,RH_Cont_PFCl_13,R,NOT_AVAILABLE,CORTEX,cortical parcel (frontoparietal control network),NOT_AVAILABLE,NOT_AVAILABLE,NOT_AVAILABLE,NOT_AVAILABLE,connectomes_part_1.zip::atlas_4S456Parcels_region_labels,extracted 2026-09-23 (PROVENANCE txt),MAPPED_HIGH_CONFIDENCE
353,atlas_4S456Parcels,353,RH_Cont_PFCl_14,R,NOT_AVAILABLE,CORTEX,cortical parcel (frontoparietal control network),NOT_AVAILABLE,NOT_AVAILABLE,NOT_AVAILABLE,NOT_AVAILABLE,connectomes_part_1.zip::atlas_4S456Parcels_region_labels,extracted 2026-09-23 (PROVENANCE txt),MAPPED_HIGH_CONFIDENCE
354,atlas_4S456Parcels,354,RH_Cont_PFCl_15,R,NOT_AVAILABLE,CORTEX,cortical parcel (frontoparietal control network),NOT_AVAILABLE,NOT_AVAILABLE,NOT_AVAILABLE,NOT_AVAILABLE,connectomes_part_1.zip::atlas_4S456Parcels_region_labels,extracted 2026-09-23 (PROVENANCE txt),MAPPED_HIGH_CONFIDENCE
355,atlas_4S456Parcels,355,RH_Cont_pCun_1,R,NOT_AVAILABLE,CORTEX,cortical parcel (frontoparietal control network),NOT_AVAILABLE,NOT_AVAILABLE,NOT_AVAILABLE,NOT_AVAILABLE,connectomes_part_1.zip::atlas_4S456Parcels_region_labels,extracted 2026-09-23 (PROVENANCE txt),MAPPED_HIGH_CONFIDENCE
356,atlas_4S456Parcels,356,RH_Cont_pCun_2,R,NOT_AVAILABLE,CORTEX,cortical parcel (frontoparietal control network),NOT_AVAILABLE,NOT_AVAILABLE,NOT_AVAILABLE,NOT_AVAILABLE,connectomes_part_1.zip::atlas_4S456Parcels_region_labels,extracted 2026-09-23 (PROVENANCE txt),MAPPED_HIGH_CONFIDENCE
357,atlas_4S456Parcels,357,RH_Cont_Cing_1,R,NOT_AVAILABLE,CORTEX,cortical parcel (frontoparietal control network),NOT_AVAILABLE,NOT_AVAILABLE,NOT_AVAILABLE,NOT_AVAILABLE,connectomes_part_1.zip::atlas_4S456Parcels_region_labels,extracted 2026-09-23 (PROVENANCE txt),MAPPED_HIGH_CONFIDENCE
358,atlas_4S456Parcels,358,RH_Cont_Cing_2,R,NOT_AVAILABLE,CORTEX,cortical parcel (frontoparietal control network),NOT_AVAILABLE,NOT_AVAILABLE,NOT_AVAILABLE,NOT_AVAILABLE,connectomes_part_1.zip::atlas_4S456Parcels_region_labels,extracted 2026-09-23 (PROVENANCE txt),MAPPED_HIGH_CONFIDENCE
359,atlas_4S456Parcels,359,RH_Cont_PFCmp_1,R,NOT_AVAILABLE,CORTEX,cortical parcel (frontoparietal control network),NOT_AVAILABLE,NOT_AVAILABLE,NOT_AVAILABLE,NOT_AVAILABLE,connectomes_part_1.zip::atlas_4S456Parcels_region_labels,extracted 2026-09-23 (PROVENANCE txt),MAPPED_HIGH_CONFIDENCE
360,atlas_4S456Parcels,360,RH_Cont_PFCmp_2,R,NOT_AVAILABLE,CORTEX,cortical parcel (frontoparietal control network),NOT_AVAILABLE,NOT_AVAILABLE,NOT_AVAILABLE,NOT_AVAILABLE,connectomes_part_1.zip::atlas_4S456Parcels_region_labels,extracted 2026-09-23 (PROVENANCE txt),MAPPED_HIGH_CONFIDENCE
361,atlas_4S456Parcels,361,RH_Default_Par_1,R,NOT_AVAILABLE,CORTEX,cortical parcel (default mode network),NOT_AVAILABLE,NOT_AVAILABLE,NOT_AVAILABLE,NOT_AVAILABLE,connectomes_part_1.zip::atlas_4S456Parcels_region_labels,extracted 2026-09-23 (PROVENANCE txt),MAPPED_HIGH_CONFIDENCE
362,atlas_4S456Parcels,362,RH_Default_Par_2,R,NOT_AVAILABLE,CORTEX,cortical parcel (default mode network),NOT_AVAILABLE,NOT_AVAILABLE,NOT_AVAILABLE,NOT_AVAILABLE,connectomes_part_1.zip::atlas_4S456Parcels_region_labels,extracted 2026-09-23 (PROVENANCE txt),MAPPED_HIGH_CONFIDENCE
363,atlas_4S456Parcels,363,RH_Default_Par_3,R,NOT_AVAILABLE,CORTEX,cortical parcel (default mode network),NOT_AVAILABLE,NOT_AVAILABLE,NOT_AVAILABLE,NOT_AVAILABLE,connectomes_part_1.zip::atlas_4S456Parcels_region_labels,extracted 2026-09-23 (PROVENANCE txt),MAPPED_HIGH_CONFIDENCE
364,atlas_4S456Parcels,364,RH_Default_Par_4,R,NOT_AVAILABLE,CORTEX,cortical parcel (default mode network),NOT_AVAILABLE,NOT_AVAILABLE,NOT_AVAILABLE,NOT_AVAILABLE,connectomes_part_1.zip::atlas_4S456Parcels_region_labels,extracted 2026-09-23 (PROVENANCE txt),MAPPED_HIGH_CONFIDENCE
365,atlas_4S456Parcels,365,RH_Default_Par_5,R,NOT_AVAILABLE,CORTEX,cortical parcel (default mode network),NOT_AVAILABLE,NOT_AVAILABLE,NOT_AVAILABLE,NOT_AVAILABLE,connectomes_part_1.zip::atlas_4S456Parcels_region_labels,extracted 2026-09-23 (PROVENANCE txt),MAPPED_HIGH_CONFIDENCE
366,atlas_4S456Parcels,366,RH_Default_Temp_1,R,NOT_AVAILABLE,CORTEX,cortical parcel (default mode network),NOT_AVAILABLE,NOT_AVAILABLE,NOT_AVAILABLE,NOT_AVAILABLE,connectomes_part_1.zip::atlas_4S456Parcels_region_labels,extracted 2026-09-23 (PROVENANCE txt),MAPPED_HIGH_CONFIDENCE
367,atlas_4S456Parcels,367,RH_Default_Temp_2,R,NOT_AVAILABLE,CORTEX,cortical parcel (default mode network),NOT_AVAILABLE,NOT_AVAILABLE,NOT_AVAILABLE,NOT_AVAILABLE,connectomes_part_1.zip::atlas_4S456Parcels_region_labels,extracted 2026-09-23 (PROVENANCE txt),MAPPED_HIGH_CONFIDENCE
368,atlas_4S456Parcels,368,RH_Default_Temp_3,R,NOT_AVAILABLE,CORTEX,cortical parcel (default mode network),NOT_AVAILABLE,NOT_AVAILABLE,NOT_AVAILABLE,NOT_AVAILABLE,connectomes_part_1.zip::atlas_4S456Parcels_region_labels,extracted 2026-09-23 (PROVENANCE txt),MAPPED_HIGH_CONFIDENCE
369,atlas_4S456Parcels,369,RH_Default_Temp_4,R,NOT_AVAILABLE,CORTEX,cortical parcel (default mode network),NOT_AVAILABLE,NOT_AVAILABLE,NOT_AVAILABLE,NOT_AVAILABLE,connectomes_part_1.zip::atlas_4S456Parcels_region_labels,extracted 2026-09-23 (PROVENANCE txt),MAPPED_HIGH_CONFIDENCE
370,atlas_4S456Parcels,370,RH_Default_Temp_5,R,NOT_AVAILABLE,CORTEX,cortical parcel (default mode network),NOT_AVAILABLE,NOT_AVAILABLE,NOT_AVAILABLE,NOT_AVAILABLE,connectomes_part_1.zip::atlas_4S456Parcels_region_labels,extracted 2026-09-23 (PROVENANCE txt),MAPPED_HIGH_CONFIDENCE
371,atlas_4S456Parcels,371,RH_Default_Temp_6,R,NOT_AVAILABLE,CORTEX,cortical parcel (default mode network),NOT_AVAILABLE,NOT_AVAILABLE,NOT_AVAILABLE,NOT_AVAILABLE,connectomes_part_1.zip::atlas_4S456Parcels_region_labels,extracted 2026-09-23 (PROVENANCE txt),MAPPED_HIGH_CONFIDENCE
372,atlas_4S456Parcels,372,RH_Default_Temp_7,R,NOT_AVAILABLE,CORTEX,cortical parcel (default mode network),NOT_AVAILABLE,NOT_AVAILABLE,NOT_AVAILABLE,NOT_AVAILABLE,connectomes_part_1.zip::atlas_4S456Parcels_region_labels,extracted 2026-09-23 (PROVENANCE txt),MAPPED_HIGH_CONFIDENCE
373,atlas_4S456Parcels,373,RH_Default_Temp_8,R,NOT_AVAILABLE,CORTEX,cortical parcel (default mode network),NOT_AVAILABLE,NOT_AVAILABLE,NOT_AVAILABLE,NOT_AVAILABLE,connectomes_part_1.zip::atlas_4S456Parcels_region_labels,extracted 2026-09-23 (PROVENANCE txt),MAPPED_HIGH_CONFIDENCE
374,atlas_4S456Parcels,374,RH_Default_PFCv_1,R,NOT_AVAILABLE,CORTEX,cortical parcel (default mode network),NOT_AVAILABLE,NOT_AVAILABLE,NOT_AVAILABLE,NOT_AVAILABLE,connectomes_part_1.zip::atlas_4S456Parcels_region_labels,extracted 2026-09-23 (PROVENANCE txt),MAPPED_HIGH_CONFIDENCE
375,atlas_4S456Parcels,375,RH_Default_PFCv_2,R,NOT_AVAILABLE,CORTEX,cortical parcel (default mode network),NOT_AVAILABLE,NOT_AVAILABLE,NOT_AVAILABLE,NOT_AVAILABLE,connectomes_part_1.zip::atlas_4S456Parcels_region_labels,extracted 2026-09-23 (PROVENANCE txt),MAPPED_HIGH_CONFIDENCE
376,atlas_4S456Parcels,376,RH_Default_PFCv_3,R,NOT_AVAILABLE,CORTEX,cortical parcel (default mode network),NOT_AVAILABLE,NOT_AVAILABLE,NOT_AVAILABLE,NOT_AVAILABLE,connectomes_part_1.zip::atlas_4S456Parcels_region_labels,extracted 2026-09-23 (PROVENANCE txt),MAPPED_HIGH_CONFIDENCE
377,atlas_4S456Parcels,377,RH_Default_PFCv_4,R,NOT_AVAILABLE,CORTEX,cortical parcel (default mode network),NOT_AVAILABLE,NOT_AVAILABLE,NOT_AVAILABLE,NOT_AVAILABLE,connectomes_part_1.zip::atlas_4S456Parcels_region_labels,extracted 2026-09-23 (PROVENANCE txt),MAPPED_HIGH_CONFIDENCE
378,atlas_4S456Parcels,378,RH_Default_PFCdPFCm_1,R,NOT_AVAILABLE,CORTEX,cortical parcel (default mode network),NOT_AVAILABLE,NOT_AVAILABLE,NOT_AVAILABLE,NOT_AVAILABLE,connectomes_part_1.zip::atlas_4S456Parcels_region_labels,extracted 2026-09-23 (PROVENANCE txt),MAPPED_HIGH_CONFIDENCE
379,atlas_4S456Parcels,379,RH_Default_PFCdPFCm_2,R,NOT_AVAILABLE,CORTEX,cortical parcel (default mode network),NOT_AVAILABLE,NOT_AVAILABLE,NOT_AVAILABLE,NOT_AVAILABLE,connectomes_part_1.zip::atlas_4S456Parcels_region_labels,extracted 2026-09-23 (PROVENANCE txt),MAPPED_HIGH_CONFIDENCE
380,atlas_4S456Parcels,380,RH_Default_PFCdPFCm_3,R,NOT_AVAILABLE,CORTEX,cortical parcel (default mode network),NOT_AVAILABLE,NOT_AVAILABLE,NOT_AVAILABLE,NOT_AVAILABLE,connectomes_part_1.zip::atlas_4S456Parcels_region_labels,extracted 2026-09-23 (PROVENANCE txt),MAPPED_HIGH_CONFIDENCE
381,atlas_4S456Parcels,381,RH_Default_PFCdPFCm_4,R,NOT_AVAILABLE,CORTEX,cortical parcel (default mode network),NOT_AVAILABLE,NOT_AVAILABLE,NOT_AVAILABLE,NOT_AVAILABLE,connectomes_part_1.zip::atlas_4S456Parcels_region_labels,extracted 2026-09-23 (PROVENANCE txt),MAPPED_HIGH_CONFIDENCE
382,atlas_4S456Parcels,382,RH_Default_PFCdPFCm_5,R,NOT_AVAILABLE,CORTEX,cortical parcel (default mode network),NOT_AVAILABLE,NOT_AVAILABLE,NOT_AVAILABLE,NOT_AVAILABLE,connectomes_part_1.zip::atlas_4S456Parcels_region_labels,extracted 2026-09-23 (PROVENANCE txt),MAPPED_HIGH_CONFIDENCE
383,atlas_4S456Parcels,383,RH_Default_PFCdPFCm_6,R,NOT_AVAILABLE,CORTEX,cortical parcel (default mode network),NOT_AVAILABLE,NOT_AVAILABLE,NOT_AVAILABLE,NOT_AVAILABLE,connectomes_part_1.zip::atlas_4S456Parcels_region_labels,extracted 2026-09-23 (PROVENANCE txt),MAPPED_HIGH_CONFIDENCE
384,atlas_4S456Parcels,384,RH_Default_PFCdPFCm_7,R,NOT_AVAILABLE,CORTEX,cortical parcel (default mode network),NOT_AVAILABLE,NOT_AVAILABLE,NOT_AVAILABLE,NOT_AVAILABLE,connectomes_part_1.zip::atlas_4S456Parcels_region_labels,extracted 2026-09-23 (PROVENANCE txt),MAPPED_HIGH_CONFIDENCE
385,atlas_4S456Parcels,385,RH_Default_PFCdPFCm_8,R,NOT_AVAILABLE,CORTEX,cortical parcel (default mode network),NOT_AVAILABLE,NOT_AVAILABLE,NOT_AVAILABLE,NOT_AVAILABLE,connectomes_part_1.zip::atlas_4S456Parcels_region_labels,extracted 2026-09-23 (PROVENANCE txt),MAPPED_HIGH_CONFIDENCE
386,atlas_4S456Parcels,386,RH_Default_PFCdPFCm_9,R,NOT_AVAILABLE,CORTEX,cortical parcel (default mode network),NOT_AVAILABLE,NOT_AVAILABLE,NOT_AVAILABLE,NOT_AVAILABLE,connectomes_part_1.zip::atlas_4S456Parcels_region_labels,extracted 2026-09-23 (PROVENANCE txt),MAPPED_HIGH_CONFIDENCE
387,atlas_4S456Parcels,387,RH_Default_PFCdPFCm_10,R,NOT_AVAILABLE,CORTEX,cortical parcel (default mode network),NOT_AVAILABLE,NOT_AVAILABLE,NOT_AVAILABLE,NOT_AVAILABLE,connectomes_part_1.zip::atlas_4S456Parcels_region_labels,extracted 2026-09-23 (PROVENANCE txt),MAPPED_HIGH_CONFIDENCE
388,atlas_4S456Parcels,388,RH_Default_PFCdPFCm_11,R,NOT_AVAILABLE,CORTEX,cortical parcel (default mode network),NOT_AVAILABLE,NOT_AVAILABLE,NOT_AVAILABLE,NOT_AVAILABLE,connectomes_part_1.zip::atlas_4S456Parcels_region_labels,extracted 2026-09-23 (PROVENANCE txt),MAPPED_HIGH_CONFIDENCE
389,atlas_4S456Parcels,389,RH_Default_PFCdPFCm_12,R,NOT_AVAILABLE,CORTEX,cortical parcel (default mode network),NOT_AVAILABLE,NOT_AVAILABLE,NOT_AVAILABLE,NOT_AVAILABLE,connectomes_part_1.zip::atlas_4S456Parcels_region_labels,extracted 2026-09-23 (PROVENANCE txt),MAPPED_HIGH_CONFIDENCE
390,atlas_4S456Parcels,390,RH_Default_PFCdPFCm_13,R,NOT_AVAILABLE,CORTEX,cortical parcel (default mode network),NOT_AVAILABLE,NOT_AVAILABLE,NOT_AVAILABLE,NOT_AVAILABLE,connectomes_part_1.zip::atlas_4S456Parcels_region_labels,extracted 2026-09-23 (PROVENANCE txt),MAPPED_HIGH_CONFIDENCE
391,atlas_4S456Parcels,391,RH_Default_pCunPCC_1,R,NOT_AVAILABLE,CORTEX,cortical parcel (default mode network),NOT_AVAILABLE,NOT_AVAILABLE,NOT_AVAILABLE,NOT_AVAILABLE,connectomes_part_1.zip::atlas_4S456Parcels_region_labels,extracted 2026-09-23 (PROVENANCE txt),MAPPED_HIGH_CONFIDENCE
392,atlas_4S456Parcels,392,RH_Default_pCunPCC_2,R,NOT_AVAILABLE,CORTEX,cortical parcel (default mode network),NOT_AVAILABLE,NOT_AVAILABLE,NOT_AVAILABLE,NOT_AVAILABLE,connectomes_part_1.zip::atlas_4S456Parcels_region_labels,extracted 2026-09-23 (PROVENANCE txt),MAPPED_HIGH_CONFIDENCE
393,atlas_4S456Parcels,393,RH_Default_pCunPCC_3,R,NOT_AVAILABLE,CORTEX,cortical parcel (default mode network),NOT_AVAILABLE,NOT_AVAILABLE,NOT_AVAILABLE,NOT_AVAILABLE,connectomes_part_1.zip::atlas_4S456Parcels_region_labels,extracted 2026-09-23 (PROVENANCE txt),MAPPED_HIGH_CONFIDENCE
394,atlas_4S456Parcels,394,RH_Default_pCunPCC_4,R,NOT_AVAILABLE,CORTEX,cortical parcel (default mode network),NOT_AVAILABLE,NOT_AVAILABLE,NOT_AVAILABLE,NOT_AVAILABLE,connectomes_part_1.zip::atlas_4S456Parcels_region_labels,extracted 2026-09-23 (PROVENANCE txt),MAPPED_HIGH_CONFIDENCE
395,atlas_4S456Parcels,395,RH_Default_pCunPCC_5,R,NOT_AVAILABLE,CORTEX,cortical parcel (default mode network),NOT_AVAILABLE,NOT_AVAILABLE,NOT_AVAILABLE,NOT_AVAILABLE,connectomes_part_1.zip::atlas_4S456Parcels_region_labels,extracted 2026-09-23 (PROVENANCE txt),MAPPED_HIGH_CONFIDENCE
396,atlas_4S456Parcels,396,RH_Default_pCunPCC_6,R,NOT_AVAILABLE,CORTEX,cortical parcel (default mode network),NOT_AVAILABLE,NOT_AVAILABLE,NOT_AVAILABLE,NOT_AVAILABLE,connectomes_part_1.zip::atlas_4S456Parcels_region_labels,extracted 2026-09-23 (PROVENANCE txt),MAPPED_HIGH_CONFIDENCE
397,atlas_4S456Parcels,397,RH_Default_pCunPCC_7,R,NOT_AVAILABLE,CORTEX,cortical parcel (default mode network),NOT_AVAILABLE,NOT_AVAILABLE,NOT_AVAILABLE,NOT_AVAILABLE,connectomes_part_1.zip::atlas_4S456Parcels_region_labels,extracted 2026-09-23 (PROVENANCE txt),MAPPED_HIGH_CONFIDENCE
398,atlas_4S456Parcels,398,RH_Default_pCunPCC_8,R,NOT_AVAILABLE,CORTEX,cortical parcel (default mode network),NOT_AVAILABLE,NOT_AVAILABLE,NOT_AVAILABLE,NOT_AVAILABLE,connectomes_part_1.zip::atlas_4S456Parcels_region_labels,extracted 2026-09-23 (PROVENANCE txt),MAPPED_HIGH_CONFIDENCE
399,atlas_4S456Parcels,399,RH_Default_pCunPCC_9,R,NOT_AVAILABLE,CORTEX,cortical parcel (default mode network),NOT_AVAILABLE,NOT_AVAILABLE,NOT_AVAILABLE,NOT_AVAILABLE,connectomes_part_1.zip::atlas_4S456Parcels_region_labels,extracted 2026-09-23 (PROVENANCE txt),MAPPED_HIGH_CONFIDENCE
400,atlas_4S456Parcels,400,LH-Pu,L,NOT_AVAILABLE,Subcortex,Putamen,NOT_AVAILABLE,NOT_AVAILABLE,NOT_AVAILABLE,NOT_AVAILABLE,connectomes_part_1.zip::atlas_4S456Parcels_region_labels,extracted 2026-09-23 (PROVENANCE txt),MAPPED_HIGH_CONFIDENCE
401,atlas_4S456Parcels,401,LH-Ca,L,NOT_AVAILABLE,Subcortex,Caudate,NOT_AVAILABLE,NOT_AVAILABLE,NOT_AVAILABLE,NOT_AVAILABLE,connectomes_part_1.zip::atlas_4S456Parcels_region_labels,extracted 2026-09-23 (PROVENANCE txt),MAPPED_HIGH_CONFIDENCE
402,atlas_4S456Parcels,402,LH-NAC,L,NOT_AVAILABLE,Subcortex,Nucleus Accumbens,NOT_AVAILABLE,NOT_AVAILABLE,NOT_AVAILABLE,NOT_AVAILABLE,connectomes_part_1.zip::atlas_4S456Parcels_region_labels,extracted 2026-09-23 (PROVENANCE txt),MAPPED_HIGH_CONFIDENCE
403,atlas_4S456Parcels,403,LH-EXA,L,NOT_AVAILABLE,Subcortex,Extended Amygdala,NOT_AVAILABLE,NOT_AVAILABLE,NOT_AVAILABLE,NOT_AVAILABLE,connectomes_part_1.zip::atlas_4S456Parcels_region_labels,extracted 2026-09-23 (PROVENANCE txt),MAPPED_HIGH_CONFIDENCE
404,atlas_4S456Parcels,404,LH-GPe,L,NOT_AVAILABLE,Subcortex,Globus Pallidus external,NOT_AVAILABLE,NOT_AVAILABLE,NOT_AVAILABLE,NOT_AVAILABLE,connectomes_part_1.zip::atlas_4S456Parcels_region_labels,extracted 2026-09-23 (PROVENANCE txt),MAPPED_HIGH_CONFIDENCE
405,atlas_4S456Parcels,405,LH-GPi,L,NOT_AVAILABLE,Subcortex,Globus Pallidus internal,NOT_AVAILABLE,NOT_AVAILABLE,NOT_AVAILABLE,NOT_AVAILABLE,connectomes_part_1.zip::atlas_4S456Parcels_region_labels,extracted 2026-09-23 (PROVENANCE txt),MAPPED_HIGH_CONFIDENCE
406,atlas_4S456Parcels,406,LH-SNc_PBP_VTA,L,NOT_AVAILABLE,Brainstem,Substantia Nigra / VTA complex,NOT_AVAILABLE,NOT_AVAILABLE,NOT_AVAILABLE,NOT_AVAILABLE,connectomes_part_1.zip::atlas_4S456Parcels_region_labels,extracted 2026-09-23 (PROVENANCE txt),MAPPED_HIGH_CONFIDENCE
407,atlas_4S456Parcels,407,LH-RN,L,NOT_AVAILABLE,Brainstem,Red Nucleus,NOT_AVAILABLE,NOT_AVAILABLE,NOT_AVAILABLE,NOT_AVAILABLE,connectomes_part_1.zip::atlas_4S456Parcels_region_labels,extracted 2026-09-23 (PROVENANCE txt),MAPPED_HIGH_CONFIDENCE
408,atlas_4S456Parcels,408,LH-SNr,L,NOT_AVAILABLE,Brainstem,Substantia Nigra pars reticulata,NOT_AVAILABLE,NOT_AVAILABLE,NOT_AVAILABLE,NOT_AVAILABLE,connectomes_part_1.zip::atlas_4S456Parcels_region_labels,extracted 2026-09-23 (PROVENANCE txt),MAPPED_HIGH_CONFIDENCE
409,atlas_4S456Parcels,409,LH-VeP,L,NOT_AVAILABLE,Brainstem,Ventral Tegmental area (label as provided),NOT_AVAILABLE,NOT_AVAILABLE,NOT_AVAILABLE,NOT_AVAILABLE,connectomes_part_1.zip::atlas_4S456Parcels_region_labels,extracted 2026-09-23 (PROVENANCE txt),MAPPED_HIGH_CONFIDENCE
410,atlas_4S456Parcels,410,LH-HN,L,NOT_AVAILABLE,Brainstem,Habenula (label as provided),NOT_AVAILABLE,NOT_AVAILABLE,NOT_AVAILABLE,NOT_AVAILABLE,connectomes_part_1.zip::atlas_4S456Parcels_region_labels,extracted 2026-09-23 (PROVENANCE txt),MAPPED_HIGH_CONFIDENCE
411,atlas_4S456Parcels,411,LH-HTH,L,NOT_AVAILABLE,Subcortex,Hypothalamus,NOT_AVAILABLE,NOT_AVAILABLE,NOT_AVAILABLE,NOT_AVAILABLE,connectomes_part_1.zip::atlas_4S456Parcels_region_labels,extracted 2026-09-23 (PROVENANCE txt),MAPPED_HIGH_CONFIDENCE
412,atlas_4S456Parcels,412,LH-MN,L,NOT_AVAILABLE,Brainstem,Mammillary Nuclei (label as provided),NOT_AVAILABLE,NOT_AVAILABLE,NOT_AVAILABLE,NOT_AVAILABLE,connectomes_part_1.zip::atlas_4S456Parcels_region_labels,extracted 2026-09-23 (PROVENANCE txt),MAPPED_HIGH_CONFIDENCE
413,atlas_4S456Parcels,413,LH-STH,L,NOT_AVAILABLE,Subcortex,Subthalamus,NOT_AVAILABLE,NOT_AVAILABLE,NOT_AVAILABLE,NOT_AVAILABLE,connectomes_part_1.zip::atlas_4S456Parcels_region_labels,extracted 2026-09-23 (PROVENANCE txt),MAPPED_HIGH_CONFIDENCE
414,atlas_4S456Parcels,414,RH-Pu,R,NOT_AVAILABLE,Subcortex,Putamen,NOT_AVAILABLE,NOT_AVAILABLE,NOT_AVAILABLE,NOT_AVAILABLE,connectomes_part_1.zip::atlas_4S456Parcels_region_labels,extracted 2026-09-23 (PROVENANCE txt),MAPPED_HIGH_CONFIDENCE
415,atlas_4S456Parcels,415,RH-Ca,R,NOT_AVAILABLE,Subcortex,Caudate,NOT_AVAILABLE,NOT_AVAILABLE,NOT_AVAILABLE,NOT_AVAILABLE,connectomes_part_1.zip::atlas_4S456Parcels_region_labels,extracted 2026-09-23 (PROVENANCE txt),MAPPED_HIGH_CONFIDENCE
416,atlas_4S456Parcels,416,RH-NAC,R,NOT_AVAILABLE,Subcortex,Nucleus Accumbens,NOT_AVAILABLE,NOT_AVAILABLE,NOT_AVAILABLE,NOT_AVAILABLE,connectomes_part_1.zip::atlas_4S456Parcels_region_labels,extracted 2026-09-23 (PROVENANCE txt),MAPPED_HIGH_CONFIDENCE
417,atlas_4S456Parcels,417,RH-EXA,R,NOT_AVAILABLE,Subcortex,Extended Amygdala,NOT_AVAILABLE,NOT_AVAILABLE,NOT_AVAILABLE,NOT_AVAILABLE,connectomes_part_1.zip::atlas_4S456Parcels_region_labels,extracted 2026-09-23 (PROVENANCE txt),MAPPED_HIGH_CONFIDENCE
418,atlas_4S456Parcels,418,RH-GPe,R,NOT_AVAILABLE,Subcortex,Globus Pallidus external,NOT_AVAILABLE,NOT_AVAILABLE,NOT_AVAILABLE,NOT_AVAILABLE,connectomes_part_1.zip::atlas_4S456Parcels_region_labels,extracted 2026-09-23 (PROVENANCE txt),MAPPED_HIGH_CONFIDENCE
419,atlas_4S456Parcels,419,RH-GPi,R,NOT_AVAILABLE,Subcortex,Globus Pallidus internal,NOT_AVAILABLE,NOT_AVAILABLE,NOT_AVAILABLE,NOT_AVAILABLE,connectomes_part_1.zip::atlas_4S456Parcels_region_labels,extracted 2026-09-23 (PROVENANCE txt),MAPPED_HIGH_CONFIDENCE
420,atlas_4S456Parcels,420,RH-SNc_PBP_VTA,R,NOT_AVAILABLE,Brainstem,Substantia Nigra / VTA complex,NOT_AVAILABLE,NOT_AVAILABLE,NOT_AVAILABLE,NOT_AVAILABLE,connectomes_part_1.zip::atlas_4S456Parcels_region_labels,extracted 2026-09-23 (PROVENANCE txt),MAPPED_HIGH_CONFIDENCE
421,atlas_4S456Parcels,421,RH-RN,R,NOT_AVAILABLE,Brainstem,Red Nucleus,NOT_AVAILABLE,NOT_AVAILABLE,NOT_AVAILABLE,NOT_AVAILABLE,connectomes_part_1.zip::atlas_4S456Parcels_region_labels,extracted 2026-09-23 (PROVENANCE txt),MAPPED_HIGH_CONFIDENCE
422,atlas_4S456Parcels,422,RH-SNr,R,NOT_AVAILABLE,Brainstem,Substantia Nigra pars reticulata,NOT_AVAILABLE,NOT_AVAILABLE,NOT_AVAILABLE,NOT_AVAILABLE,connectomes_part_1.zip::atlas_4S456Parcels_region_labels,extracted 2026-09-23 (PROVENANCE txt),MAPPED_HIGH_CONFIDENCE
423,atlas_4S456Parcels,423,RH-VeP,R,NOT_AVAILABLE,Brainstem,Ventral Tegmental area (label as provided),NOT_AVAILABLE,NOT_AVAILABLE,NOT_AVAILABLE,NOT_AVAILABLE,connectomes_part_1.zip::atlas_4S456Parcels_region_labels,extracted 2026-09-23 (PROVENANCE txt),MAPPED_HIGH_CONFIDENCE
424,atlas_4S456Parcels,424,RH-HN,R,NOT_AVAILABLE,Brainstem,Habenula (label as provided),NOT_AVAILABLE,NOT_AVAILABLE,NOT_AVAILABLE,NOT_AVAILABLE,connectomes_part_1.zip::atlas_4S456Parcels_region_labels,extracted 2026-09-23 (PROVENANCE txt),MAPPED_HIGH_CONFIDENCE
425,atlas_4S456Parcels,425,RH-HTH,R,NOT_AVAILABLE,Subcortex,Hypothalamus,NOT_AVAILABLE,NOT_AVAILABLE,NOT_AVAILABLE,NOT_AVAILABLE,connectomes_part_1.zip::atlas_4S456Parcels_region_labels,extracted 2026-09-23 (PROVENANCE txt),MAPPED_HIGH_CONFIDENCE
426,atlas_4S456Parcels,426,RH-MN,R,NOT_AVAILABLE,Brainstem,Mammillary Nuclei (label as provided),NOT_AVAILABLE,NOT_AVAILABLE,NOT_AVAILABLE,NOT_AVAILABLE,connectomes_part_1.zip::atlas_4S456Parcels_region_labels,extracted 2026-09-23 (PROVENANCE txt),MAPPED_HIGH_CONFIDENCE
427,atlas_4S456Parcels,427,RH-STH,R,NOT_AVAILABLE,Subcortex,Subthalamus,NOT_AVAILABLE,NOT_AVAILABLE,NOT_AVAILABLE,NOT_AVAILABLE,connectomes_part_1.zip::atlas_4S456Parcels_region_labels,extracted 2026-09-23 (PROVENANCE txt),MAPPED_HIGH_CONFIDENCE
428,atlas_4S456Parcels,428,LH-Pulvinar,L,NOT_AVAILABLE,Thalamus,Pulvinar,NOT_AVAILABLE,NOT_AVAILABLE,NOT_AVAILABLE,NOT_AVAILABLE,connectomes_part_1.zip::atlas_4S456Parcels_region_labels,extracted 2026-09-23 (PROVENANCE txt),MAPPED_HIGH_CONFIDENCE
429,atlas_4S456Parcels,429,LH-Anterior,L,NOT_AVAILABLE,Thalamus,Anterior nuclei,NOT_AVAILABLE,NOT_AVAILABLE,NOT_AVAILABLE,NOT_AVAILABLE,connectomes_part_1.zip::atlas_4S456Parcels_region_labels,extracted 2026-09-23 (PROVENANCE txt),MAPPED_HIGH_CONFIDENCE
430,atlas_4S456Parcels,430,LH-Medio_Dorsal,L,NOT_AVAILABLE,Thalamus,Mediodorsal nuclei,NOT_AVAILABLE,NOT_AVAILABLE,NOT_AVAILABLE,NOT_AVAILABLE,connectomes_part_1.zip::atlas_4S456Parcels_region_labels,extracted 2026-09-23 (PROVENANCE txt),MAPPED_HIGH_CONFIDENCE
431,atlas_4S456Parcels,431,LH-Ventral_Latero_Dorsal,L,NOT_AVAILABLE,Thalamus,Ventrolateral-dorsal nuclei,NOT_AVAILABLE,NOT_AVAILABLE,NOT_AVAILABLE,NOT_AVAILABLE,connectomes_part_1.zip::atlas_4S456Parcels_region_labels,extracted 2026-09-23 (PROVENANCE txt),MAPPED_HIGH_CONFIDENCE
432,atlas_4S456Parcels,432,LH-Central_Lateral-Lateral_Posterior-Medial_Pulvinar,L,NOT_AVAILABLE,Thalamus,Central lateral / lateral posterior / medial pulvinar,NOT_AVAILABLE,NOT_AVAILABLE,NOT_AVAILABLE,NOT_AVAILABLE,connectomes_part_1.zip::atlas_4S456Parcels_region_labels,extracted 2026-09-23 (PROVENANCE txt),MAPPED_HIGH_CONFIDENCE
433,atlas_4S456Parcels,433,LH-Ventral_Anterior,L,NOT_AVAILABLE,Thalamus,Ventral anterior nuclei,NOT_AVAILABLE,NOT_AVAILABLE,NOT_AVAILABLE,NOT_AVAILABLE,connectomes_part_1.zip::atlas_4S456Parcels_region_labels,extracted 2026-09-23 (PROVENANCE txt),MAPPED_HIGH_CONFIDENCE
434,atlas_4S456Parcels,434,LH-Ventral_Latero_Ventral,L,NOT_AVAILABLE,Thalamus,Ventrocaudal nuclei (label as provided),NOT_AVAILABLE,NOT_AVAILABLE,NOT_AVAILABLE,NOT_AVAILABLE,connectomes_part_1.zip::atlas_4S456Parcels_region_labels,extracted 2026-09-23 (PROVENANCE txt),MAPPED_HIGH_CONFIDENCE
435,atlas_4S456Parcels,435,RH-Pulvinar,R,NOT_AVAILABLE,Thalamus,Pulvinar,NOT_AVAILABLE,NOT_AVAILABLE,NOT_AVAILABLE,NOT_AVAILABLE,connectomes_part_1.zip::atlas_4S456Parcels_region_labels,extracted 2026-09-23 (PROVENANCE txt),MAPPED_HIGH_CONFIDENCE
436,atlas_4S456Parcels,436,RH-Anterior,R,NOT_AVAILABLE,Thalamus,Anterior nuclei,NOT_AVAILABLE,NOT_AVAILABLE,NOT_AVAILABLE,NOT_AVAILABLE,connectomes_part_1.zip::atlas_4S456Parcels_region_labels,extracted 2026-09-23 (PROVENANCE txt),MAPPED_HIGH_CONFIDENCE
437,atlas_4S456Parcels,437,RH-Medio_Dorsal,R,NOT_AVAILABLE,Thalamus,Mediodorsal nuclei,NOT_AVAILABLE,NOT_AVAILABLE,NOT_AVAILABLE,NOT_AVAILABLE,connectomes_part_1.zip::atlas_4S456Parcels_region_labels,extracted 2026-09-23 (PROVENANCE txt),MAPPED_HIGH_CONFIDENCE
438,atlas_4S456Parcels,438,RH-Ventral_Latero_Dorsal,R,NOT_AVAILABLE,Thalamus,Ventrolateral-dorsal nuclei,NOT_AVAILABLE,NOT_AVAILABLE,NOT_AVAILABLE,NOT_AVAILABLE,connectomes_part_1.zip::atlas_4S456Parcels_region_labels,extracted 2026-09-23 (PROVENANCE txt),MAPPED_HIGH_CONFIDENCE
439,atlas_4S456Parcels,439,RH-Central_Lateral-Lateral_Posterior-Medial_Pulvinar,R,NOT_AVAILABLE,Thalamus,Central lateral / lateral posterior / medial pulvinar,NOT_AVAILABLE,NOT_AVAILABLE,NOT_AVAILABLE,NOT_AVAILABLE,connectomes_part_1.zip::atlas_4S456Parcels_region_labels,extracted 2026-09-23 (PROVENANCE txt),MAPPED_HIGH_CONFIDENCE
440,atlas_4S456Parcels,440,RH-Ventral_Anterior,R,NOT_AVAILABLE,Thalamus,Ventral anterior nuclei,NOT_AVAILABLE,NOT_AVAILABLE,NOT_AVAILABLE,NOT_AVAILABLE,connectomes_part_1.zip::atlas_4S456Parcels_region_labels,extracted 2026-09-23 (PROVENANCE txt),MAPPED_HIGH_CONFIDENCE
441,atlas_4S456Parcels,441,RH-Ventral_Latero_Ventral,R,NOT_AVAILABLE,Thalamus,Ventrocaudal nuclei (label as provided),NOT_AVAILABLE,NOT_AVAILABLE,NOT_AVAILABLE,NOT_AVAILABLE,connectomes_part_1.zip::atlas_4S456Parcels_region_labels,extracted 2026-09-23 (PROVENANCE txt),MAPPED_HIGH_CONFIDENCE
442,atlas_4S456Parcels,442,LH_Hippocampus,L,NOT_AVAILABLE,Subcortex,Hippocampus,NOT_AVAILABLE,NOT_AVAILABLE,NOT_AVAILABLE,NOT_AVAILABLE,connectomes_part_1.zip::atlas_4S456Parcels_region_labels,extracted 2026-09-23 (PROVENANCE txt),MAPPED_HIGH_CONFIDENCE
443,atlas_4S456Parcels,443,LH_Amygdala,L,NOT_AVAILABLE,Subcortex,Amygdala,NOT_AVAILABLE,NOT_AVAILABLE,NOT_AVAILABLE,NOT_AVAILABLE,connectomes_part_1.zip::atlas_4S456Parcels_region_labels,extracted 2026-09-23 (PROVENANCE txt),MAPPED_HIGH_CONFIDENCE
444,atlas_4S456Parcels,444,RH_Hippocampus,R,NOT_AVAILABLE,Subcortex,Hippocampus,NOT_AVAILABLE,NOT_AVAILABLE,NOT_AVAILABLE,NOT_AVAILABLE,connectomes_part_1.zip::atlas_4S456Parcels_region_labels,extracted 2026-09-23 (PROVENANCE txt),MAPPED_HIGH_CONFIDENCE
445,atlas_4S456Parcels,445,RH_Amygdala,R,NOT_AVAILABLE,Subcortex,Amygdala,NOT_AVAILABLE,NOT_AVAILABLE,NOT_AVAILABLE,NOT_AVAILABLE,connectomes_part_1.zip::atlas_4S456Parcels_region_labels,extracted 2026-09-23 (PROVENANCE txt),MAPPED_HIGH_CONFIDENCE
446,atlas_4S456Parcels,446,Cerebellar_Region1,BILATERAL_MIDLINE,NOT_AVAILABLE,Cerebellum,Cerebellar region (numbered),NOT_AVAILABLE,NOT_AVAILABLE,NOT_AVAILABLE,NOT_AVAILABLE,connectomes_part_1.zip::atlas_4S456Parcels_region_labels,extracted 2026-09-23 (PROVENANCE txt),MAPPED_HIGH_CONFIDENCE
447,atlas_4S456Parcels,447,Cerebellar_Region2,BILATERAL_MIDLINE,NOT_AVAILABLE,Cerebellum,Cerebellar region (numbered),NOT_AVAILABLE,NOT_AVAILABLE,NOT_AVAILABLE,NOT_AVAILABLE,connectomes_part_1.zip::atlas_4S456Parcels_region_labels,extracted 2026-09-23 (PROVENANCE txt),MAPPED_HIGH_CONFIDENCE
448,atlas_4S456Parcels,448,Cerebellar_Region3,BILATERAL_MIDLINE,NOT_AVAILABLE,Cerebellum,Cerebellar region (numbered),NOT_AVAILABLE,NOT_AVAILABLE,NOT_AVAILABLE,NOT_AVAILABLE,connectomes_part_1.zip::atlas_4S456Parcels_region_labels,extracted 2026-09-23 (PROVENANCE txt),MAPPED_HIGH_CONFIDENCE
449,atlas_4S456Parcels,449,Cerebellar_Region4,BILATERAL_MIDLINE,NOT_AVAILABLE,Cerebellum,Cerebellar region (numbered),NOT_AVAILABLE,NOT_AVAILABLE,NOT_AVAILABLE,NOT_AVAILABLE,connectomes_part_1.zip::atlas_4S456Parcels_region_labels,extracted 2026-09-23 (PROVENANCE txt),MAPPED_HIGH_CONFIDENCE
450,atlas_4S456Parcels,450,Cerebellar_Region5,BILATERAL_MIDLINE,NOT_AVAILABLE,Cerebellum,Cerebellar region (numbered),NOT_AVAILABLE,NOT_AVAILABLE,NOT_AVAILABLE,NOT_AVAILABLE,connectomes_part_1.zip::atlas_4S456Parcels_region_labels,extracted 2026-09-23 (PROVENANCE txt),MAPPED_HIGH_CONFIDENCE
451,atlas_4S456Parcels,451,Cerebellar_Region6,BILATERAL_MIDLINE,NOT_AVAILABLE,Cerebellum,Cerebellar region (numbered),NOT_AVAILABLE,NOT_AVAILABLE,NOT_AVAILABLE,NOT_AVAILABLE,connectomes_part_1.zip::atlas_4S456Parcels_region_labels,extracted 2026-09-23 (PROVENANCE txt),MAPPED_HIGH_CONFIDENCE
452,atlas_4S456Parcels,452,Cerebellar_Region7,BILATERAL_MIDLINE,NOT_AVAILABLE,Cerebellum,Cerebellar region (numbered),NOT_AVAILABLE,NOT_AVAILABLE,NOT_AVAILABLE,NOT_AVAILABLE,connectomes_part_1.zip::atlas_4S456Parcels_region_labels,extracted 2026-09-23 (PROVENANCE txt),MAPPED_HIGH_CONFIDENCE
453,atlas_4S456Parcels,453,Cerebellar_Region8,BILATERAL_MIDLINE,NOT_AVAILABLE,Cerebellum,Cerebellar region (numbered),NOT_AVAILABLE,NOT_AVAILABLE,NOT_AVAILABLE,NOT_AVAILABLE,connectomes_part_1.zip::atlas_4S456Parcels_region_labels,extracted 2026-09-23 (PROVENANCE txt),MAPPED_HIGH_CONFIDENCE
454,atlas_4S456Parcels,454,Cerebellar_Region9,BILATERAL_MIDLINE,NOT_AVAILABLE,Cerebellum,Cerebellar region (numbered),NOT_AVAILABLE,NOT_AVAILABLE,NOT_AVAILABLE,NOT_AVAILABLE,connectomes_part_1.zip::atlas_4S456Parcels_region_labels,extracted 2026-09-23 (PROVENANCE txt),MAPPED_HIGH_CONFIDENCE
455,atlas_4S456Parcels,455,Cerebellar_Region10,BILATERAL_MIDLINE,NOT_AVAILABLE,Cerebellum,Cerebellar region (numbered),NOT_AVAILABLE,NOT_AVAILABLE,NOT_AVAILABLE,NOT_AVAILABLE,connectomes_part_1.zip::atlas_4S456Parcels_region_labels,extracted 2026-09-23 (PROVENANCE txt),MAPPED_HIGH_CONFIDENCE
