subject,rho_M1_spline4_raw,rho_M2_linear,rho_P_df2,rho_P_df3,rho_P_df5,rho_P_df6,rho_Q_bin20
1,-0.12818825523343055,-0.4898915688048874,-0.055051049572325095,-0.04939653506500492,-0.08155214846495384,-0.07636663907250497,0.0029790782351423167
10,-0.044993833400609445,-0.5465148602272771,-0.02457934282593257,-0.00970868568430259,-0.055610153234028584,-0.055923730643655724,0.032350494962395906
101,-0.014221785792751983,-0.4645545190041949,-0.01077993895963158,0.07837601342001714,-0.023369497636947168,-0.005843386996334888,0.0008379575683493041
103,-0.01619252267630573,-0.3883036170669065,-0.0348424332763369,-0.055084510515728574,0.007329889940138004,-0.0041257487136400345,-0.006902194811410543
104,-0.032474243015720224,-0.5021714351072203,-0.006257957045240403,-0.02894010854265679,-0.06763136266485816,-0.07169418704888737,-0.018044031188741125
105,0.044355380666844746,-0.40587826334706717,0.02129362306596055,0.016360465691480326,-0.02906599768955469,-0.020990158068646538,0.027621548130082475
106,-0.07759664628018835,-0.355518913784044,-0.03144732771053861,-0.06260987293329774,-0.07462921275752626,-0.08810936017406888,0.023242799882260603
107,-0.11067020628879934,-0.3702320524732066,-0.08594508219188932,-0.05335169375622765,-0.06617503254298968,-0.06624141831396675,0.03549359245263773
108,-0.023914793846999096,-0.37013659348605576,-0.0002117557556493914,0.009316810244900315,-0.052574853179457544,-0.050193645151345175,0.025414676644516992
109,-0.050430823132709496,-0.5195444304944631,0.0890417164163295,0.048350380808062504,-0.04878470810848387,-0.045456342129894134,-0.010927829173404974
11,-0.010173794500975721,-0.2254005029216507,0.008088204283447278,0.00520932402262589,-0.007006836356064226,-0.006727998228361894,-0.05676298214734951
110,0.009555686026614713,-0.3265888620787288,-0.015591259175509848,0.00659026795811456,-0.009403358541641394,-0.005689592941022619,-0.005753514123390016
111,-0.03800381064933523,-0.5743588056768422,0.2199707178371002,0.02648784382768643,-0.08939269957256933,-0.0590301279003962,-0.027090637060304484
113,-0.03450024842245577,-0.5490858304608675,0.11105573358568553,0.06627834684052103,-0.0411675983913626,-0.041775262973641814,-0.019311317802494697
114,0.00186021304406706,-0.3821249331352308,0.09356364062204586,0.07676065274889865,-0.030976844266988376,-0.020925150111643233,-0.03645833714620869
115,-0.07433484768434243,-0.3485567549898291,0.001944936763109479,-0.017722834381244806,-0.050858273689076465,-0.04252115783302325,0.014373864811562291
116,-0.033603895647302,-0.6005337166013343,0.020364629965653847,0.017867173550833018,0.008810966994267167,-0.01562343724059423,-0.03332549216209967
117,-0.035153079733237586,-0.2122792362435327,-0.0017995139660119265,-0.013681811951961189,-0.029569365411619926,-0.017331214883701783,-0.022623258249583
118,-0.08204456352665246,-0.16955161757589293,-0.07456984629194945,-0.07336545937037878,-0.049430808636053314,-0.053604236197920756,0.0710841631211181
119,0.028365426432289214,-0.3657558358528839,0.08548124986630776,0.04775596936390762,-0.029951191278329153,-0.02489974201281205,-0.01286899337582863
12,-0.05834431800302286,-0.3501977957680304,0.013788851594161544,-0.028030197147889523,-0.046576563904345766,-0.046386516441327866,0.04377759127782522
120,0.04207155796293927,-0.5918303823254516,0.09440954841775173,0.07287541213746224,-0.0164956297553109,0.013822049961210435,-0.008502926802158303
121,-0.040461211284933074,-0.3382678696037399,-0.0433212822979433,-0.04464528260027301,-0.010223742882322221,0.004722189692602475,-0.00231399862391779
122,0.0011047613030821172,-0.48874546386971834,0.06132845974000361,-0.009641110197516478,-0.0523146276564901,-0.035279710843616106,0.029900991990458058
123,-0.06835020803988297,-0.4103892003350791,-0.008179738105434237,-0.009587539066017484,-0.04042043690347473,-0.036107673942770466,0.01570623777689778
124,-0.05648593496203603,-0.5764003619762124,0.1149050440771947,0.05881236358163672,-0.05657333187516865,-0.06251436012582162,0.009138933213416392
125,-0.0063600556228866414,-0.2042231789439694,-0.03926309271747647,-0.03660596568500267,-0.07644755595413548,-0.07381947720699264,0.034522646849921165
126,0.02123267941989953,-0.3524318600945054,0.08838808933817466,0.08987603122111064,-0.0025635053341076562,0.008858415262571393,-0.012760957686940397
127,0.03746758816916247,-0.5879007108275609,0.037260578625942196,-0.015165426738294558,-0.056116736804628115,-0.07502940966448056,0.018865910743767842
128,0.004926044956658016,-0.49699375683383984,-0.018794267387021724,-0.03759277487235017,-0.05290636454490753,-0.03974870664868938,7.521524021018165e-05
129,-0.007608385385149096,-0.32476814241997365,-0.05693499124316151,-0.052243162026996824,-0.023092092620334154,0.01725170249823495,-0.0007689279469258228
13,-0.10503810847349303,-0.46869237733110214,0.0014737072386451372,0.021347396425848427,-0.08910780595930286,-0.07538024866156481,0.04976817959687052
136,-0.05323787383023034,-0.3109720192231334,0.006389927040185419,-0.013230961361315706,-0.044861948251418246,-0.04495042299591333,-0.05657669297495509
139,-0.01832386589888109,-0.508821585363141,-0.011220046946365038,-0.05634711221720395,-0.0611064494154669,-0.04946694490101923,0.05241592183312909
14,-0.054043655037111456,-0.4252522656808307,0.003457325203089136,-0.027556522849794405,-0.05672630802459015,-0.059597423871156165,0.00651541259085812
140,-0.10604105282884292,-0.4898163391992145,0.03197135910668998,-0.047096827970102485,-0.11224039207948898,-0.1296273749399394,0.03917245418650791
141,-0.04726678811810719,-0.37302692190368114,-0.020924556515077852,-0.027690796405136185,-0.07625387495646664,-0.07762756436444125,0.0031445141006181507
142,0.0917632729997545,-0.5392973529209821,0.1244595979158588,0.08477364311309268,-0.011652631799895584,-0.006177740259006817,-0.01934291294123595
143,-0.06349283724474236,-0.2296519028643612,-0.05340366486578134,-0.051709848345644016,-0.06366383265805868,-0.04147575387323579,-0.024221626446588637
144,0.003415183848587022,-0.2965096601476055,-0.007707120352382505,0.00840616826846686,-0.04178637075571165,-0.04154696298216944,0.011031588997603887
145,-0.03827142493492745,-0.4048793708069233,-0.040837864718479826,-0.04677169272098119,-0.050061745368813346,-0.049814549999924344,-0.03552598581110858
146,0.007467525891404431,-0.4244591307789982,0.0658996692522626,-0.021429361521479152,-0.028665196403964373,-0.030928566314640898,-0.02984216829484828
147,-0.1269266614903874,-0.3489691332370202,-0.051766321197568084,-0.07232034451044018,-0.08665917159834406,-0.08690054212856053,0.018365075010652362
149,0.0078662664407356,-0.5258977822415403,-0.03492905570335611,-0.07156564612092253,-0.0658136571247716,-0.05562002738708315,0.0014792714135503106
15,-0.08554537290132337,-0.4085289656824628,0.03319294405045561,-0.027507288826363597,-0.07353614917584315,-0.081005873169802,-0.003598238489311765
150,-0.012564659488902835,-0.2603862261483959,-0.04538474666596411,-0.04021911170501551,-0.02784563608400886,-0.02111401475725723,-0.01327618155371613
151,-0.022736741208498643,-0.5201430227233163,-0.028508624275636756,-0.05297843659717405,-0.07191223059644435,-0.06453922650831379,0.01873839302722612
152,-0.05460056799562593,-0.4221054254898669,0.0015324805422670868,0.04368417548404144,-0.02830235135602771,-0.03433918305277714,-0.004916994678391671
153,-0.004524804151863494,-0.39224515049438474,0.017308386884784685,0.011747960327210543,-0.024421550897999914,-0.028090340098773075,-0.0022663487930200685
154,0.019291242443206992,-0.3387279740034892,0.0234275301688935,0.04811419191247844,0.006242244772882297,0.003169599205209426,-0.01245895453444057
155,-0.01763546600989359,-0.3505755368383223,0.024276476722127953,0.0035497239499508062,-0.010532664000253386,-0.00330468408376533,-0.06864840698399319
156,0.047100439978557625,-0.4757742047841103,0.10259102574226088,0.07571439694524357,0.01363579846354767,0.009299755933136561,-0.03246965540313675
157,-0.13520815292639618,-0.34836726052229894,-0.04808091368452764,-0.03246645905385089,-0.06961010322477224,-0.0741047726884772,-0.04830386597201506
159,-0.05125391346477614,-0.4308222826961213,-0.013218417634600533,-0.02839435289225043,-0.01268788612142531,-0.008306808400911409,-0.0129846459680949
16,-0.04692154330246043,-0.40597474524256,-0.007100142326474373,-0.010856814980274588,-0.08476249384371257,-0.060773367913430305,0.04232085783519556
160,-0.09542590809548485,-0.19791091871702188,-0.09667425278224104,-0.08488623629908369,-0.056959982197601865,-0.05748555771334302,0.007416952385068636
161,0.029010255878698692,-0.5375987724021772,0.05240021768218912,0.03312143441794831,-0.024059779753359854,-0.01937516768767723,-0.0003848775391368396
163,0.006431356596555059,-0.3861155555741332,-0.017543124206904494,-0.03132564233368446,-0.0463826858188776,-0.04914925198616655,-0.03642555316968111
164,0.021316857223746353,-0.37825243955391386,0.03905178326118695,-0.014252225736296106,-0.04122340814913893,-0.040259830689020705,0.005012098656714685
165,-0.008342599229679188,-0.3481215709039097,0.01239789580722662,0.029040629434057424,-0.02417742517834756,-0.01257490644296376,0.03637753371860265
167,0.0517958090564047,-0.34517690121129924,0.06390148579254784,0.051967378500956694,0.012184721456263191,0.02875392506618271,-0.01767857082160846
168,-0.06425118561251741,-0.473055809781973,-0.021110115717191975,-0.011411600265911155,-0.056267969898974125,-0.03975103515447089,0.016800449521312846
169,0.00477036871705722,-0.21704769473615737,-0.040010938392539525,-0.014750494707699714,-0.01657038477252433,-0.019018506178362045,0.01724744181619219
170,-0.04840569928214606,-0.40003850465744983,0.04818489726981552,-0.005525935830518211,-0.0945630024926156,-0.09525236801864499,0.07247470608528594
173,-0.08134116871424642,-0.29651577983654975,-0.009807166218119119,0.0031443837483446035,-0.019048563593703098,-0.01235749268180183,-0.008808571119687395
174,-0.0214432064861376,-0.30049954709602555,-0.0019157721679298933,-0.002817460918216135,0.005273752711089515,0.0038935639158205184,-0.011389431945786567
176,-0.03499513178311469,-0.3489024119053334,0.007615611408753682,-0.012887797119006996,-0.006196038051572507,-0.004910061919526611,0.004007741388865013
177,-0.055987719635541805,-0.32954081955598646,-0.01890145455398556,-0.025460101703538074,-0.0958334186171129,-0.0958477844060564,0.05561625216703922
178,-0.08729380870979485,-0.6615493524389775,-0.029769805979990557,-0.011994295699709034,0.02509819222307628,0.0327426223314718,0.0345797575450808
179,-0.07714334522911269,-0.3255473951300143,-0.053464540659168225,-0.04139990500897479,-0.07614014227730419,-0.06486201976646706,0.016273296975018416
18,-0.04986025516050674,-0.3113994768308245,-0.06242102332626913,-0.0584828570924723,-0.08895599098558238,-0.09121625336007703,-0.0022363254329485992
180,0.013291360733126697,-0.2771011581848417,0.07476448951530514,0.0405067479831983,-0.005894417435713499,-0.007421181668444745,0.02383320904020776
181,-0.06354547313448942,-0.543047039010375,0.06975236184560774,0.10430132315442628,-0.015264869353317213,-0.0042781884005455816,-0.008923938842079138
182,0.036775851479997235,-0.3916777343522129,0.014190093690579293,0.06369512268277032,-0.01724729099019484,-0.02667860132075446,-0.010199721475924952
183,-0.010308074677847693,-0.36069521693599205,-0.005671994628517263,-0.021292161301133334,-0.018305292195269756,-0.015955451383993177,-0.025842093011854226
184,-0.10852887154260862,-0.2617108183053097,-0.033383217440710086,-0.034052274075370155,-0.023602156230602963,-0.025025388793681876,0.0442612507813933
185,-0.03519039575204378,-0.40789456649279254,-0.0357707899926171,-0.042198540710347954,-0.01569830039812153,-0.00544985825176871,0.03423907216745022
186,-0.10601969540582432,-0.440489800305094,0.05355140543394619,-0.032090847410409955,-0.07921975469750026,-0.09417611419080167,0.013312865100131476
188,-0.013070574775523277,-0.45525407469747287,-0.030506024108098027,-0.006828051048787014,-0.10053248441878876,-0.0537571925565238,0.023364093409462282
19,-0.0011376622635472001,-0.4768595830586314,0.023025114719917625,-0.04118461431312743,-0.061979779365101975,-0.06270400515049632,0.032904083362872545
191,-0.04895318631339682,-0.4406260776150444,-0.03585885923245798,-0.03345641736358519,-0.024841180575869586,-0.02985990581498288,0.010956967777807369
192,-0.008926628835845593,-0.3666129307884802,0.052493093617767744,0.057959643582756126,-0.011614116660585365,-0.01822120036026645,-0.0067907109371024045
193,-0.013765011553033125,-0.44209783212446363,0.14184502503030966,0.05949531576764259,-0.05037960686854192,-0.051097079735725366,-0.0032048288220403493
194,-0.053638798020726505,-0.4659114213546147,-0.032699502135522494,-0.03977877644617665,-0.0386949150506317,-0.03631714111088982,-0.01947615310086026
195,-0.06502918786217096,-0.2909004591472812,0.03646274602860174,0.01555237716436445,-0.05926192974064217,-0.059127828063281894,0.030757784823687462
196,-0.031067697104715946,-0.3814143654459478,-0.05522246803187546,-0.0692929165299485,-0.02276775574856745,-0.012242780552745719,-0.0053611352372901575
197,-0.030912722481150824,-0.36894160717380886,0.08017195320497134,0.07755764144037917,-0.008515799867625828,-0.0004654739409953103,-0.010041988222959389
198,-0.00543731072589581,-0.41082790646712564,-0.012858706064953849,-0.01202746877885134,-0.04826802220166118,-0.04902610301248889,0.04095764678909691
199,-0.004567921831426849,-0.23416802998436365,0.07012970989284303,0.06847598283404456,0.007821266399627574,0.004995355628645667,-0.023614217552675225
200,0.025310163278327975,-0.5465580815216408,0.05821154023213776,0.15218633548076946,-0.03626574969413733,0.0009377158235065777,-0.04369340128434327
201,-0.005788465949187836,-0.5098498932796173,-0.003379658626066529,-0.014613777050219254,0.008325108461146206,0.015181061521870447,-0.010461210031747452
202,-0.06084815297660103,-0.36612302711344996,0.06030761888008453,0.01162550179833746,-0.03268532028510825,-0.028789247219922754,0.03080273708140435
203,-0.016972256019131465,-0.3877906183284152,0.017615057725390744,-0.0035472756165736497,-0.040753324401294984,-0.03996243211783312,0.03529962312279601
204,0.0018781469031815797,-0.33095857071444285,0.01228987895890241,0.006012702799389275,0.0014672290933504645,0.004653186952971285,-0.025307527473842465
205,-0.0632988381603958,-0.47571013983601046,0.030354966835705592,-0.034581673475193093,-0.06796075211785119,-0.07407169064408803,0.04948113351633292
206,-0.04786324902296973,-0.35145683681583006,0.007083304447783219,-0.009086954134378749,-0.0904218669847029,-0.09115647314249961,0.027761181387241103
207,-0.011264707939453599,-0.5575197912807841,0.09878596825825565,0.13374498333466575,-0.04449812460584411,-0.04431959696750233,0.018575263161011314
208,0.002301244736358373,-0.4225757552811482,-0.10049585062955117,-0.0756122456849123,-0.0807034878210203,-0.046337904007645654,0.027726927163446526
209,-0.04243816584443313,-0.2644843556110501,0.013753849983654294,0.01309048467624492,-0.02633817212138937,-0.024803736398870038,0.016438846673383817
21,0.02085238152957117,-0.34393538385347594,0.09975292029853745,0.05498415449543238,0.017071297343691696,0.01247402752932396,-0.07229488194403433
210,-0.010174219938471963,-0.3273929366267711,0.06059769572248848,0.012162928222902923,-0.024121062020894358,-0.02767844750256915,-0.010408822753947547
211,-0.058938066641369156,-0.2915702762042048,-0.08639899836583063,-0.08639722632534232,-0.04354264216604553,-0.04275091979073035,-0.016451364841422195
213,-0.054706300031351004,-0.3033216153283149,0.05139260964565307,0.022618479376062078,-0.03574046800716013,-0.02983068115649588,-0.02487985193956517
214,-0.009260898309125068,-0.20195136280268153,0.08342358501913673,0.08178941308275675,0.012883770537070545,0.013148179581691238,-0.031786310620634986
215,-0.03612540035618564,-0.47998572281363566,-0.004774757601739027,0.008346459562386721,-0.036539160365730884,-0.045312923015368975,-0.015070715420755025
216,-0.10124441865136097,-0.42009931916645227,-0.004136005331407937,-0.043999322889120195,-0.0846284431354206,-0.07778874486421003,0.056869215889260444
217,-0.027140960890091076,-0.45615240389565576,0.058549237114548056,0.029336448115062485,-0.005634780108872494,-0.03212004391785182,0.033162405932480814
218,-0.04832402189602196,-0.3047716526981463,-0.013543132710994762,-0.014470904922748945,-0.004882005727090117,-0.0011759164711189945,-0.004356027108262665
219,-0.007891824170617854,-0.4297132498338482,0.08272916589268932,0.07182849753057609,0.008674855240392635,0.025797117756676927,-0.03524842384029408
22,-0.031322767814490234,-0.2569162587739293,0.013209824168804127,-0.0026596719317335347,-0.03305841781091453,-0.019668611559785942,0.03548998241920275
220,-0.064709422962923,-0.39679300755334534,-0.01578423550490293,-0.019937921734723398,-0.03125216482577278,-0.019061529570559732,-0.008730147981527492
221,-0.04106839296206447,-0.3876309885724467,0.0657833465939106,0.02580302698310131,-0.019576903306614657,-0.013080549117136702,0.04143887825582429
222,-0.05211810380870378,-0.23222244042795342,-0.032338588183334384,-0.02637310940813826,-0.026399499731378347,-0.02752687915151948,0.014787031381375267
223,0.044293924088494786,-0.4158987430399636,0.049419373368856864,0.026553508016708638,-0.012691733349149657,-0.0013781907069991227,0.0011134997032398984
224,0.023549508412258065,-0.48237176087217865,-0.04095057094008653,-0.06646883002672466,-0.056774367305146206,-0.05681936334261074,0.017320620850712964
225,-0.00872769418551483,-0.5866362269533507,0.12239263683209048,0.05277524215764824,-0.03588220815201982,-0.035765193384787446,-0.01171389771263942
226,-0.11711122145739801,-0.3100097145853393,-0.07349946747627237,-0.08166604684555871,-0.09292494967431206,-0.09248433740839837,0.053377131547609175
227,-0.07114295566807138,-0.6526214464098302,0.14080412241266846,0.1091389373740768,-0.025069597867384587,-0.017511297229709132,0.014683091204593058
228,-0.046916761817945275,-0.532530529221318,-0.02741758983335717,0.0020181137352295905,-0.02033700972615117,-0.02018797219451124,-0.03649127536917525
229,-0.05964343731755126,-0.23196425859692624,-0.07230450300095333,-0.05465757235365518,-0.04659633652239231,-0.02272702614912962,-0.029792088120997318
23,0.03220369045564804,-0.40305286531104845,0.09727842699575623,0.07564408019649992,0.022317713900243803,0.011938419457064281,-0.04467790300507142
230,0.01577829666831931,-0.3936665336852408,0.06635145932996964,0.008844068229346807,-0.04917093851706408,-0.05315338925364948,-0.004801682340890049
232,-0.02894861882757182,-0.48959753845256254,0.05965762706550044,0.059098127379086936,-0.03183439936149964,-0.04441722519001578,-0.006566167682763337
233,-0.04168272377870823,-0.30727382173302614,-0.037719377442024256,-0.03319906918560541,-0.056688800507863145,-0.054573345099057625,0.01194004122062444
234,-0.042527343901400345,-0.5517215626337534,0.004923896338368686,-0.018763815038836465,-0.02498989883859191,-0.028611227995279886,-0.031155467325308696
235,-0.010987105877762695,-0.4101965720005144,-0.05062326183524142,-0.04540835453824997,-0.06917075872103881,-0.052056612991990076,0.022237887719075443
236,-0.03979603379828463,-0.3808275430262842,0.050186547474595944,0.0408497229010186,-0.017505414862682048,-0.017958596103803848,0.015599031987066228
237,-0.04724893337878556,-0.21752367320481275,0.032138390373586644,0.0224225758188653,-0.03018653200385237,-0.036566555926685576,0.0023774779983960306
238,-0.08461293348326082,-0.4812332152971312,0.05616885493113427,0.03462636871487558,-0.07135874989825798,-0.07274786503990485,0.030182235539355135
239,0.01720566040909907,-0.2980537607647834,-0.08039786262651825,-0.07449244502127805,-0.049476454830524645,-0.045668339202904494,-0.019913587954535437
24,-0.012266570241192555,-0.34868490550069275,0.05918875970474984,0.034954323823478226,-0.04154177283600055,-0.04030575597914725,0.03852538862159937
240,-0.006392977063010242,-0.6350571964801599,0.19909360049885738,0.1013415144244263,-0.05310066819155684,-0.04400963938403259,-0.01557039330323123
241,0.041244498639579776,-0.38493416136427117,0.04957768330865552,0.01443374870875121,-0.022123436395012113,-0.0011778880649242667,0.0006581859239117734
242,0.03683844256969446,-0.24372372637560283,0.08739760575207563,0.04559156920915083,0.002634165209414306,0.0059653023202119754,-0.04246939742441789
243,-0.04032971181376734,-0.3664433145603364,-0.0448596888273663,0.01302226792052779,-0.08084294905103305,-0.06616218086373912,-0.009223166417800745
244,-0.02886150611008254,-0.35164541859385434,0.05955245914790463,0.0399492531033285,-0.014504638460054965,-0.013570423171993135,-0.03912359814214692
245,-0.01012254394690618,-0.41447669771209145,0.04279089778666052,0.03293927643301173,-0.04957206308339228,-0.047997978135461666,0.011063031967114128
246,-0.07373397288822696,-0.38630415628264014,-0.015990799029238084,-0.02655592011239482,-0.04405623912819474,-0.046458194064259564,0.020500840727064915
247,0.03455327200371978,-0.4316009958133489,-0.005096056727994496,0.0028064194379410863,-0.0219383071477945,-0.02900004723306785,0.02382568267493817
248,0.056821088834674655,-0.30673315850198535,-0.021547401237908995,-0.0225638537680333,0.008731681663043509,0.04305252412649526,0.00544113609585452
252,-0.017382127022655177,-0.44520464480775745,-0.0995505136206755,-0.1174219589261085,-0.05965202484134009,-0.019039683212840983,-0.010291831596504772
253,-0.04633006809220221,-0.478543297182772,-0.02599744562091209,-0.0389307318228676,-0.03358391540217718,-0.020411665337844453,-0.011987083109206516
254,-0.008709163064210271,-0.3604380940445057,0.07237645810857818,0.009545430046228763,-0.03330771521895819,-0.030384134963068507,-0.01617502023742594
255,-0.06267136341679472,-0.4837536439987787,0.07204585539874038,-0.018797080350264804,-0.09436624918973942,-0.08776084336852888,0.04439464297414286
256,-0.00849969652310651,-0.28919447697529244,0.04073937041154708,0.04643730925791447,-0.03640550929020138,-0.029999267674118743,-0.011179293090191972
257,-0.02091697427862727,-0.4705531960977122,0.05889731303900431,-0.014977400575212588,-0.04961261567392926,-0.045668256764680726,0.007713478205668776
258,-0.03975309355022608,-0.42908268630887797,0.023590196382250152,0.011113039967152748,-0.028043525555315217,-0.012492281621827108,0.027056464784481572
259,-0.05068927860275485,-0.49279515732734575,0.07121548826356824,0.027765356332622143,-0.0508910340280593,-0.04275860698354904,0.011725008658254007
26,-0.055335115339678116,-0.2944204219131,-0.07520654989820266,-0.050587120496849436,-0.04484519004415406,-0.05051333156770742,0.06881653451601745
260,0.01099505456397896,-0.41467288045605416,0.08900877495171029,0.08650776156169743,0.006573110496897842,0.009612943897603523,-0.03820671661811089
261,0.016989532779100577,-0.3294271526027368,0.05094467628129091,0.03401874579396516,-0.0015594269369389414,0.003202960785090571,0.012202668214566946
262,-0.026295197716313622,-0.4389073284734961,0.07851708244068413,0.015716668444569756,-0.05424543442323869,-0.05802844397286319,-0.02127618447518522
263,-0.03579718084888382,-0.3497223558007709,-0.007592739221219076,-0.02468526243671364,-0.05463783898726075,-0.03048303547693454,0.010592771734076028
264,-0.03067966338287962,-0.41479129433328654,-0.04671577058411869,-0.05691099834290163,-0.029720876437464364,-0.012130964808249373,-0.0070725946738896305
265,-0.05457869856237582,-0.25643668090112764,-0.03836699403027801,-0.03611875245354905,-0.02267955222081561,-0.022389258508994196,-0.0012258251716862109
266,-0.022529249593994282,-0.37281975257417727,0.020686022720675316,0.03168096025129023,-0.025386991677303503,-0.01573223184003047,0.0009161485956136926
267,-0.04092354541378388,-0.38887541297194156,-0.04154228835394239,-0.058726470159506765,-0.030114687843529817,-0.02920356560670235,0.038450635118686446
268,-0.03074506940305697,-0.4330768880893983,-0.04146188853452045,-0.014251774642424598,-0.06556739042630802,-0.06883553296066439,-0.016133783964914737
269,-0.024613542847803024,-0.3903552251450714,-0.09291346784411739,-0.07737081695089772,-0.06411783327260293,-0.0432265501423299,-0.022962209720169123
27,-0.060822546592485094,-0.45138268472445464,0.03987107320057637,0.016615594648527042,-0.08833334028387117,-0.09103548026965713,-0.005590433967241256
270,-0.1175141321233849,-0.4480748162772628,-0.027582939328314356,-0.03856490369567539,-0.08114292530006346,-0.08092635920084541,0.0621926178274786
271,-0.0809934643584521,-0.3665692749482622,0.04496575326208906,0.007087718401492675,-0.053587244382302564,-0.04933551198691801,0.050985098976085566
272,0.03268995827040337,-0.3713597207228815,0.10242959910696536,0.11126859362959336,0.0015843474777795493,0.004161514737121134,-0.023287340392102285
273,0.021400696757341284,-0.43740057093404655,0.06235453262600961,0.036965835162316565,-0.00766596562083452,-0.009021415016680688,-0.010189875296966825
274,-0.015184327822508276,-0.4465366436548005,-0.03722162326253188,-0.026555565941095975,-0.022490033789016154,-0.01746586583730828,0.006909661592086757
275,-0.08109707877159787,-0.31116244335493726,-0.08642394274237014,-0.0486792957578048,-0.060471642217902,-0.05841261086398749,0.05199160290659805
276,0.04624749722594005,-0.5709414960365948,0.14481216518975004,0.09618978194586904,-0.0022967272951312533,-0.0033829753261481123,-0.05651631487125766
278,-0.09010373070817418,-0.5874611558761818,0.15160708846238571,0.02859796809347228,-0.055419820143200564,-0.05761691334436431,-0.009472483101208642
279,-0.14110841099010013,-0.4171103887265728,-0.1305604590966694,-0.1353787781026107,-0.10223207723168479,-0.10732828368581203,-0.027079809455417863
28,-0.029283259661648953,-0.4604137368495484,0.019049186755775452,0.013564468913346473,-0.019091587191396756,-0.015004501618664137,0.032189848204360286
280,-0.011599044703269891,-0.38577786163640554,-0.024933361121666994,0.012137345987327955,-0.04259579453019047,-0.0510664772096134,0.03989152524519206
281,-0.03674555349690009,-0.3096851832078628,0.03858733706426464,0.016245704368190624,0.001093501641084839,0.0032083600149359396,-0.025256904054546427
282,-0.07267165439583846,-0.3054757990499056,-0.06199463619401169,-0.07070708355298609,-0.04391150930338283,-0.044732891417527114,-0.03323667465888192
283,-0.03549914778870467,-0.43437228843282133,0.027849867138846126,0.032259082416308274,-0.02912983124136614,-0.024043263390886853,-0.025008302548806653
284,-0.07102770491785282,-0.367289533414865,-0.03420522337441766,-0.04107849253027573,-0.058025139501534574,-0.060265348460720444,0.030787374687647744
285,-0.047625126611234685,-0.5905595061924768,-0.09890382248971742,-0.13151849424548887,0.012577189115169604,0.026802566424119587,-0.013703698943311646
286,-0.013737403603378554,-0.4270691935177509,0.04459457355459042,0.05071955677576381,-0.05176704060359728,-0.05192069519119876,0.021988610288551896
287,-0.061021479293398136,-0.5568455930400149,0.09219004435788636,-0.0006863990072962639,-0.09248590599896234,-0.10102102387818214,0.0495424134324234
288,-0.04286277696572185,-0.4528089107963056,-0.015452332180119804,-0.030998644329962986,-0.03646916457431206,-0.03562581300762269,-0.007859705704573833
289,-0.03210710603615674,-0.37767379486377484,-0.00968403270761552,-0.022705139292322703,-0.007459527743083527,-0.007506802428958502,-0.03488955529484366
29,0.008174494737054623,-0.5067852590760676,0.09982263721577692,0.04910645657391853,-0.02586133476928025,-0.020762947036878553,-0.022606118326149605
290,-0.05068779793752829,-0.4178528894782226,0.002125447686561974,0.03813692967352183,-0.024612791795948684,-0.00788994533211417,-0.03272581564252997
291,-0.017704401426070614,-0.3896697903165481,0.07685635993021975,0.060686122681271264,-0.0025062908962366166,-0.0008814387698604548,0.04790341396434678
292,-0.05098317799782241,-0.5182668519713695,0.06149955249164721,0.05894133757169262,-0.03702076953812867,-0.03588974794082438,0.0018669029283670453
293,-0.007189202764566285,-0.430963784383078,0.014872663219196504,-0.004368453243243676,-0.02255314926775335,-0.017571525376746625,-0.0009982411340101727
294,0.043138837504259675,-0.5520878606967426,0.08596807717934654,0.030847449281388897,-0.040787109104410656,-0.033957477188422826,0.03210363884056232
295,-0.10343823259492112,-0.4898888127493525,0.017369384534636805,-0.025667222787424424,-0.10008108902926702,-0.0990305142713371,0.08033199201041555
296,-0.08207207092913667,-0.40305992343347596,-0.0006417843278459325,-0.015663119592632363,-0.05960189855047644,-0.04301562463477055,-0.016288293276988015
297,-0.03709290209322048,-0.4528767235620551,0.005342281603063131,0.03275893128989679,-0.025028232069751726,-0.01792740276674761,0.015677519170862086
298,-0.03471764102233111,-0.4832794330483555,0.06547752906426979,-0.01024688307621351,-0.038000073684616664,-0.042028769789046,-0.011394426505572116
299,-0.0059376013027504174,-0.4163692443119941,-0.061192885358094674,-0.0475677035235894,-0.029393600923800958,-0.005449161418132442,-0.02478628289278994
3,0.003319868197874304,-0.4007826855215312,-0.028874860425084633,-0.05042467111038473,-0.017920985081794304,-0.018351955981497386,-0.03932707693348961
30,-0.033812755204118,-0.38030296628473836,0.010109209448624921,0.032881573860515476,-0.018877717744319338,-0.017777944100910024,0.021745257576364703
300,-0.0581409801235062,-0.3721268023394965,-0.022760143323977307,-0.04038933277969492,-0.06150740126007195,-0.060597036029980254,0.047287176016341206
301,0.024438576262429984,-0.48281169336083646,0.08522412777555002,0.01643026179587637,-0.033336239355130276,-0.03014317844769199,-0.0019151877428842602
302,-0.0024546330146489057,-0.39176207444850786,0.028217995865516057,0.014673499608336657,-0.0242274373277401,-0.018442497566942124,0.013456782670081248
303,-0.03658030398569822,-0.3747372329997451,-0.021277002500116153,-0.02111486524418366,-0.07123641465889542,-0.06997241488811486,0.015418688845041115
304,0.00924498963638363,-0.33255426562706103,0.03699027428345206,0.017715349627917244,-0.014642462176471763,-0.015440318053320143,0.028097255459316295
306,-0.029592219495358892,-0.5281629932095004,0.05687621840407111,0.002167219970655426,-0.021069466373205673,-0.021798834460862376,-0.021926688679036212
307,0.06960202300410707,-0.17480284654900824,-0.04280779100984801,-0.06079656848235752,-0.021978323863679233,-0.03211369046642926,0.01862485190006295
308,-0.02766396482347074,-0.3304321289493136,0.04612776671357634,0.016113733443426138,-0.003425933249651164,-0.00425713373919412,-0.029105088989552465
31,-0.022660885126556826,-0.5052122864632663,0.09278058251452614,-0.003064245350622516,-0.02616566439745203,-0.042701855983404015,0.010335982372928255
310,-0.03366076328967555,-0.26110249228651117,0.07084082298619324,0.05764703708087306,-0.01639747844269781,-0.02581376385306372,0.028266639022769262
311,0.02313880621504101,-0.2746384866088974,0.037436026288185,0.04822173615980127,-0.005671310157512711,-0.0006080449477585464,-0.0042513227317124615
312,-0.07786865919960519,-0.3814328029141154,-0.06955947088514192,-0.08054959984276508,-0.07073296384706892,-0.07140315154414097,0.03764578323750555
313,-0.048635518210762355,-0.5380851660240838,0.0034430416327892845,0.022801029810422178,-0.02913450505215154,-0.023623107024096153,0.013432565926424573
314,-0.03828495810006851,-0.4633930818852562,-0.02427235738563242,-0.010837365568036963,-0.02211127613118805,-0.009845931254691364,0.041323936951950656
316,-0.0783515110510492,-0.4303224108231147,-0.012216670146684627,-0.021825513239072277,-0.07710604216400176,-0.07731937933972517,0.05034329574258575
319,-0.023716204122188726,-0.48364276738872375,0.0003840199137907841,0.049938600170222676,-0.03206256178376914,-0.03237620758020077,0.022881882299543233
32,-0.011890140976105825,-0.3753827697090736,0.028611419048057588,0.03142479382842079,-0.03484240881039701,-0.029382097428372122,-0.018554053573063264
321,-0.0697941885706239,-0.49010124246056064,-0.08481067181762383,-0.12781021585269564,-0.08198698872634202,-0.07095381045736827,0.03751293204744283
322,-0.07914376257737568,-0.6194118461158432,0.06104142814108333,-0.0048258083107475536,-0.0368803010216312,-0.024067401827888076,-0.0062687648279818285
323,-0.11537488828178412,-0.3979029416338838,-0.17708719088908847,-0.18655562945432916,-0.12180742203168601,-0.12115894132121374,0.04441693999718258
325,-0.07475028878581355,-0.4448804380272441,-0.01532345195722558,0.009060261354903306,-0.04412350950368333,-0.04105190838944121,0.05738613423551978
326,-0.0056085497209724415,-0.45662627997211475,0.10633664462846792,0.04331773097534196,-0.011161978404675442,0.0013551168439156762,-0.006325442188839369
327,0.05344662703982985,-0.2591037471658348,-0.017826026544571286,0.007127588111415582,-0.03728062663242409,-0.03739390659832423,-0.024620650100687036
328,-0.0550461616053691,-0.4466318005232216,0.006944032248853044,-0.0036501339532202964,-0.037113313028182986,-0.03723684687142529,0.010588929448464656
329,0.041585617600497615,-0.43021369027047923,0.06759911917503857,0.06995965643343567,0.011708515417686067,0.015907283331258973,-0.01780697053024041
33,-0.01698913808025185,-0.334867407932925,-0.022971858239216474,-0.006699993475814342,-0.013872853214510376,-0.014290408300497182,0.002846893141997104
330,-0.025874146923965023,-0.2709274333257884,-0.02957105936440172,-0.03383096367470497,-0.04053357933765092,-0.043240636130989725,0.053920943432546595
331,-0.02664669515523805,-0.38247425795320966,-0.07891190963493468,-0.028157601658583872,-0.027989202822755462,-0.008034288839320298,-0.006554440338032578
332,-0.04178306285165276,-0.4963344610486118,0.07870932404261001,0.03311729536018937,-0.045235598689417546,-0.05531601100218746,0.0004082026738050988
333,-0.07782191938651144,-0.5278469770837804,0.07684828709792305,0.03926867542359345,-0.01108744731626174,0.004532690220205085,-0.01934434455493701
334,-0.04789244123598971,-0.3175320216457888,0.04893519641887985,0.014810009415838243,-0.028339563310925374,-0.0307221358135319,-0.01741791861871315
335,-0.009259851435525386,-0.30092545826313455,-0.07541552498020268,-0.06341801190641165,-0.07318174142427529,-0.04332750297134202,0.0026778049104002194
336,-0.027465210571767807,-0.5938687615541948,0.15011660539637656,0.11593855704225661,-0.04403498560196616,-0.03836121567364461,-0.005351093733552049
337,0.006627593069903511,-0.2808157856908751,0.009116555665713828,-0.0012850157773634835,-0.020004224433879978,0.00222063130322124,0.04182086317647746
338,0.04000930465467946,-0.39312907049688545,0.07917063436326952,0.07389646942131867,0.03697990957150848,0.03847233028788138,0.005443164660025519
339,-0.022055631916643198,-0.157069825455467,-0.007520807902642288,-0.007502012053240284,-0.013115958884058384,-0.016415991096406877,0.009258596853210291
34,-0.028891224643658783,-0.3144808482956619,-0.00806176809759411,-0.014415646570267528,-0.04869285907543372,-0.049169463246526386,0.04312033445664536
341,0.025224191719856164,-0.545036969175382,0.17632644939995135,0.049725021567839534,-0.050486355191516674,-0.056072253026948043,0.01285521048958246
342,-0.05259187842548634,-0.3037513441334225,-0.04165153797915389,-0.051779375715522255,-0.034625120354158705,-0.03337184489126215,-0.01581099736150391
343,-0.06484400217812447,-0.33125661643000204,-0.04997750539914468,-0.05766633291111888,-0.039963942593041875,-0.035826516248939795,0.02308091389260207
344,-0.04292432460839141,-0.556521327189742,0.0592095483078875,0.022701155666585232,-0.014331376575141507,-0.013127475631061009,0.021091125319747297
345,0.005072055880371708,-0.37778174606473824,0.08310900083254923,0.08506991731459199,-0.03317964350885469,-0.03250223024360423,0.004744034665331403
346,-0.0013339763526143314,-0.34268143181271205,-0.05203020380559343,-0.056020108787009804,-0.057565202607830476,-0.058690086599847154,-0.0018422139779302605
347,0.04175193200861684,-0.44866349035279807,0.07055694962154986,0.06778726681518023,0.005469688455883057,0.001017248518898336,-0.004392941763214161
348,-0.011001937007283899,-0.5591795350565307,0.010870679033888057,0.015550842192323933,0.008925668765626506,0.013757848149759982,0.034028997799632664
350,0.0024648062902344757,-0.4579690205484152,0.006380094252754415,0.014722515542778796,-0.03334114383225282,-0.02636440293000855,0.01251513146807301
351,0.028655893912176416,-0.529433760229524,0.12729450695746913,0.0674427233334323,0.007620999954682731,-0.013552550839493924,0.021482242947193225
352,0.05028895029789778,-0.700859230023014,0.17563189438143803,0.13072688032132296,-0.030625903584894434,-0.013035475820175314,0.013414509196922544
353,0.014659223535180725,-0.5046358040891463,0.06135508573551448,0.021673007146178522,-0.027783448184848427,-0.013632030506495429,-0.0284617630750754
354,4.6261280312188645e-05,-0.41986111490583056,0.061592306578603075,0.045364786061980064,-0.01868715241896708,-0.011460646811786749,0.021627213407842464
355,-0.04810522709509659,-0.568632073825051,0.10965100169651873,0.06685789878181864,-0.025496993655140375,-0.024606640127692217,0.0031579430442896794
356,-0.020503651030403226,-0.3701318911871536,0.029756133507877598,0.03753937730737872,-0.03322677954245423,0.001064970213341396,-0.01780167409810574
357,0.007442540252084301,-0.33252495247505753,-0.038579323910340815,0.004653414989296907,-0.033018792965316034,-0.03092414869165642,0.005143566493742171
358,-0.008718879474816305,-0.32565562260282965,0.02638516331218617,0.012939027249358297,-0.028028567988110025,-0.028225196851638035,0.01494682725414334
359,0.017663439574820673,-0.3229456928792626,0.013517428292932565,0.004903410012241429,-0.00022124548473556144,0.009899912732734004,-0.014010418224127553
36,-0.060572571745863626,-0.38729477526482514,0.05393476603921954,0.010367552838125047,-0.06997572902717046,-0.06837101886677675,0.011316213998960456
360,-0.016750698498699375,-0.2112523665670872,-0.036909645579283015,-0.02226585287926697,-0.02089457945484457,-0.019552227571633225,0.031873315286167596
361,0.00550361938737052,-0.44059724132220135,0.04845888584334629,0.054854440143735694,-0.061886891915717404,-0.06443922815645563,0.04918814908151163
362,-0.12809963234352068,-0.5070682830062913,-0.029179626055472058,-0.04403944794195764,-0.015502236025748874,-0.009442241116942356,-0.007889295224286776
363,-0.024239026899646736,-0.5092576454105744,0.02763911034188172,0.0075780104907036345,-0.010243917407357556,-0.00423925081825471,-0.0016321940201585409
364,0.0004009793768456276,-0.2893600969682104,-0.05921818614249919,-0.0454552145483153,-0.00943022994693292,0.008270073075668075,-0.025198789380555482
365,0.028533176074612882,-0.5264084364240106,0.09286081783451537,0.06718069356687602,-0.00681126407056341,-0.009968594150194066,-0.04485113833154126
366,-0.030382908079791986,-0.4588885769876618,0.006537731262759503,0.01996340679025426,-0.03585057218490639,-0.018306255060992052,0.03628156753161333
368,0.028503821227815695,-0.21039440910910984,0.011087642624822282,0.023595676068493485,-0.00840172181111854,-0.007648618498683049,-0.020236185178743107
37,-0.018042626103402543,-0.3732189635536399,0.026819755569452392,0.05659623040940376,-0.04359472807581367,-0.024166549186548134,0.04871365143831279
371,-0.05175637953608868,-0.40454324361898814,-0.04198930184055536,-0.05361725747091358,-0.03374344312609217,-0.0318013685380779,-0.05278348757526253
372,-0.055105127361851636,-0.5163702683826926,0.07049234187653308,0.016526152664489886,-0.024012058915681183,-0.026592943264488626,-0.0030831709790675207
373,0.019176123221388307,-0.4446397558417063,0.05699323675668489,0.048250496552289746,-2.3921504142318963e-05,-0.00043761164323845395,-0.010721823019022855
374,0.10454146732444071,-0.7390934859154525,0.19328242343718324,0.10255865087710378,-0.011109113450979195,-0.08150817888517893,0.026652392451122768
375,-0.01708925125661654,-0.45594771672054085,-0.03322306635346884,-0.04464874621355214,-0.02158360472563806,-0.022566380649661308,0.04690153903149974
376,-0.04240308588798977,-0.6004260481962561,0.1291124060803928,0.08142180532662209,-0.02175121691216614,-0.025619154691993513,-0.019856553311236935
377,0.008924467239278385,-0.4324904574159067,0.05864565820702324,0.031184911956282573,-0.015199610826865075,-0.013641710047329577,0.03969925699689367
378,-0.11668395018561496,-0.347830708891237,-0.05939568363577046,-0.03434994921361714,-0.131427199632719,-0.12285304981132247,0.01747815868342254
379,0.01818510506810713,-0.4235787456668419,-0.039108557168067166,-0.029633952379997053,-0.02324196566268162,0.0033707552104825793,0.004571787546455558
38,-0.06558957477861653,-0.466361755449808,0.03503609366765482,0.009962043319827946,-0.005151419286784922,-0.0018956063575359498,-0.011296435656934351
380,-0.03752645233246868,-0.5179062911051968,0.04081921454042322,0.0005553225649094026,-0.06767170268679397,-0.055248678096255464,0.022564846772530858
382,-0.03262725820211429,-0.40073947244921687,-0.01196399882673608,-0.029137415751437957,-0.04930331957654206,-0.02590849669225928,-0.01689516033278033
383,0.01941503903594965,-0.5506331024372136,-0.06919612916465336,-0.009044859312667448,0.0024232567970036054,-0.012894819544724963,-0.003095187893573947
384,0.01807502863825196,-0.35972788324262556,0.023063126723544127,0.04059927951718676,-0.005809037305054027,0.002411809564070649,0.03913121017627162
385,-0.06724961777550877,-0.3179276847747311,-0.027717006835159232,-0.02712541974763978,-0.05836131922447974,-0.06761780922557167,0.023577694873966305
386,0.015902937168184507,-0.21595620502156412,0.01118523435719386,0.0008385255241072888,-0.027200882012807428,-0.021914120974437706,0.035599197081252164
387,-0.04474934385426631,-0.4107625627719665,0.04496110062183424,0.03541856604795643,-0.03605402621028445,-0.010257609205303407,0.001083942913092852
388,-0.07857836555567826,-0.377357680135646,-0.029358156276874586,-0.03470557610257962,-0.042111959501733895,-0.042992247908270824,-0.002806363072320234
389,0.030694256344432323,-0.5175035140179249,-0.025935011951754287,0.02209966964926822,0.02796520436584829,0.05820292055830823,-0.022277427420869942
39,0.0267434906850496,-0.3594864013747906,0.01887156357051526,0.006881631380348023,-0.018321167225920528,-0.024541209163196992,0.0031103004852381013
390,-0.09997038312772362,-0.48123376558842235,0.01186590957868807,-0.03462459758090962,-0.08472373351915238,-0.0870083799282202,0.028922747050608856
392,-0.03894208671670575,-0.6036549346839445,0.09742521098665737,0.09641959818661243,-0.009909874307503928,-0.006299920541603136,0.07699075527214963
394,-0.09276233695648534,-0.5380184786649194,-0.11807172483034871,-0.12801693849798446,-0.04120433884486349,-0.03730587938537289,0.003290665938360071
395,0.012292845507662804,-0.45542283019545693,0.011626065133241407,0.046787085276064455,0.014349954094466856,0.032967973415903476,0.00129867446976249
396,0.0029354538597321502,-0.28458030332036804,0.014597149330861063,0.015879321959314265,-0.0035021792243816285,-0.0016167652585929902,-0.034449371060003724
397,-0.028597687800300694,-0.403965676796719,-0.03382192582685369,-0.04184522894942622,-0.04361115430245996,-0.0431853045425487,0.0065500361829404575
398,-0.1336659568064558,-0.4619193868823469,-0.0015704031436047513,-0.030258944182529234,-0.08580292944564295,-0.08910656657260643,0.02464695515203016
399,0.09073642887876635,-0.5800866849992651,0.1802023191626041,0.08047592472860778,-0.01050219506936718,-0.02326928529889099,-0.029191740611147113
4,-0.010987549573139176,-0.4771936699435815,0.047263739981878175,-0.005909177824227033,-0.06381220977470008,-0.05143346504969867,0.01489018601681121
40,-0.01651649660924208,-0.49336982714373356,-0.07807685633452806,-0.06767958239550143,-0.010573018378640968,0.0045171447124060645,-0.01149114427483947
400,0.019521793278939742,-0.33227222055745287,0.010217151704401052,0.0023285177694816364,-0.006743803624273037,-0.0027268351810464954,-0.042312869870559267
401,-0.08144199738770509,-0.5065667961004636,-0.12597996475983006,-0.12743244180681879,-0.06425275963393837,-0.03669803407693045,-0.026190095127546748
402,-0.061830771832200336,-0.30529837895596723,-0.0005536216938649625,-0.011375318356818877,-0.01575435963562387,-0.018131553472689438,0.00604169000284026
403,-0.005348858655644637,-0.20212476108529562,-0.02550781390182279,-0.04151483619846035,-0.03659891619641153,-0.03713336538945593,-0.012767969219799186
404,-0.01887313018627754,-0.4236582036291922,0.053211517916058104,-0.005108106749643357,-0.07131813148272738,-0.07333340189511224,0.0252854856218349
405,-0.03796669492926649,-0.5506828540114267,0.021008972399747416,-0.03169429819196944,-0.02022321408702766,-0.004740750258202057,0.013275633865869425
406,0.03160131437264927,-0.5492375734184788,-0.05385146671437775,0.0277832633615877,-0.0023272062567257583,-0.0037522989226094626,0.020121454459516106
407,-0.06945587943185498,-0.4543317175727872,0.008508233214181076,-0.003506550724342611,-0.027503273167049563,-0.0258313203157211,0.03314337093975598
408,0.014641798679992173,-0.3612706655405444,-0.03849159914047924,-0.055880356757132314,-0.035056033555202766,-0.034496085790571715,-0.0002642230064373394
409,-0.06183748153579423,-0.41688618500636,0.006458340922590519,-0.0009125668884858236,-0.01988522486589726,-0.023111231086941183,0.019002227144101037
41,-0.004992669405948187,-0.3380708024380391,-0.039332349572678164,-0.048201821392995406,-0.023547755328989905,-0.009442340922391552,0.0003560567849069361
410,-0.06878563251665848,-0.45125154259231615,0.009485320984789786,-0.019298902600930267,-0.05001256712141414,-0.057676475106222376,0.01779213048135171
411,-0.07571902170473263,-0.4352875331251221,0.03697355427113472,-0.009693533870280224,-0.055185928196857414,-0.0575346196929286,0.04760916171286885
412,-0.07460710648269166,-0.4375885711038901,-0.04522716742252407,-0.024350437053986082,-0.002407166718790121,-0.004524678573319065,-0.003630658350289389
413,-0.031241109453568627,-0.2759805478669465,0.049540047661881574,0.022524077629028545,-0.03819909046778562,-0.04235657652220384,0.0386193649208763
414,-0.003363643646681865,-0.5143965531927832,-0.04742319230133888,-0.05406763995794118,-0.034750436563007636,-0.006283725021353924,-0.023253504799869346
415,-0.05525790267890658,-0.39726427329499936,-0.0314085068005281,-0.03578190968119209,-0.033913190481998895,-0.04226711461271893,-0.010850205086681367
416,-0.0443514457630058,-0.29322562916424655,-0.032231301376547915,-0.029756176494820066,-0.056369258914421,-0.05503566205848148,0.040898071571403065
417,-0.036934000712859745,-0.356840737615985,0.026960759860476666,0.02694784968017636,-0.06776578953710723,-0.013970333929674535,-0.021327021344062648
418,0.0022609710061037595,-0.28219040723632155,0.032382506785883766,-0.0017910824142734795,-0.014225505320291088,-0.01430891450063214,-0.022980705062756655
419,-0.03406163959564707,-0.42153714713242724,-0.02141143375234928,-0.04332124346655744,-0.053651200688949595,-0.05745569203156649,-0.0031312389407927104
42,-0.02847196185634166,-0.17624772734161429,-0.0465811342909607,-0.03649046531133252,-0.044054527628025655,-0.0434018815537652,0.05174864277150656
420,-0.01269819958822349,-0.2607097263755003,-0.04745790167205384,-0.0530707826959025,-0.01580160202729438,-0.006852052360120756,0.03560476477439456
421,-0.05295323805777724,-0.4752182499659674,0.068114305096385,0.03421527150495582,-0.04963188561076802,-0.04298114345138677,0.0273267859641394
422,-0.07389821139171261,-0.19906485186959064,-0.050591221516415714,-0.04716676996849528,-0.0364587772919295,-0.0332038649533689,0.014217445955426377
423,-0.0326939383482375,-0.30166688193240043,-0.02796420421340525,-0.032691596801707815,-0.03020278598082194,-0.02109530911110576,0.025910289850912892
424,-0.04822486986873705,-0.38714515223616625,-0.02848055399874466,-0.03124806310575863,-0.03404221634673525,-0.034924067564397046,-0.04402768871198728
425,-0.01822877098527585,-0.3119758213230039,-0.016743205889773953,-0.010993080449827546,-0.03164056202490432,-0.03121211882406305,0.004519830806093931
426,-0.087643462129707,-0.333930692514287,-0.12089597938663231,-0.11280954071327232,-0.0776783136950666,-0.043765849480294765,0.08555874613927429
427,-0.017439128610129088,-0.5909624412325674,0.06153893215088042,0.023536197612956243,-0.07716150859625115,-0.07774069914153643,-0.024113144031897137
428,-0.0008038363183055302,-0.3902082346660465,-0.01922998980747493,0.01765263031812165,-0.046729203677329564,-0.045657485203821124,-0.01851108079273796
429,-0.04549214809453209,-0.38031380622994926,-0.03931786474177669,-0.04156408274557625,-0.04300177871138225,-0.04277724550922186,0.04456126486474607
43,-0.04371771535699279,-0.21324089298355445,-0.002589577324172176,-0.015241224754083868,-0.05626051181308849,-0.05601433141300467,0.021032971348542137
430,-0.019261358700914586,-0.4397995153685198,-0.02066249776339138,-0.04455881688872953,-0.0730728195205122,-0.03778860660125416,-0.005093261673721201
432,0.00323877658580567,-0.3352241035713346,-0.09681807362052744,-0.09508904270623399,-0.04271973972565441,-0.030205861870937056,0.017678852958823616
433,-0.008483809306228367,-0.5081308526760171,0.03652026257798614,-0.012522124306226415,-0.03810505962285225,-0.03396827228830378,0.0043544004778326975
434,-0.03222586065218903,-0.4663281055818468,-0.016513779084521125,-0.018825652465336178,-0.032036131479823544,-0.022299379707211246,0.01233099939338557
435,-0.04868337014828163,-0.2699545594350932,-0.02671016051320522,-0.018484493504916395,-0.05360384773342269,-0.048881768847069,0.018539015643269603
436,0.010776787670518411,-0.37362435385650844,-0.024320534513563564,-0.0004269858089071386,0.01708531788766665,0.022041947875101796,-0.003300515829520728
438,-0.009373338026034864,-0.5262928626092424,0.038332569433785865,0.012615155907677802,-0.018620739660696804,-0.018545241110491828,0.007265445369459752
439,0.00768007610573482,-0.43856667169698366,0.1061756155807529,0.09432173365309396,-0.028225273271050667,-0.038420125607162105,0.028049000270972894
44,-0.025233517770624086,-0.39618681546769774,-0.013860268939543788,0.023398455247783407,0.013168885070107833,0.014256177176357642,-0.012865663430255461
440,-0.03447503146954023,-0.39116094596262696,-0.0033859965301101594,0.019232224871111456,-0.0005236827393589557,-0.010203744589793505,0.032218312222415606
441,0.03723343107462242,-0.5662636018233115,0.2039526565072741,0.09318549788117873,-0.025809192978699578,-0.015403713835298422,-0.042102512560899204
442,-0.028226386992731393,-0.4130828138799792,0.03145885951596966,-0.014007697359159106,-0.020387144336429828,-0.021807576729712317,0.020084335581547527
443,-0.027339993822235516,-0.32875378112732384,-0.018012654859146587,-0.0032631478960407252,-0.02225671527751207,-0.025776039553576702,0.03805326097001403
444,-0.011709501665419016,-0.32595211761089626,-0.05690317351413388,-0.06287449536348791,-0.03234592571784076,-0.03184698657819614,0.01562645661759997
445,-0.05488631373906823,-0.4160722498551771,0.0030220551697845055,-0.017536248308841682,-0.0466452598520976,-0.04003069728334011,0.006765329171381898
446,-0.006245917120383861,-0.39039874158076293,0.05648538251697301,0.022908973961528713,-0.03366298336871242,-0.021685725010023055,-0.03424131650942253
447,-0.01870732716774128,-0.38336670838602205,0.04837330656293968,0.050625157238362584,-0.029372149681964877,-0.03122448560837997,0.019375665927119264
448,-0.011676052774867067,-0.5067483860324818,0.09670050760618554,0.10783856430179264,0.0074590393946285145,0.03197896539496658,0.0018976718595228714
449,-0.039358775619365786,-0.5945326807451239,0.16263709002806925,0.09585872580829152,-0.0781227183252658,-0.0749995765605437,0.024921349422602896
45,0.033977390476412975,-0.18237631339046148,-0.029597665531152773,-0.022044497425182927,-0.01794056997308003,-0.016166808582944017,0.018996387662488807
451,0.015834338644669686,-0.28672477108173855,0.0461956701160767,0.015163895155698076,-0.025680251238043586,-0.0052126126917240515,-0.035341542251714805
452,0.032782564361787246,-0.42067691948116803,-0.0033376710051737013,0.003040534872417614,-0.0009441271200117803,0.00561077824270307,-0.010821377139585621
453,-0.06865323429198189,-0.4068402392209102,0.06257295465883538,0.006725665018814562,-0.03395924490007969,-0.033248865320346044,0.006736701244296016
454,-0.0655111106835371,-0.4093914240995517,-0.05469322719377579,-0.05681247852275452,-0.05608076819141244,-0.05120200317208258,0.013677242476192593
455,-0.03917642073313294,-0.2402480288993826,-0.04698982062644185,-0.07471080302156195,-0.04639626246604153,-0.040022489508737144,-0.011489372946844075
456,-0.04361574393679825,-0.40397827085920374,0.032122401731483334,0.014517739403693867,-0.026064747414077306,-0.02397810953115304,-0.0014455073503427918
457,-0.002811285383033479,-0.3612199210689288,-0.05576682174125181,-0.07586464537955508,-0.031859947528142835,-0.026285410745366198,0.042906634741246896
458,-0.06354046327773413,-0.42877571692946664,-0.023165128745188206,0.009130468402674246,-0.10864620745924447,-0.11001083511333921,0.046101269136408114
459,-0.04283473861788483,-0.44698854468557936,0.022459025827313,-0.006852087456049487,-0.024301542809837873,-0.024364573787498692,-0.0017606860547932828
46,0.0026797404338678096,-0.27745021410958703,-0.015704618053262186,-0.038530065353142684,-0.06225555205531084,-0.05007736457536284,0.01175942527922928
460,0.04532557492864197,-0.3607546276245744,0.0492062629094747,0.05849213157776573,0.018092473636666103,0.023692131724077088,0.016372587869549378
461,-0.04682136694632888,-0.45840463972928996,-0.051196532024558,-0.061898580452960386,-0.09447993496333056,-0.08713131064361974,0.007273005985488343
462,-0.06173745415640836,-0.3775930492466771,0.036684961258018796,0.017938150938841987,-0.06631279045473877,-0.05997052898040678,0.024537424990111422
463,0.023784795173227184,-0.5888763519469372,0.1376506242537733,0.09636419567337393,-0.021872627604143338,-0.021108520000995282,-0.03206757760996388
464,-0.02798306593831328,-0.49533610575482445,0.059149841568484976,0.008981621780029213,-0.0310645060680423,-0.014324573545088516,-0.01576394352111393
465,-0.0008750661097652411,-0.6576090487936751,0.0016799471963345866,-0.009869760976077143,0.01252894429857052,0.011443069972154664,-0.0009173534823477516
466,-0.015956282003734484,-0.3847238992636977,0.02948392235081565,-0.04005157657206324,-0.07114098699322595,-0.07088455443139668,0.014067679318454311
467,-0.03208735702076392,-0.3424069222865586,-0.002308846794908595,-0.010383640235765221,-0.01936246778744797,-0.023091568941135683,0.0051078409689510225
468,-0.024749998950188107,-0.35204480421577866,-0.03328106400994116,-0.028647724779121912,-0.049582330405181195,-0.04576769648924425,0.05017081768193392
469,-0.04107842763781187,-0.38106308861609345,0.07752805492704881,0.04065308252162844,-0.024746086494575804,-0.02053756838325339,-0.022502890262666435
47,-0.050267970180235405,-0.5043941463628556,0.05656312708068186,-0.025711352300359716,-0.028987909636308387,-0.042291657676054556,-0.004362361590942276
470,-0.0821179362242618,-0.5405267526381546,-0.006916388401156564,-0.019611474749919516,0.015368851936571894,0.0007949340705926323,0.008084099937228056
471,-0.031981692413698,-0.2885444101131028,-0.029504251183436032,-0.04763924502872196,-0.04482550414082053,-0.03754512916625449,0.05599795782907789
472,-0.013192374942104948,-0.2748615649540083,0.026117302669904065,-0.03078414897310812,-0.021917697915024657,-0.01099900401134031,-0.013293022512059608
473,-0.018675203289653036,-0.5825254693505288,0.1321477496874005,0.10257448515477587,-0.029441947340445727,-0.02619996318577572,-0.021649719433709972
474,-0.026882023051875602,-0.5182874472951954,0.01475848848049233,-0.02833550048559901,-0.06027738687437049,-0.05484654410104466,0.00989200773479631
475,-0.0016631746243664705,-0.37849728157372775,0.0069095792356813875,0.012077381758584464,-0.011247882907687535,-0.012505326462160038,-0.005121778135751315
477,-0.00450330467457203,-0.5934833332412478,0.09775181616191202,0.10958227011095319,-0.05066105427834956,-0.05198580134833109,0.0015071200442087595
478,-0.01758537061992127,-0.5391072908208282,-0.02420046004988399,-0.05769801634163763,-0.09892428343827439,-0.09836320103161166,0.02844056602223736
479,-0.08075674966928789,-0.4392481708809729,0.015974292350707235,-0.03608923114073951,-0.11290506048851724,-0.11467696529608974,0.04381989034755299
48,-0.0557818721504904,-0.4439713055779082,-0.00018763748742267472,0.016576585436090384,-0.0625278986333807,-0.05164100074592789,0.031092148118007742
480,-0.07135238230176784,-0.46093998811198683,-0.0468063334900759,-0.08454745224004168,-0.03532352985643631,-0.03997036847574717,0.030630037891410316
481,0.04423106936819266,-0.40032838392217684,0.09213054136783763,0.06847214482309821,0.005716100993278785,0.00405040001407021,-0.02749518153863819
482,0.01801457048922839,-0.5233809350070617,0.1410780523968108,0.10840973437510883,0.00888201222380871,0.005609978379552022,-0.025548589817617047
483,-0.019419701881016677,-0.3318550297978657,0.06926595970290797,0.011418842169202673,-0.03495032460941238,-0.03660618772477417,0.02284708330244057
484,-0.01345014264675149,-0.29482088683154367,0.04648016923079724,0.025789491976155866,0.0016454955016147624,-0.00018833870285010318,-0.04263108178434915
485,0.01612533525512392,-0.6851037311160393,0.19223983687502075,0.11932446850993964,-0.023337006104080946,-0.03362535274605184,-0.008701881021952018
487,-0.02631368203635589,-0.43733830759649994,0.07526142511834409,0.08731822121578639,-0.01874737277571142,-0.029672576568958484,0.01936194481104122
489,-0.032480993877831224,-0.48544678342474606,0.055239421724338246,0.026569018602566174,-0.054532083227992384,-0.054391020553897815,0.03757810064357163
49,-0.090562495980837,-0.23567358701536914,-0.04311201838684284,-0.041952108822729386,-0.046213042428831,-0.04457867618629336,-0.005886370588581543
490,-0.023795872373535625,-0.42855163152953024,-0.049763382554937216,-0.055211620901991894,-0.023129857036511544,-0.02490545493758383,0.019643130768429905
491,-0.043928435256920875,-0.49360334128888206,0.0516871607012828,-0.017729826768083143,-0.05079035076431663,-0.052841793211334864,0.03585593412673939
492,0.0442706298049189,-0.45098539742607496,0.06549228896629625,0.04268918329152271,-0.017075306259512854,-0.01835285481151289,-0.011333925721892816
493,-0.00839403300031439,-0.404581125580479,-0.0018622747771497058,0.011551027324494907,-0.011120297964973366,-0.02285384416588028,0.008621683758526729
495,-0.002982018362970882,-0.3427004814606931,0.01541777982410232,0.01714564046091191,-0.03222394902079013,0.02445946151261277,0.002391819128570794
496,-0.0002715570920753997,-0.1895295101047444,-0.06263400094170397,-0.059820274567720204,-0.0371935756828034,-0.014080909212231261,-0.024888640560636187
497,-0.0255554902050406,-0.2916015908328518,-0.025085276931446136,-0.0603853201954711,-0.04993829508576015,-0.04942555377450009,0.0098293278524281
498,-0.033451000221927055,-0.3963548593210807,0.048667742657430714,0.04716806644949159,-0.01319274595990299,-0.009384415151566383,5.854066740989293e-05
499,0.02216323021181604,-0.3552670703496247,0.02430488240692829,-0.027461511047926015,0.015089341809787073,0.023063469639595116,0.0024842781084506976
5,-0.009207312230662401,-0.48299294191281755,0.0852375218657181,0.050286162897637966,-0.05914565444315516,-0.06574114722768534,0.08794953950884238
50,-0.046971176599339484,-0.3646349961098993,0.028768487406221854,0.09437611068394515,-0.032996072397577535,-0.03064989625937016,0.006990955081014771
500,0.06913770503581293,-0.3951822110998946,0.11863183395679683,0.05900015279719402,-0.006463119104054606,-0.006343319205263159,-0.013088209304269547
501,0.04049438680726706,-0.40475938699876607,0.03938920910792064,0.007207355959020094,-0.05259007986044147,-0.05576087600615839,0.0389299691113462
502,0.007721647109329538,-0.32740586203011124,-0.03375253313987524,0.020951279716215788,-0.020631181930906118,-0.02243861426551351,0.003906888443725466
503,-0.049282208386503934,-0.2638939247388979,-0.04290838243042606,-0.03141005483142061,-0.02111573893687212,-0.005361316980540072,0.013609830773679863
504,-0.03811302821235293,-0.3892188220958008,0.034505745695965526,0.001024847948603116,-0.0511746817759008,-0.0442839494560445,0.02635973298394426
505,0.03845471480590692,-0.3110600527613314,0.03321084403408362,0.04407057568642764,-0.003201975423554768,-0.003164447329907682,-0.018695973015274814
508,0.007499793494252842,-0.3926156798013865,0.028531009992831775,0.013216956568816435,-0.009020231432091323,-0.009843071559782306,-0.05204054862339627
509,-0.04968497589687552,-0.4339436220225516,0.027421904092771184,0.0066148838760174584,-0.0410608066462761,-0.05206745043221055,0.0020805329035212994
51,-0.006805916723897236,-0.43382520352837295,-0.07777632740334572,-0.0012220096697083632,-0.037894007259089556,-0.020739168458198638,-3.543944811612552e-05
510,0.006334695783115223,-0.5792366364305485,0.07512290156008139,0.054337677408012645,-0.03884688161098443,-0.0442986980359618,0.024775841566538996
511,-0.10391190047244604,-0.3447478437793296,-0.08120920191263747,-0.07690905957351095,-0.09352771616130759,-0.08165796139528224,0.013165129987330734
512,0.004360315527257907,-0.3841662073873815,0.02668089848494604,0.014056557609048542,-0.017178436953591024,0.004171281397881292,-0.00012622610476631637
514,-0.03369422880079079,-0.5009812548843298,0.019118261065124445,-0.020259039603011064,-0.06414154848892147,-0.0747620030240149,-0.01390302812759236
515,-0.0656827720045817,-0.5005538652622713,-0.007474695581025389,-0.010170104602204395,0.003158535109248973,0.02619776063013876,-0.000727997269250459
516,0.005373084700941048,-0.36706881155933013,-0.08387716775992184,-0.09345120842661672,-0.06856266442631422,-0.03977238289662549,0.0041939635450780385
517,-0.03201451946028186,-0.4107392468691291,0.024683581991404475,-0.0007111215650435517,-0.017708426798817463,-0.014681935944795678,-0.005681690724406152
518,-0.06427311558391662,-0.4320253732162046,0.010365284168172463,0.003357634408171627,-0.034794028440355985,-0.031146481239349866,-0.013963205987341392
52,-0.04768904193733702,-0.33628169189551016,-0.06454551849329596,-0.06586565928643782,-0.03801467555353973,-0.039007186006983836,0.011580272209636904
520,0.025970741839897463,-0.5619194908803447,0.042046526680169005,-0.02317761393586946,-0.02253127394983031,-0.03798818493095401,0.02071713944186612
521,-0.017910385525580205,-0.21726031504577054,0.054551403731580926,0.023944938970734318,-0.030987002230336215,-0.030581720016031967,-0.05950398722320101
523,0.02908905692869823,-0.5760479136773612,0.05486502701072906,0.09453226801251237,-0.03661387505247842,-0.03885510691897304,-0.0006297619593082558
524,-0.10219344665034398,-0.34320457546010247,-0.07214822451662702,-0.06858637739300952,-0.06925743536505913,-0.06802340759676721,0.046102875294270866
525,-0.06128672429196886,-0.35831779453811247,0.00117349155076999,0.010710269997344677,-0.03748287567397163,-0.043078588148254826,-0.03702730766342282
527,-0.0037078597373112194,-0.5800575038932807,-0.0055578342349316195,0.009371254914430537,-0.0332889722057611,-0.01614247041109163,0.019636846214882868
529,-0.06545925063140838,-0.32057581464453394,0.044880889970832095,0.015918530077007546,-0.01640746643826747,-0.01462151341586049,-0.006157617288658348
53,-0.007020011145446761,-0.3430406293757944,-0.03982704211894409,-0.032651475130904,-0.06590409954935644,-0.06560918896087599,0.02324863165695971
530,0.04096808564082633,-0.4478156853474225,0.05211903825484626,0.026624917402405704,-0.022982041254594333,-0.02842477490637977,-0.004178372426782524
531,-0.030353346302136153,-0.5357900945003009,0.13150794193721696,0.05564875081980346,-0.032274027613865164,-0.031149274106340948,0.018885512661149684
532,0.02222610388385398,-0.4143904999665976,0.11791963151529497,0.02794935632756539,-0.03281090914974117,-0.02954308294104451,0.05024369972276632
533,-0.03831776643413183,-0.43250825812241495,-0.03241436697770773,-0.0637101744601988,-0.04112963831483716,-0.0453605460971687,0.041881203811653965
534,-0.02348286166811598,-0.4087210492742981,0.022175308408594056,-0.008330027480982178,-0.019043407933920967,-0.02550858512216163,-0.000679690348388754
535,-0.07943378417078775,-0.4286435393382049,-0.09497937142264426,-0.06365467516810748,-0.01192726581463477,-0.06201894706687671,0.010879940347207994
536,0.05293987086168427,-0.5261861966480089,0.09142489343619602,0.006182259745704188,-0.021361413605614263,-0.026184041990488984,0.036686400677334786
538,0.019259198266121828,-0.20987668988683078,-0.033411552653880176,-0.014640977635315156,0.007160251275523936,0.001669457488738335,0.007723544069953922
539,-0.01677154839016904,-0.44548539813004207,-0.0007191106328226356,0.02052923844078152,-0.011662401192330701,-0.0062589141587748535,-0.027571896539417856
54,-0.08643143977209891,-0.4620480406664803,0.006289468011526672,-0.006265672795319333,-0.05569548807985572,-0.06442402903778419,0.007164422069917239
540,0.043172809214313705,-0.329632497153057,0.012075422927941278,-0.007913055243809846,-0.035192353611927,-0.024776751533183147,0.05123695321050814
541,0.0021244521259684702,-0.3362161769697229,0.0033541649342050377,-0.011007483308229258,-0.03539074351275986,-0.03023412628627004,-0.021739548091380446
542,0.05825822152876954,-0.33440026769191994,0.02013729829211554,0.03265506975942627,0.0158908323750863,0.017644287384969,-0.0249790548564633
544,-0.022369050401717938,-0.3807945824305713,-0.013669679906067171,-0.014755748457968922,0.005649695571168418,0.009142126488256365,-0.06132018658053718
545,-0.11882984715042642,-0.5415092374213524,0.043681085274481245,0.03876953344407725,-0.010232004099895182,-0.0016688276858520864,0.0033765335232103255
546,-0.04246113690364965,-0.367178634932546,-0.02852555536994747,-0.058443941087512816,-0.060783298637919356,-0.062293843655046914,0.021303080942413056
547,-0.010199155404403075,-0.29397970607147583,0.017337678184906037,0.02581843158697754,0.00027991352912431615,-0.004068840273115456,-0.012945265188939039
548,-0.00445101761651182,-0.3963939642543627,-0.005482702897527227,-0.011277151697046964,0.009768797692156692,0.010355963440976527,-0.007321416571579345
549,-0.0037663725254186774,-0.452018874517632,0.053383766158691115,0.07081976423410576,-0.002276783741023066,-0.006381348231086578,-0.05000320869682985
55,-0.013452405625235505,-0.44083947698335246,0.11909697977509638,-0.012265527311061982,-0.04625775007512896,-0.06885723207131231,-0.015180893386489343
551,-0.0746564480514134,-0.4806741575701277,-0.021835227499356947,-0.05196198750007828,-0.04474473363591868,-0.02695923599066318,-0.03180340571299299
552,-0.0345148998795308,-0.34378248749218543,-0.07516381731464719,-0.07989620043585322,0.019791536396269127,0.017705095829759255,-0.003285478742685817
553,-0.09603213337845437,-0.5037751591187313,0.013996292873211856,-0.014276394664471781,-0.08162644635981539,-0.08167840378652673,0.058635080294844544
554,-0.030860098386387074,-0.5467534014989045,0.05820096448396587,0.015082125739172935,-0.05451731107036532,-0.03808494487798101,0.018900396225703324
555,-0.053545660390077646,-0.49230190185212913,0.02043372034689723,0.046495159227401724,-0.03878965405214416,-0.027740527427539876,-0.012108650946324349
556,0.02832193190781887,-0.44429897384294154,0.0859200217393398,0.08365027004417792,0.000614949873745653,0.0008673343644832949,-0.005197107049754022
557,-0.023117338581491228,-0.30519795411371015,-0.029810432166830582,-0.005386548354490625,-0.043126561426608374,-0.03742313867294799,0.012996319134955593
558,-0.01867340223239525,-0.39459788226792825,0.03268030501412666,0.027905903403578604,-0.015518292448801587,-0.00456049586250781,-0.0020694584058321736
559,0.019743039687261345,-0.3837290899778465,0.02942688468213471,0.020200028418630937,-0.0058292801615362055,-0.010781605212895373,0.05851116503941714
56,-0.03907778226827603,-0.34100019481524846,-0.02976470055122233,-0.025420629307457226,-0.08230864169477772,-0.08233199385434169,-0.008428456384001812
560,0.003654590350093196,-0.4763985208723257,0.14417867743655147,0.1211562391032749,-0.004480588016668945,0.011664843847577024,0.024918557348422698
561,0.031630817938192037,-0.4360903326504359,0.0721065139191481,0.09650327723202369,-0.004124044631201474,-0.0006294444548750075,-0.031069405550286155
562,-0.09430757791441674,-0.3553677998142998,-0.0872136811847991,-0.0738799702107811,-0.09633950444341477,-0.07599157144701747,0.051472765415229986
564,-0.08591991426596512,-0.5376090299243085,0.02937180473511896,-0.04132023029596998,-0.07945308729413453,-0.08283911371974322,0.02371688607739663
565,0.0038591154707554804,-0.33771968768438504,0.0714555288775628,0.05001009892199736,0.009066959523222028,0.01427075333970746,-0.018834157222962566
566,-0.028241474361464455,-0.3676579180079104,0.04963735532525357,0.017879484998656145,-0.005652155288279377,-0.012386429477426375,-0.017931058732896316
569,-0.011882491002424635,-0.2714244744093382,-0.04965928027292736,-0.03841325522958529,-0.047486170190101734,-0.043720914278639396,-0.014037294045807846
57,-0.03319906818735807,-0.43472375584272804,-0.09538739860676831,-0.10802327148317038,-0.08567108900179647,-0.08341677151675532,0.04642519120307803
570,-0.010313327408264125,-0.36848602955827636,0.07637693447203432,0.052442134521536656,-0.0320591305145235,-0.028743264497759064,-0.017827059409024494
571,-0.12226245785167365,-0.4683859251609438,-0.061638586932611865,-0.06097048434092867,-0.07738351902436456,-0.06417607310445318,0.0011904863256889072
572,0.059017088970204884,-0.46645104345182137,0.039701713780362344,-0.005769330403754717,0.007134503391960681,0.013746973037411488,-0.04061515624431779
573,0.016810013701639853,-0.3148912283602457,-0.028720202501269814,-0.05637364901855194,-0.035385845240561646,-0.036202936276944236,-0.0035159838039673726
574,-0.09724473319268477,-0.37878789165401144,-0.006667812836224982,-0.03280657073297148,-0.027960399376619125,-0.01300628220867644,-0.021068529829251528
575,-0.07835869460411475,-0.5180467946351125,0.08882323228673283,0.03479599749139573,-0.05415406003295582,-0.055354786197297036,0.01775141290293625
576,0.0007963378772663027,-0.3935530521659897,0.04814847527206934,0.010636550162462864,0.004719423681435486,0.003671520751150543,-0.035079152409464236
577,-0.039001356221776945,-0.3719015789721333,0.0033454993668602735,-0.0010364820791169333,-0.0070264726317177915,-0.007002804033745528,-0.0012908280202524297
578,0.043331956466074066,-0.5305469345839041,0.11300515655698384,0.10576797533878966,-0.002624378425097451,-0.009855357683136824,-0.026364021155550314
579,0.028818752908463117,-0.5867458399508819,0.10525786912530222,0.08973425683332993,-0.024345988187015746,-0.026787352223736488,-0.012972546370435132
58,-0.04181315206104928,-0.28465289674364186,-0.08733000046016595,-0.07330583567982371,-0.030474363309570644,-0.03574354280522764,0.013994449428632113
581,0.010714210053566745,-0.4486021396676385,-0.04397483923852162,-0.060483202958150725,-0.058249356611601404,-0.031467248886679774,0.01619401870170362
583,-0.0933492627466765,-0.5288041926343047,-0.0048621510600394754,-0.03543125907182185,-0.06422869338063002,-0.04390883956487484,-0.009191648069746738
584,-0.02713031796419792,-0.278112718832799,-0.060862155088358544,-0.06689631812521998,-0.045192240953766234,-0.04196511426271163,0.06136899154087319
585,-0.05235057469707416,-0.5004728534696422,0.021698398962620116,0.015536700938031733,0.0067832850382434,0.01775864352095045,-0.03191047705089852
586,-0.0015571309060366135,-0.5529785415735565,0.09286778086012713,0.0755443593728344,-0.10048959015902678,-0.08879278731529465,0.004506616510053238
587,-0.0030829128699534024,-0.352020881496549,-0.05610231857724928,-0.04984150059244779,-0.009006226762800605,0.0019517393954379219,0.033413935398976566
588,-0.037117744225616235,-0.3270219720236749,-0.014902712477218886,0.02251677424303134,-0.01563162817629487,-0.01626162954669784,-0.010550946779931058
589,-0.07721603007524218,-0.3816253319459347,-0.021720530712444393,-0.04731599149744507,-0.03842084709939598,-0.037985946652571656,-0.0015958837001012751
59,-0.0374058820051848,-0.540819883704958,-0.01889264012317775,-0.048333247494462994,-0.02795212586464053,-0.026679891862596367,0.020557062728808497
590,-0.04435028571141503,-0.5045089993649688,0.14078947086557886,0.14461356024438324,-0.02419796880578552,-0.022556849324582805,-0.031505614853662565
591,0.012012176540963355,-0.2557544726760827,0.111098630474632,0.08210146502854676,-0.0046900403830571515,-0.005601201576413611,-0.02117904165788854
593,-0.03752888733481212,-0.6568227377026772,0.0030722011097126085,-0.054354259171924754,-0.03440156443775664,0.009581255153098357,-0.041194492204141786
594,-0.04106513675729715,-0.17403878624626387,-0.10670307207520527,-0.0897809733226914,-0.07378560311966074,-0.06780762176416817,0.03372913958635872
595,0.03156926614239265,-0.5996897378721383,0.08163367260636623,0.029522344125875066,-0.06514514112654028,-0.05959211205347154,-4.1167737501038796e-05
596,0.004808292949244458,-0.47743886521321904,-0.020122911989054748,-0.0277625646689578,-0.014305204709941394,-0.004215554728959061,0.04807257721784796
597,-0.03768765146491362,-0.32133227113683105,-0.037178260527313656,-0.04984601384022626,-0.05374773704620374,-0.06460816194614832,0.04753617780826441
598,-0.02547053527783443,-0.4571247404131807,0.0008250619143409071,0.011721043335839256,-0.02109138484255535,-0.030390276253291472,0.017894133169973955
599,-0.026505704970196897,-0.372432497883593,0.02002140500877823,-0.028470632845758116,-0.06302666909278087,-0.06277693946778201,-0.015208888069984534
6,-0.061721648458242524,-0.5869169722143258,0.044636364684419845,0.13277963548359312,-0.014462094570445458,0.03737465551333376,0.023358449918790696
600,-0.0030168219791170472,-0.30293379615548477,0.04145481721184701,0.004425368377044635,-0.02607668266941936,-0.019722940419379643,-0.038132781011976195
601,0.014052064636292555,-0.39149525075531505,-0.0255345951398675,-0.025245758289916192,-0.05279297163796765,-0.05048987114641899,0.03405333123309829
602,-0.037524297662660556,-0.44344511359315825,-0.03442537707020323,-0.01048944782073691,-0.036260225125773614,-0.029854236620651637,0.03727113835057685
603,0.004970517883631573,-0.3533486821473677,-0.040162389495108294,-0.037236515466463824,-0.05149225667286223,-0.05307252228624808,-0.016424636162949622
604,-0.03804531489947004,-0.4784185296092537,0.0013714476137337967,-0.01784584262341474,-0.0424989282246005,-0.04349180541586392,0.005803306287368828
605,-0.007522210697730798,-0.39496232392280733,-0.0032364618465585814,-0.008813694407209112,-0.012032752518769578,-0.0041006996834104395,-0.028806295697091037
607,-0.016415897867460116,-0.23973804028299658,-0.07312951134139448,-0.08270330003801438,0.0022530470484033727,-0.002434867900909282,-0.012558292385108975
608,-0.06617766079531227,-0.491463720916075,0.0013662050385761923,0.001732184459462153,-0.06560347243534369,-0.06704226581833563,0.05112430402227659
609,0.009079909450551262,-0.29818738053516736,0.05618678902245231,0.03327823456277078,0.005939083753063156,0.019265173867600485,0.04957219617232207
61,-0.06673729336691164,-0.42230268103241936,-0.007286349751883388,-0.003259254775452698,-0.03975359266853545,-0.04298905218184624,0.024777170903251846
610,-0.022331563702128555,-0.3225143853234994,-0.053967829591327454,-0.027359668349287363,-0.08159873663212318,-0.04073567215577154,0.029746776672408812
611,-0.0769296468563744,-0.3233170674298621,-0.07098916486183662,-0.0628040732518573,-0.04957164771045979,-0.05922578530564393,-0.037735084347661506
613,-0.06526468380450254,-0.36502254300147313,-0.05722327451729464,-0.05079939954328124,-0.009183157264215695,-0.04029001476361877,0.008931017343879088
614,0.05267935286550636,-0.3647176849823107,-0.011701178776159718,-0.044352793643365876,-0.06718204050104129,-0.0654994138282061,0.018747936713161828
615,-0.0631785686881215,-0.4279224493621018,0.01955084430545775,-0.007567525734977364,-0.051631222326477676,-0.0515010445309229,-0.006802947352825431
616,0.04524034549566624,-0.26167108738607,-0.008215604466935119,-0.0005544490377594503,-0.02262045753503434,-0.014616544887675227,-0.046308873578114196
617,-0.057845812334416664,-0.32431369238283553,0.06220390155596271,0.020538596623363867,-0.02080110466952693,-0.027767566993931375,0.059441375830912475
618,0.04291294226925851,-0.38696438725481713,0.09031788207610365,0.05289665677386621,-0.01984902202988566,-0.023030189122332366,-0.05261812873784775
619,0.010776913176062702,-0.5001392324072735,0.001508738733079264,-0.03038570696852124,-0.05901541672115531,-0.05213869442773558,0.020707395525531608
62,-0.1344549538323588,-0.24421568975526942,-0.05792395938358504,-0.05411246892481863,-0.032238722311101115,-0.03337618877877082,0.03967326933755843
620,0.03559381408803408,-0.3620810130761796,-0.024958475745737563,-0.03562014059275215,-0.008217097000260666,-0.008160963323133433,0.00883241323299221
621,-0.03600347019725549,-0.35022486527278435,-0.07222160651552166,-0.07886980109458143,-0.0472869847548841,-0.04270279986646169,0.005816233357845119
622,-0.04007859223371326,-0.48867149543323957,0.002408527865691018,-0.04334502129619095,-0.047156909964386,-0.04291822241221859,0.03354021050111168
623,-0.04972452362189864,-0.3851908006735208,0.03430646209835613,-0.0013135596569440384,-0.03528473369100601,-0.0382379646310375,-0.01930020009241791
624,-0.072352595150328,-0.39552378212471734,-0.030053954344021225,-0.01644554072678417,-0.0007442308850633284,-0.0003954043001594962,-0.01546095664678916
625,-0.050430728857527016,-0.26997817297441795,0.06119679329330749,-0.004349497373085955,-0.08424351601360865,-0.08168174945709655,-0.029320825735700405
626,-0.032980314169077485,-0.3377948234392703,-0.0021263433751272888,-0.017813402229648313,-0.06940743227824048,-0.06328603910277208,0.0026833636984116564
627,0.03564215869744716,-0.42107554535591224,-0.02412005014431216,-0.028659369437590093,-0.0531605176145546,-0.053106282972578,0.09172803372727965
628,0.018406086451029313,-0.283985523205458,0.049168628573185595,0.02428604759204012,-0.012179191717924762,-0.025381464145405774,0.0026041227577913656
629,-0.0469305157587621,-0.27183895159381866,-0.04462581169849243,-0.048768241641736744,-0.056090540466203806,-0.05945659308473539,0.06141893984286924
63,-0.06608331109076762,-0.21015262226399845,-0.068621442645598,-0.06617089833636391,-0.04685721454097666,-0.04764372775504518,0.04809898450486429
630,0.03630038441062381,-0.5339953069991517,0.10116297956041809,0.0374128805665562,-0.014030399782138502,-0.01120058775571395,-0.01990924806868373
631,-0.06705225590390027,-0.406797726866563,0.09545639629995084,0.033463474831131435,-0.035641841570222786,-0.03590789583277006,0.0330115014860335
633,-0.008013822087830575,-0.47937195028672874,0.007345792632723339,0.041236390024171156,-0.009581375100620102,-0.007969459768009604,-0.0029061634334564854
635,-0.012459727306508085,-0.2587178042124094,-0.0006914476572545628,-0.014638236747596414,-0.030858652049011365,-0.01678757198312055,-0.019975265582346535
636,-0.020317503075247247,-0.3173723931671091,-0.02172289360172506,-0.016971892673921116,-0.02069835776918805,-0.020677410128162065,-0.024637009826883095
637,0.014371599628843629,-0.4315475146391547,-0.03276535363069148,-0.034761653489743416,-0.060778926300913305,-0.07273014525167422,-0.001443290671149502
638,-0.019373700598515963,-0.4070361139613168,0.04829068798979192,0.004629851888198944,-0.06184210840412702,-0.05617633364272313,-0.010437359344059371
639,-0.06671430418342761,-0.5254864884696548,-0.018889409482037958,-0.0410610610426691,-0.07083786444405107,-0.07290932726443732,0.0522562362769063
64,-0.010673286970321529,-0.7850554271585879,0.11489970146173427,0.036065717300040656,-0.0027945273252228398,-0.007247684268335199,-0.002827153246450963
640,-0.04307063155371224,-0.4754706026452578,0.05189349986732105,0.019818529249219362,-0.023418354196783047,-0.022012965627278697,-0.00029488400286637985
641,-0.023630024743965135,-0.5266786477727704,0.10099791108977617,0.006535592651250675,-0.01666971666439507,-0.013940994399032668,0.01959803492781919
642,-0.06545293997790998,-0.3596099057927527,0.01735063271742989,-0.028849309464170615,-0.05158573643668664,-0.0607907532514968,0.011092115209937903
643,-0.06788877649735867,-0.310032274911394,0.03351256074657982,0.039470558868534546,0.0017278162910999823,0.009088344068148024,0.023717747819884467
644,0.03642311320842719,-0.3548272114045139,0.0616799684858851,0.026546949178630028,-0.0053378940443641176,-0.006333199748741549,-0.02683549651722869
645,0.008558152416415981,-0.40839839508330084,0.06646188931526881,0.034241153325501796,-0.014371511715583608,-0.015265368393732964,-0.04445894608612208
646,0.0215374693521461,-0.4348952608179951,0.021987750101797224,-0.012531854359123703,0.006450437864819455,0.020883533865688617,0.006998922500831706
648,0.022953983511140336,-0.41587504945604115,0.0008385265324244556,0.05475698498272194,0.017544253319086954,0.016621304568228214,0.006980569272288125
649,-0.025105290281546316,-0.3848927686864969,-0.02845913424985719,-0.03322562266417598,-0.053142124720086836,-0.03771321473974568,0.014161569045192932
65,0.01310543728505253,-0.2930107926921495,0.03262563058258065,0.014915152591900778,-0.011907567256796005,-0.003865042066552767,0.017838084552608192
650,-0.0019236654181248995,-0.3874295186723684,0.031856258781317634,-0.012476264725342414,-0.052590672262851586,-0.046714370246205617,-0.04310634918437846
651,0.004703317399213779,-0.41720058774546187,-0.0007091334614985857,0.010858190806721317,0.0012815032094497868,0.022347861638327318,0.023548704653922198
653,-0.022869226051437045,-0.5314709055406118,0.0855688093318547,0.03526466312273209,-0.08587618442748227,-0.08588327234403781,0.02237083066253868
654,-0.04012840698366126,-0.3244422172690521,0.029492543530326133,-0.008858293804949851,-0.023741199466113482,-0.0038129653700944366,0.00034557450739472576
655,-0.06090811943836023,-0.39554312857475077,-0.00061664753046139,-0.010654826372236352,-0.02602709495128545,-0.029952464037074508,0.009862238538681083
657,-0.02220184168410758,-0.48698780520259577,-0.008708676862198051,-0.0008730193831409205,-0.02442979727551578,-0.011633592400437053,-0.0358499249749058
66,0.010902933039057887,-0.27223886076489495,0.02471922577798418,0.03376415235612241,-0.02517159234982429,0.004623593924463696,-0.025775985331570977
660,-0.08103461703718629,-0.42740858171425644,-0.006085984607289084,-0.010375961736546117,-0.05119532605826284,-0.04899265388488779,0.009519051062577772
661,-0.04024088427759224,-0.43627642477406703,-0.01056561480180927,0.004960212290590817,0.008161988537007092,0.004044035848803052,0.0408256363377667
662,0.01759360505749863,-0.40443192516090803,0.04713149128641866,0.002722330125099525,-0.024668170051681183,-0.014254119775601315,0.04355210334865459
663,-0.03139837968466036,-0.2850027607146095,-0.10622217791660908,-0.11579636965998062,-0.03260885511811973,0.010424568613732482,-0.03763341036311096
664,0.01585681380953488,-0.5236927315107086,-0.002623194267239336,0.009887891886658827,-0.010277415667475668,0.008185315400011304,0.004099030759125968
665,0.008297872386080927,-0.5442526901344863,0.14212018460717155,0.12637106722525057,-0.061282204110817175,-0.06067643961841283,-0.04456570376641645
666,0.030915001003370163,-0.5328220839524479,0.05169828323881849,0.028728096499493972,-0.048890843395324124,-0.015174541449830633,-0.029899170287683883
667,-0.0998699962652679,-0.331941043131255,-0.01519206926837647,-0.027388328496485644,-0.058581952145095,-0.050015687173179404,0.015804873676095517
668,0.03784835800650571,-0.44644906888946617,0.03811985341136397,0.027791003754740178,-0.021993152934067842,-0.016429079275527537,-0.018812660889088485
669,-0.06041680534333559,-0.29054452663276537,0.023896962329843407,0.020759215176649835,-0.05258373388169946,-0.048061178370340824,0.01139334843038467
67,-0.07973500494800075,-0.4333643093771839,-0.15216575688445694,-0.14990001959634489,-0.07687710789772835,-0.07287691270627883,0.022855212565901003
670,0.0007591060407370561,-0.4996063210270533,0.03065896083179258,-0.0026425370435195095,-0.02631626674080321,-0.03099646083306401,-0.021894905122094455
671,-0.038507727527343286,-0.33680606442442146,-0.03499539224191482,-0.020877134627960266,-0.026813000878430224,-0.03575309373148141,0.046998740452579346
672,-0.00040452266958095225,-0.37054042376250174,-0.011544401097770426,-0.009679179470649118,0.006632412436600966,0.03454890664189047,-0.024431907569584587
673,-0.01523103088849068,-0.3715885370042157,0.060011279347273065,0.038566212143568014,-0.015151859500348086,-0.025303390824409605,-0.007004594343085162
674,-0.034682654640700056,-0.3948455096440224,0.05720071199050739,0.03218627355156908,-0.031183405117481352,-0.027458673154011844,-0.0006711756208442626
675,0.021301524887577482,-0.3027652982424901,0.00707846390669957,-0.008591616092745048,-0.0004670457186539367,0.0008915636970727182,0.0151078885203158
676,-0.04499510922322376,-0.5971534736305611,0.01962943124668389,0.03979185752821826,-0.018739819372438685,-0.030140736320108854,0.015336301309613004
677,-0.05950308953265723,-0.5440447465473491,0.034848830652158345,-0.014665680883192452,-0.08073392806795616,-0.07755599154786075,0.011633053420385566
678,0.024894753405697388,-0.4859372353426088,0.054453764692608556,0.025315790930916723,-0.014227309201805009,0.002354405388656974,0.0062998494714008035
679,0.040508444005753146,-0.48317590421248885,0.054919001171136975,0.03291680898633231,-0.019566279718607662,-0.023426363397277654,0.023693638852656396
68,-0.015300222684080173,-0.48043264991160856,-0.07158011314363225,0.01284003896803876,-0.0379687193293801,-0.0620526996834054,0.0037057865137547852
680,-0.00028414910727936327,-0.4749103638381547,-0.15804063250970463,-0.15217576962150692,-0.01481239552354131,0.043424122225562,-0.007869403589007793
681,-0.007936543142129406,-0.5447197604921025,0.0847612403397131,0.07912576817110872,-0.0019507841792879158,0.004141674609223629,0.026676616247355234
682,-0.057519152791945694,-0.590560692225702,0.14687269578427464,0.09572543333552708,-0.06566971459006257,-0.05713664824565397,0.002850380318012918
683,0.017924835181980472,-0.1741479901387402,0.03665326859986427,0.022518660378545836,0.009180815568002555,0.009595524911196328,-0.03821337156726176
684,-0.04294244381831553,-0.35127747344844806,0.005678434347576335,0.0037852642715284278,-0.016586217836483237,-0.008289280049163565,-0.005651677862297228
685,0.041039964870547035,-0.37019892737772403,-0.04945480375335789,-0.04715642446492612,-0.0334294353298261,-0.013184623011745665,0.03594299978910256
686,-0.013566267642032294,-0.22628528857782518,-0.028191112478434376,-0.0439485785886833,-0.02161618807748618,-0.021166164616664537,-0.018659851059485203
687,0.016991079181108516,-0.5843514371006525,0.2104615616345686,0.11696116741992221,-0.033586298753096565,-0.03476305551920142,0.0028918054654711546
688,-0.011940266061852925,-0.268915073129046,-0.014527399649986072,-0.013609774419978717,0.012185493494010062,0.02241467328214307,-0.04212300975614703
689,-0.03850196510213051,-0.4217463792269567,0.018154741649820796,0.03318062114991719,0.033748676705255505,0.03130792374149294,-0.009682003244900088
69,-0.02490086021522624,-0.39391290804145423,-0.01383493628807849,-0.016457318512104274,-0.032213508285852885,-0.03191145146951825,0.0006654862111932624
690,0.023527735948630422,-0.24001791643619524,0.06500550500398529,0.0353408719964967,0.0024763140012587378,-0.0019995180267773213,0.039195771621611704
692,-0.050243695367510034,-0.18391231183927115,-0.0029555598870082207,-0.028136737736367927,-0.04773170361993997,-0.050033144475812114,-0.02815457650412805
694,-0.09916151438355,-0.396277237752138,-0.05306878737844504,-0.014058754468844595,-0.04970460419134526,-0.053394257546452085,-0.019749580217509163
695,0.014975653635070422,-0.5077324126766779,0.06431355827965682,0.02634073664188463,-0.0738775961082206,-0.07560541983556848,0.03486033478229595
696,0.002196430802001403,-0.5069070800533918,0.12807386930626008,0.041916471015980034,-0.04555681126502279,-0.048679607182986286,-0.015327595916585992
697,-0.028918295551405203,-0.39204855719899157,-0.004803040459319913,-0.011770220986461095,-0.04170480233337882,-0.04128212515371458,0.04103365758097903
698,0.015392060138304142,-0.38079356844946655,0.030890374980054595,0.021987066186873138,0.0077240651100256375,0.009045888809181786,-0.010083102746110777
699,0.043141716167249274,-0.458586460175927,0.07542595255488678,0.06838358623816686,-0.02371396408699817,-0.023766174766562995,0.013561533273499151
7,-0.0570338546303053,-0.3382669063381299,-0.04958421428740176,-0.0671074527493823,-0.07081629362993656,-0.0715274195381164,0.031551135032314645
70,-0.0528958448645781,-0.2566695629584715,-0.025762801133061303,-0.023938047064898278,-0.05892422882188798,-0.05970035367074528,0.04252439407191921
700,-0.0037493248403231926,-0.38810315516347477,0.08103918446645492,0.0627317028795679,-0.004760194560032908,-0.007628133149407799,0.004792944436985269
701,-0.03336876363966448,-0.2675495453324265,-0.027144233676653612,-0.0590325063095298,-0.022720860187277085,-0.003990693442637555,-0.04030808695663526
704,-0.051168693129759156,-0.43060508682981286,0.000735448429012356,0.018732639148027565,-0.02741512015395831,-0.010693145495918831,-0.010852798935794923
705,-0.028721329042540544,-0.3205479751927691,-0.017313121052142322,-0.02393760520957397,-0.04352936806472685,-0.029408370714905006,-0.006325832232213074
706,0.002754704585161728,-0.3974925368904925,0.07821394053804838,0.0445873305868058,0.00849011256251559,0.01670960879939074,-0.031984517828989624
707,0.007072781995891698,-0.27520278410877946,0.02338243070956987,0.001112704710640561,-0.013505610059693909,-0.014384660704148317,0.014730129551272052
708,0.0250197134954005,-0.564373801238496,0.102555144159778,0.044005300999625005,-0.0003811040265014665,-0.004277516149993461,0.0032863906070358675
709,-0.03410521017568322,-0.37647445920479256,0.016736117627664897,0.0013519539315646977,-0.017179870891164014,-0.0055796973383043695,-0.009189041832497158
710,-0.020652312301136167,-0.48469635438115505,0.034473427441053334,0.009912330223336692,-0.04327812937590496,-0.03705548858664759,0.02535943109280502
711,-0.04600919142970628,-0.43335232466220003,-0.01116302335803364,0.014969593375564952,0.004411581062895313,0.015135085413601234,0.014080872573734625
712,0.008038301733505046,-0.42149886742240467,0.013057667994123378,0.017759344835114606,-0.013089373651341142,-0.01672577838066245,0.017056849650989407
713,-0.061945531959613796,-0.27501718162850886,-0.09223010425643818,-0.0987251793469583,-0.0922492163528344,-0.09101585328440402,0.027258803369290895
714,-0.04923896947300909,-0.47726426005592515,-0.026926198802297876,-0.015250298095708555,-0.06399873721880506,-0.060319664665351484,0.028808441436799996
716,-0.022443729370228926,-0.2981395674244963,-0.06896414745177278,-0.07030009577868482,-0.07263150249936252,-0.07163199366773045,0.013364114568008699
718,0.05245530068032825,-0.3563182552306581,0.10415022552511938,0.0944417797654654,-0.007355046159477635,-0.014128055152127568,-0.023002952664833893
719,-0.05068678200919022,-0.514164697135565,0.1004068153022462,0.04321435109418949,-0.053923959956800785,-0.05527276300648456,0.022158521433759286
72,-0.06748752399422972,-0.4161834643326796,-0.0056139403363854,0.013751907235462664,-0.019387807185158014,-0.020457120113395014,0.028624352567387847
721,-0.06195916469075291,-0.4138208934480034,0.07555118637004399,0.04313544558555523,-0.006616593875168244,-0.009823062983530504,-0.00639235559056312
723,-0.027141900961370407,-0.30102690054628023,-0.02776975823448883,-0.0454919648142406,-0.033145497394631074,-0.01964931894984845,0.006358424664022924
724,0.04851584865162307,-0.43233797812265934,0.1472649418503874,0.09399592460500712,0.01577622133685951,0.02037921192788742,-0.0333931963739155
725,0.08635259540935011,-0.6085900324820025,0.20730538759945727,0.0845541683892499,-0.03644779607880147,-0.03744997393404488,-0.05391204384534094
726,-0.051758884366259084,-0.4568101360826386,-0.009359279266273644,0.008372173466842053,-0.02622487858562969,-0.02092382047592417,-0.013786026770146982
727,-0.0051858714400350205,-0.3666629569837296,0.048977069982814384,0.04850540274857416,-0.03889080823700674,-0.033202639354577436,0.02302216243117113
728,-0.05971563004388055,-0.35494440217328854,0.044201538558349074,0.007234530103653004,-0.03729824406968015,-0.033809385029088396,0.0005623693116872093
73,-0.09725411830526465,-0.3844332846627561,-0.0761425809562618,-0.055458524362148036,-0.06762391154155017,-0.07572066915865325,0.05807447022448482
730,-0.03745394288212026,-0.4265323583529338,-0.008156370371300336,-0.029677472818377296,-0.007088181583817282,-0.00849140156040723,0.037706684571163884
732,-0.06766134408177725,-0.35769046096963175,-0.07600877364895975,-0.04461764924250208,-0.08809855155485416,-0.0880627335532695,0.009390411465354517
733,0.037614132708698206,-0.41468704626451214,0.06359020627929111,0.05777279053190661,-0.0029043094185574768,0.002308081421080194,0.0012420855974831489
734,-0.030549361271453947,-0.5546952754462386,0.07852690411571416,0.020684317011670304,-0.05779069246526387,-0.03607000154547054,-0.01340275387111743
735,0.03612222900903329,-0.6001078906144688,0.08575146864522759,0.041728316832822875,-0.01682104800446407,0.006093760824524734,0.02044229236355952
736,-0.0014917623589878822,-0.3199441055103342,0.0012801361359921464,-0.016741823912203007,-0.06855272033137458,-0.0667792115774175,0.013560533428700929
737,-0.007213053080938219,-0.3631107763678161,0.0584925147886476,-0.011029971147483459,-0.029992864110787373,-0.04454857828752437,-0.04506825452356882
738,-0.012154578708993596,-0.6163580338648051,0.025137557953758254,-0.06937844994333962,0.014731163843705822,-0.017500451776846077,0.0166675358515707
739,-0.0398438411288432,-0.3438160605297956,0.04119911902485987,0.01027758205731103,-0.01863068848819334,-0.018349507087679587,0.013256821645303387
740,-0.03189019296586171,-0.3651504967236225,-0.027279474210524315,-0.03594963288242475,-0.024922284116639777,-0.023518614659170475,0.016377861674917157
741,0.0013333616079642758,-0.3988761154401488,0.06726429282920869,0.013546445121722775,-0.01837892375783043,-0.018926153233556238,-0.0024836853906024595
745,0.03257140163795529,-0.3768985064112413,0.00907887151260165,-0.0021996440547585373,-0.005196886119187698,0.012746885718941382,-0.07793479436425532
746,-0.04821750608103249,-0.39125462403425215,-0.03236966772108164,-0.031010484178138776,-0.022860635620303042,-0.017503514657872865,-0.02936783144043865
747,-0.05963995121815791,-0.4232539431566374,0.021075547160033813,-0.010286743867031904,-0.03253203316373577,-0.032464821880440656,0.004809383177629358
748,-0.00579095788115599,-0.30188558415556244,0.07568862894848993,0.05888844011171224,-0.030058959128658202,-0.029523170690881662,0.0032745693480349886
749,-0.02190027634249607,-0.42088591124870023,0.000594370888804288,0.02517982150855397,-0.03608347699051041,-0.031860418666319716,0.015263785988621891
75,-0.059464857379279104,-0.5091884328837138,0.1412410130881143,0.06607396935648094,-0.04327113125762849,-0.030770630043483606,0.013346760213032839
750,-0.02471219432510065,-0.39249155578509204,-0.028903965813296864,-0.06103005891680178,-0.0678799667610936,-0.06476972636176424,0.03609052374352156
752,-0.11486364957504108,-0.5129089689874251,0.07377163366080218,-0.007575385813877474,-0.08787408307166117,-0.09008945086669044,0.06373839385443039
754,-0.0715128712586492,-0.38139347861083484,-0.030950645981774865,-0.047580908997985207,-0.048208644010515854,-0.02066405694338958,0.01923965705458253
755,0.0341875610545405,-0.5749920634491652,0.06167958316904322,0.01668258710323532,-0.02220172364860048,-0.028524831145707037,0.023303719210297787
756,-0.05127250843726421,-0.3672926857432397,0.0015509987753082608,0.012333123564993028,-0.043959626419883324,-0.053443134640720154,0.029785507145049045
757,-0.030876671552960113,-0.2580669730172382,-0.09226726746509642,-0.08497226445235129,-0.10781521212846303,-0.10749334677124303,0.05544208737065636
758,-0.1195483215523329,-0.3820004184580868,-0.1530998463343059,-0.15167346970758094,0.005206379107504121,-0.017631404841034634,-0.00801191542515147
759,0.005087251634379956,-0.41644167076747485,0.045578450941756256,0.041646711113913965,-0.009626902432899763,-0.00996015864480772,0.016599873969632174
76,-0.00207842942763458,-0.3303198488511088,0.002074885427636177,0.004947360712055698,-0.012194650851646137,-0.01227040385161199,0.01502599786295124
760,0.01587565683525939,-0.4943499556166841,0.1496164528881801,0.06264745811989883,-0.04524334372311037,-0.04784030399534071,0.0037189330001014625
761,-0.04839742877632035,-0.410908317031642,-0.04485847034707303,-0.047680663282683694,-0.07766343345593209,-0.05243754082945154,0.015215772777489252
762,0.031357404914705934,-0.41066755954366324,0.11357783262849346,0.011371073141298102,-0.04663690473751243,-0.04518197947305093,0.01967571103976185
763,-0.0049821537615979275,-0.5163198257671279,0.05669392775468465,0.04089797393976119,-0.01945270177614101,-0.022204644946830047,0.011184725032970771
764,0.010954848920435167,-0.42849878420765725,0.0132408086137078,0.03534529588860429,-0.007405162713819939,-0.0032664884427207855,-0.0074556895943306625
765,-0.054521562357802734,-0.49526476901379224,0.056262790401558536,0.016953083276640215,-0.03360334703633009,-0.03477969169277164,-0.013847265247143744
766,-0.0218120677144412,-0.34031820030248283,-0.06668543491616898,-0.05539653113869941,-0.021223840291513252,-0.024270598876714247,-0.0040661568895222384
767,-0.1447533807784085,-0.3829687227192037,-0.056317297398592085,-0.057922173488602784,-0.06277749481931852,-0.04702136955311707,-0.014840768554739415
768,-0.08431569586043576,-0.36770614849378985,-0.07900114905165588,-0.0776566587045756,-0.07834175134283318,-0.09185709436156957,-0.02436233346219666
769,-0.05544595272986802,-0.22941355302454558,-0.02494179332136563,-0.02356297306536453,-0.025988296821307526,-0.021096703024681425,-0.011717566363673187
77,-0.08652802082312173,-0.15667346480342248,-0.09354388155334427,-0.09552280980614786,-0.054077331304034956,-0.04414845274597265,0.006144750329831555
770,-0.12258949378432223,-0.38927964137837234,-0.014186291802234643,-0.031819844728213045,-0.058184421352908404,-0.052837435891213445,-0.027871426883465607
771,-0.03260068988939209,-0.3698025560433414,-0.004192203464197042,-0.021336868299562058,-0.015704925862032242,-0.015453683500531978,-0.03176137156600839
773,0.01768491602664094,-0.19679846852984087,-0.016130155711346576,-0.017796869907772364,-0.03597693978742195,-0.027108281148443807,0.029196385665887017
774,0.0035165499490523245,-0.3168918750525401,0.07604260010319214,0.038820015405362195,0.014095311880733081,0.0070147466274266095,-0.004193838050244132
775,0.031132511800114664,-0.34236681445929845,0.009813942525581036,0.016490040949975155,-0.014936180956097486,-0.0025523857538011694,-0.005888189760311079
776,0.0038413991420478415,-0.43366497180378605,0.03275280229293516,0.018130057223604695,-0.05066262410880124,-0.022462492724458268,-0.012029856737441613
777,-0.011598841762437235,-0.43588168377665404,0.06743720613979602,0.1013936071097047,-0.02192246657604805,0.01603286285849804,-0.0420086610837089
778,-0.04556729443125689,-0.3319860841423581,0.011609868167415828,0.014281459845877954,-0.014242097281352575,-0.017152458985464636,0.00782079869803357
779,-0.05055424852205677,-0.4879436501671588,-0.027431475325661196,-0.04306461771235949,-0.0916550088892554,-0.0918676530412241,-0.014739426668588147
78,-0.05251295506621443,-0.4217969780473638,0.05646369622606929,0.026542434313519603,-0.04569922867031307,-0.04173424821078072,0.014038484598966247
780,-0.026380433092101422,-0.37671304527252536,0.03333030319208581,-0.013864933259804226,-0.04603584891768149,-0.021670864231799477,-0.04237865320130375
781,-0.0028461568384553024,-0.4660750167211202,0.072580796619121,0.03506452314365996,-0.019552424103225347,-0.004098169662771794,-0.02218455707156185
782,0.0620020002271078,-0.5594206284972582,0.144254463383271,0.04469703386390233,0.012791538092251926,-0.0021428927360164765,-0.038224545504004476
783,-0.01588514638625398,-0.45047310562018045,0.0009584096543219641,-0.008027187146364474,-0.08529409247117435,-0.08442092963436239,-0.028929504574040858
784,-0.013120236808884378,-0.40069569133235966,-0.020551833292677235,0.004698026594575128,-0.027319371137595208,-0.023104152448859827,0.03164045899457
785,-0.0029690081727651732,-0.3756474399333504,0.06802296814324356,0.0438107488960888,-0.007720471799892181,-0.005779990736812381,-0.05571496401025594
787,-0.0711156953270033,-0.44851265352476644,-0.012714616453302272,-0.02666159047244358,-0.028287330394840694,-0.02691182114133525,-0.025560915975173158
788,0.06880593837555606,-0.4696252818564295,0.07274063548571331,0.04305320846058514,0.006736461681535676,0.021291119816439594,-0.0255110767846704
789,-0.018660675700809256,-0.4802500466321594,0.0649168899087292,0.023464726044524046,-0.026345004522236436,-0.021179337215486652,0.0003259260280967781
79,1.2720315449869307e-05,-0.22913002963607199,-0.0006752525664184354,0.02056906650819613,-0.002107268974376857,-0.010814229972085159,-0.01085973090189856
790,-0.05482552390848451,-0.5278298490826294,0.04751792641459346,0.022147583217780372,-0.014361102981737477,0.012743204567159452,0.028548807919658314
791,-0.03130512346607316,-0.31791697435445043,0.01567148398375091,0.00853349207632642,-0.017823557755628782,-0.01827047726915585,-0.011103451421005628
793,0.035703953344525856,-0.37806664481767754,0.053185642138719534,0.06749871471702334,0.02142391619133778,0.026616806560008924,-0.02834727060811707
794,0.014230480463409415,-0.31924137503629324,-0.025194563081737988,-0.039302270425074226,-0.03911709818314943,-0.03382620955913,0.025003017312137995
795,0.0272261947400808,-0.3197394340368492,0.04009205341692477,0.009336512525595017,-0.016696315283500802,-0.02213307402953616,-0.060928149634889635
796,-0.006779797281041565,-0.410265133057809,0.03277591833324512,-0.07701028262848134,-0.09540060141399827,-0.0890777901888365,0.0418575078888004
797,-0.03106157559691165,-0.4319633475607806,0.0685915360820571,0.035761229849027354,0.010498341573747192,0.00541004502749948,-0.042876174188375804
798,-0.005678022386594865,-0.3978142522309468,0.024535002932682317,0.002518601178548209,-0.06400245418655413,-0.06184590430059537,0.03087912541151277
8,-0.09727953949084779,-0.3101027935061919,-0.007630935449060496,-0.014773574057563448,-0.0658647635428367,-0.06461548050376899,9.666725191041569e-05
80,-0.01611114062310493,-0.3505061918868024,-0.056178570617002474,-0.012976207387264422,-0.03368251197241016,-0.025057189679060808,-0.0026108178520481487
801,-0.07517551405507109,-0.3627189252094949,-0.06028519519691355,-0.05869243248798065,-0.04242749511421872,-0.04626441542095314,0.025211602985542432
802,-0.08406795815362084,-0.5075245529890887,0.08874911307867338,0.03610455203344886,-0.05149555201685784,-0.08400264766027017,0.0184866706747092
803,-0.029381010133603443,-0.31356961918367077,0.014841376829760968,-0.024206247891399395,-0.03428662069465578,-0.031298233312651386,0.015063692475678578
804,-0.049885629936819276,-0.5502195082631657,0.02254643225387619,0.0387539191444037,-0.04288820380168761,-0.031243884239311223,-0.013500137155610017
805,-0.06075289741031108,-0.3700231266670561,-0.04850213527929758,-0.05490933146532239,-0.04149694424176253,-0.03373560520064568,0.015069967097028252
81,-0.04953705492823508,-0.5390124814060202,0.06707395836389052,0.012493777220763384,-0.09199044453161476,-0.10397377055336547,-0.02506879120376605
811,-0.08655496011981868,-0.4202097084541835,0.05494130017094468,0.0012240567130711365,-0.08381238201133123,-0.08820625325466332,0.0677960279538634
812,0.018889521186922425,-0.3368967747403261,0.03812027896671501,0.04079055656307324,0.0038429619557580987,-0.0024611182975014284,0.013552254550839105
813,-0.0038813537581888343,-0.3763195553057758,-0.06419973024012744,-0.056904772367101696,-0.04161826342332667,-0.04318042445654261,0.019147219309100967
814,-0.06271256907722887,-0.3645846071217541,0.03969478709706889,0.0394770823660566,-0.05283320432740181,-0.050035825106411864,-0.042698737946130105
815,-0.03249881815236975,-0.5544944051025105,0.09760416597582647,0.054139720336565875,-0.05025830854692762,-0.049946375482440464,0.008227490596355332
816,-0.00529623584667265,-0.24191980661487741,-0.06775465804340873,-0.04721357350918437,-0.01397105362342348,-0.013337889890484145,0.048905092442422235
818,-0.06496162054695513,-0.3847021437448855,-0.035744055054160166,-0.02475583992370642,-0.03310280262646133,-0.023841141564154705,0.03885947807354282
819,0.0002564975762106943,-0.33256420123392966,0.005131596956481707,-0.003639189889568163,-0.02610396021284445,-0.004718213742119936,-0.0036280694505098927
82,0.03297992600959584,-0.47495418387075394,0.005482172495691563,0.0032652803094648476,-0.033674674579975424,-0.024494412021418933,0.04313377055812791
820,-0.023993361682795925,-0.6053460271437126,0.012274064769230795,0.017510058214188436,-0.022560812609005377,-0.04692446253313142,0.04762898091785347
822,0.004236279745443652,-0.22206468435113863,0.044300478227169815,0.05872030895124057,0.007933871832075307,0.009955722551497972,-0.0114753493604046
823,-0.04944424535565456,-0.4427489446431101,-0.07353665397598089,-0.07548221442718957,-0.023352927311658552,-0.032332768113945455,0.004510687272122551
824,0.01285049682073203,-0.6112531428474021,0.14127876302394152,0.09916923619613596,-0.0028027874241420107,-0.0031278849448658527,-0.022041947400871533
825,-0.008967708592558275,-0.3420852092873414,-0.040422625373385854,-0.03578634857267719,-0.06800809262615269,-0.06933524742805908,0.036205738312845966
827,-0.023299523791065452,-0.5332824420421786,0.0409943528773536,0.012541866623360612,-0.03455346622643434,-0.031670936084689606,0.06425721912226857
828,-0.049649322133159694,-0.6194345415862312,0.1120866380980288,0.11069081099055911,-0.015752860723160563,-0.044591410722061055,-0.0018913152321857367
829,-0.0006520933582634248,-0.3573777904899832,-0.015101239250987643,-0.025080533251811074,-0.016579714118587614,-0.004048940311367977,-0.03528317768891094
83,-0.0737601743387731,-0.3678930430642619,-0.15149694817352194,-0.15195386854338866,-0.026777748662131954,-0.026483408407249668,0.07298580151245923
830,-0.11567931974596767,-0.6179146896869511,-0.011314325530373709,-0.037981226032733545,-0.062312231076013344,-0.07193103735359867,0.02120062784610767
831,-0.016937510655552525,-0.3521662824443187,-0.0530494506262816,-0.046882450804357656,0.003196023007686115,-0.002442029658770799,-0.002561806465646599
832,-0.020388297278970378,-0.2631343357277577,0.005627620395326168,0.0003395317681693701,-0.028021148629458988,-0.020356717343776247,0.0020987766507758235
833,-0.03898199223862315,-0.3240141933039153,-0.07145746137479968,-0.035613963297611705,-0.057015882338537535,-0.05574309394955553,0.03998453566998483
834,-0.04684864317209652,-0.2844561273284429,-0.08625217914781043,-0.05308419336355363,-0.021822527134540422,-0.03341093505134775,0.015655158261805663
835,0.0415557957958886,-0.5051156946138984,0.12105890552703041,0.06695813100001646,-0.011620692483127644,-0.00652664435166049,0.022178607034625604
836,0.06488528363850925,-0.5458360239402082,0.1458098465876331,0.11500801566273025,0.003918340206109098,0.00643249511797369,0.002259639878141408
837,-0.09390377559397395,-0.31368839911889407,0.06666571150345935,0.010819940197649359,-0.09220814449508045,-0.08768506926506082,0.04649621268852753
838,-0.012120917235987643,-0.5394415076557112,0.10009578606594202,0.09728522021986495,-0.006737928330052882,-0.0071299810966297976,0.015734743546701187
839,-0.05044016607934314,-0.35610368425104655,0.008218271930410503,0.0016744744879618933,-0.04535326712842372,-0.04501551172034886,0.015313692641912189
84,-0.00499407403579753,-0.3177442899034532,0.03294688963513943,-0.014686167282531214,-0.047783679081665954,-0.03982101939606668,-0.006267534698304959
840,0.0029529316124490006,-0.2925684394780252,0.010477717760151498,0.018557396843515223,-0.023511626278091845,-0.012904994636788208,-0.03146825558921022
842,-0.06952665071525177,-0.4091099842571125,0.014225780258113746,-0.002071888837400344,-0.025131057892153492,-0.02459205922914794,-0.04129023105496036
843,0.05432897194984461,-0.5724509840863959,0.07615016151454147,0.12815943635705634,-0.008208616604008028,0.01683270795864681,-0.0056231408582455185
844,0.030302205830722972,-0.29555508860936647,0.018209080432635135,-0.010085145997097051,-0.02975029469718455,-0.020366856147475878,0.01732561207596565
845,-0.04959967098964049,-0.4576131492182353,-0.0024691871446615807,-0.018894467854639024,-0.03788854615000126,-0.03613049148463235,-0.011315706589900833
846,-0.029314716107995978,-0.2870514124070723,0.006011577724642629,-0.011109046294061146,-0.025060665754561375,-0.019918453681075875,0.019844918382043594
847,-0.043059839340783425,-0.35370175480235105,-0.031001355365286122,-0.026333416296882576,-0.04869997038273381,-0.045618915426860356,-0.04732020784492208
848,-0.02735829376209506,-0.4723500568460149,0.07510205974487709,0.021147748817766845,-0.04367721494097536,-0.044396647100012634,0.019731770113901127
849,-0.01820786149664444,-0.5766340484184017,0.14231450960094622,0.1301803019821991,-0.014609627235238946,-0.020149656206929975,-0.04690947532907778
85,-0.09792777340843357,-0.2592580073272358,-0.08832283580273263,-0.08183406840057195,-0.08577653852384624,-0.08181103300417283,0.081639965874188
850,-0.06600514916820797,-0.4212860284855909,0.05921600073758524,0.046867394152679334,-0.021778257155922395,-0.02338765725975601,-0.026675502690148917
851,0.011592249538430664,-0.37665713567057396,0.019858287770263452,0.019722917969570646,-0.030774194597144755,-0.02845911153069137,0.02912927612631934
852,-0.004186734788114736,-0.46792092923887607,-0.014741979335701313,-0.034723167631365605,-0.011782065802799741,-0.009425880464199905,-0.007498056219390998
853,-0.028811021466171104,-0.35182385293646057,0.11053611266108596,0.08009117286807184,-0.013749835978059717,-0.013686486677371443,-0.00048440030611696545
854,-0.1099742266547345,-0.38424680004273465,-0.04547503349791742,-0.1161007753800904,-0.11707969668335472,-0.11382529597364688,0.03778655157835189
855,-0.023366175429140792,-0.3703197065235739,0.06046145030467616,0.02601048579729858,-0.032451910421857556,-0.04675696881571058,0.031288569902074174
856,-0.08185817396226923,-0.26952421979761954,-0.11562165359389666,-0.0704821307399573,-0.03976343460342812,-0.02259121515171274,0.02019893079317567
857,0.009103320408907482,-0.3511060764877673,0.023928966610850574,0.007827916386489359,-0.002811736481517133,-0.0007394976431278602,-0.0028760416730093386
858,-0.03657836143604787,-0.25380614032522253,-0.011139613483075027,-0.0354399846005753,-0.05705110815044316,-0.0576273212417806,0.06980819812340414
859,-0.033475865945505376,-0.4974453089184028,0.03169403974404987,-0.029064556638232965,-0.0675127017879989,-0.06615957708498629,0.06127996935672661
86,-0.005358934875160754,-0.3549003493138617,-0.038306837771753394,-0.03597395221213352,-0.02459544734375673,-0.03386699512951886,0.0016235337147691381
860,0.011283057987520495,-0.34117354404926425,-0.022176780954881216,-0.026061081268981767,-0.059198225271884994,-0.04762936804004694,-0.014160655121198141
861,-0.028609399645661133,-0.6062558427167953,0.13724016463442384,0.0933150570675957,-0.02553008243813363,-0.024664091713734636,-0.03528284680712281
862,-0.021391533916516034,-0.4200675185722302,0.0809915747377551,0.027310541366337378,-0.04772057363052171,-0.04808567022168178,-0.011838903991097924
864,-0.02240623232207982,-0.21851892550312577,0.06860650827949681,0.02793918775480138,-0.013180378638129592,-0.003248056912321922,4.841455497161495e-06
865,-0.04369084646127107,-0.3566834309278028,0.026725265667813997,0.013138156601054524,-0.014334266215069672,-0.013778043601441147,0.008793298349678512
866,-0.031284110367073285,-0.2451988004593276,-0.030752634449490706,-0.03431076382722893,-0.01792955968210551,0.007167077422042168,-0.017017808278773548
867,0.024394172422328306,-0.31176125616780065,-0.11340705891073807,-0.11341914654374877,-0.04036092305285274,-0.024568841883634503,-0.040397072020186386
869,-0.06307019719453923,-0.45572527822130987,-0.05184582290463285,-0.04519500047790597,-0.025281769968058004,0.000700186495097734,0.0202401322528798
87,0.008186505466245338,-0.3826659551883318,0.011009213614197478,0.009186854045818,-0.05127022207543963,-0.04805109566327271,0.04037386596294242
870,-0.02919486269630839,-0.3693540132148153,0.026546336193071975,0.03901314346664531,-0.008412061919634105,-0.0025548629614254243,0.03592392522741246
872,-0.12283226362882091,-0.43265325195060605,-0.037527088023524,-0.06949694198599757,-0.08947430357725836,-0.08928950966004583,0.03685369823769113
873,-0.08814375214461914,-0.38768916619574956,0.1042516086408763,-0.008906709778699626,-0.03521497253216723,-0.03362775466302275,0.024295130310214966
875,-0.07029724269884313,-0.32637286349161465,0.033181816382909964,0.01294888420637655,-0.048351120463316036,-0.049703522353186945,0.014999954000198183
877,-0.035069712045006605,-0.3858963774051536,-0.0380826595897293,-0.005256156573902917,-0.040286188766139215,-0.045853265781286914,0.01724825244625852
879,-0.02415387255220665,-0.3788980465764312,-0.0358021182509299,-0.05813883384433952,-0.024316007961012038,-0.010920471615482829,-0.0013978834876851645
88,0.009228855152363711,-0.26590647213850477,-0.07707025284976454,-0.0564768774612976,-0.046825028104420456,-0.03731101258617739,0.009185905637512858
880,0.001928865385462462,-0.3900008356172412,-0.06254652470271713,-0.05757706525872488,-0.028555422105810118,-0.032460933098068565,0.031734837830257885
881,-0.02979538972466415,-0.36488639984804677,-0.021211651448439114,-0.005769997501239284,-0.017455103105963418,-0.021958531225020957,0.008316688025553236
882,-0.019495183827828458,-0.5227367429609988,0.10358092424596174,0.10491418303750866,-0.02479157605290892,-0.01842171652720574,-0.015703067269535118
883,-0.03384833230888144,-0.32847593667848834,0.027218425363889114,-0.02271902201087829,-0.026457608070474536,-0.02825162309573792,-0.019405483683787392
884,-0.022853395042136244,-0.5859696227480851,0.11104126948930282,0.05595651099106592,-0.053055394637071894,-0.06373425192527175,-0.005926655378819513
885,-0.026653823888374256,-0.3036060147819937,-0.024762944056156463,-0.03403324222548154,-0.02976563061406369,-0.017415738646105842,0.024454951492098413
887,-0.07932966543800513,-0.3256552266610308,-0.026066123288897434,-0.024722504119366065,-0.01109961954335348,0.005112220645035289,0.013290101648491932
888,-0.012081669448216712,-0.32760682239916783,-0.07673158377080568,-0.06497437294079852,-0.04441172099585133,-0.0381129078131646,0.02062849680502699
889,-0.12095365953141618,-0.35762390560989993,-0.09871348748587191,-0.08930022361451052,-0.08805644172231099,-0.1044821090435978,0.03248297280047409
89,-0.027297394334937844,-0.35756834929932435,0.028959585150973393,-0.0034113990458174903,-0.009146511108318527,-0.0158911517410613,0.023228360662223856
890,0.0005928598957530585,-0.2219820474382193,-0.0017573157114934808,0.00018821149978326174,-0.024179861728207706,-0.01977283946512533,-0.013589262585152268
891,0.03953053431156999,-0.3556446948373607,-0.03629945518347359,0.011215368283477816,0.006765926271996277,0.018214246652593392,-0.04464726102748774
892,-0.13277709522765693,-0.6164651527921552,0.09621420961485905,-0.042888717509749305,-0.09419905155268442,-0.09970912478430606,0.006493247835234484
893,0.04677082879936371,-0.48584068138616415,0.04895334849687754,0.012944874556889002,-0.030582362653511684,-0.020463321391689958,-0.007303951658893945
894,-0.012650735843183741,-0.2742161429120898,0.027811608136330414,-0.001033317566432905,-0.04275269160609263,-0.04169602187270641,-0.05505079382530013
895,-0.04630138048172484,-0.2656410759528851,-0.04978277912021162,-0.01616874910014994,-0.050304061783410174,-0.05172747924858704,0.010565683747453805
896,-0.011241295642093136,-0.4010059522639999,0.12259820515386824,0.03163944891783692,-0.03293193085141985,-0.0289258254134496,-0.0031785794057016
897,-0.09450719751958624,-0.32979328660430546,0.006987341658338082,0.009110060740884735,-0.06423740819585601,-0.05815757925720426,0.03756934822350629
898,-0.055011070973804116,-0.39356276204567897,0.04144013983530967,0.024751358812610615,-0.07885952790077459,-0.06535580653325862,0.08075117934399971
9,-0.04058455772960949,-0.4140240394700327,0.03393979848592471,0.015848242517738358,-0.029384317911081332,-0.030344978545751848,0.033989181457951524
90,-0.05280460865453319,-0.2299910383195569,-0.06584821285731651,-0.05811953452078141,-0.06146180423613395,-0.054023667248569426,0.051815047613403366
900,-0.056438998842105285,-0.5386183627695774,0.09246411389743835,0.0005902768595063399,-0.08011019577157417,-0.07908412536059785,0.034479504963197787
901,0.02257602012880549,-0.39873161841841953,-0.07930971591407358,-0.08459527096699203,-0.06978655305522571,-0.09250901620169728,0.015380841584390145
903,0.03059551086010718,-0.3935960513813883,0.08998605583299853,0.09591598453953322,0.00019276809041637405,0.0017502912267385613,-0.08492075945439712
904,-0.05630211794054705,-0.21372442234740194,-0.006272231062356537,-0.010471797009959377,-0.0176043318667027,-0.03212558149483389,0.03698297910134126
905,0.005870074599548957,-0.42032341507828497,0.09822437501126136,0.03301500067023124,-0.04059271607533925,-0.024631024142830603,-0.02924670107828887
906,-0.052985941277500656,-0.25322722701123024,0.016886810514125893,0.047030279582534716,-0.008405465261248267,0.005971040208698992,0.10044692480714759
907,-0.06648252935257257,-0.49086580143294284,0.07232987213766906,0.017537218540240165,-0.06277302278282078,-0.05511756926141882,0.022948374836730904
908,-0.0419893824220053,-0.41546045281134647,-0.057078501934799866,-0.06411712930008595,-0.07048031524810641,-0.0627613102310802,-0.030834360014822624
909,-0.027846593879736238,-0.34332487777067594,0.015718601990163245,0.025863518451401574,-0.034552091151451546,-0.03592806134334088,0.018787652106794405
91,-0.07373548017722165,-0.3948684629685561,-0.00706641889760771,-0.04432908991162173,-0.044542360838407846,-0.04357289575608246,0.021104762154185858
910,-0.04319132516124893,-0.4790367451407024,-0.08302841254840891,-0.08973505279356518,-0.04788381526965015,-0.0013136972456092974,-0.009067269712774599
911,0.05254237866856816,-0.37379178780908545,0.051462099662594685,0.05813059171985519,-0.010364033507396475,0.002444075876432076,-0.020632612135254705
912,-0.030614669284333686,-0.4767842291927677,0.03464829617434118,0.004752043703716411,-0.021194182001188167,-6.644975813903809e-06,-0.0232918241352464
913,0.009787994548266003,-0.4430896947970294,0.012187323661565127,0.014660316665558212,-0.04884491847687784,-0.03186760665145079,-0.03393094285863328
914,-0.017108401977028478,-0.4377981691195381,0.01696119944758893,0.00985320318940678,-0.008615018542594804,-0.015362666046422373,-0.031265297746821526
915,-0.010622521256778915,-0.5478838258189206,-0.006877014565916816,-0.016155092322076067,-0.012723103476349995,0.003945299956323232,-0.010096648789335139
916,-0.05372588099767418,-0.3499940402863759,-0.13205143232673136,-0.13255094275459578,-0.12784707716707439,-0.11481961991290306,0.02872661157919778
917,-0.019382971212007435,-0.4237450950878795,-0.05837635669897333,-0.04713653060891528,-0.027672745598524857,-0.03044427285003853,0.019590504363646358
918,0.005437439432803551,-0.2834988738391569,0.01357040439268961,0.03507942352589424,-0.013166135684991089,0.02070769628147034,-0.024105153839930085
919,0.003771923270284633,-0.5225810405007387,0.06942586706900593,0.03608274124540714,-0.04425678160372572,-0.04650365861772165,0.027792764482867095
92,-0.021179447281777026,-0.48192440978396417,0.07269979600971312,0.04861875116057278,-0.04716864850716901,-0.03493314632022052,-0.05920025621367646
920,-0.06376598528752772,-0.4523643723798809,0.07122674169264992,0.03162893417799155,-0.04211719162784697,-0.045117353462911805,0.02114783382878488
921,-0.06558564751921825,-0.240234614782903,-0.08520546145660067,-0.07024042108437038,-0.07040616350095616,-0.049057034070781505,0.03645260630438218
922,-0.016612979465913995,-0.39635152342043756,0.07398682941366835,0.03844930021361245,-0.06205198568114089,-0.06103846660306854,0.088111504002292
93,0.017927270270402734,-0.3374690508473493,0.020216259213154005,0.02620243676562093,-0.029763501095108266,-0.028227973649520295,0.045370755382131915
95,0.028461595770115693,-0.5133213557879531,0.10757503920657453,0.052541047607040155,-0.011343047051144693,0.00806188165769305,-0.045958458807709046
96,-0.03749080278683239,-0.28979423984227526,-0.0659194027511549,-0.07313719282551033,-0.0704360116246893,-0.07966358126407153,0.003728086079832425
97,-0.06823332618586415,-0.387895050915746,-0.026862748863657047,-0.0433822996652671,-0.0616399978094952,-0.06137047295941838,0.020617488081934598
98,-0.0204960501972801,-0.4176694636478891,0.015248263419910871,0.0290955348488591,-0.0287871988963827,-0.004905149083053296,-0.021287910336001584
99,-0.04601902549102999,-0.27077437551484074,0.01083713389255658,-0.025136386655614275,-0.03711929096421309,-0.03840460425611134,0.010547939663159265
